451488975/Jet_tagging/tf-keras/keras_train.ipynb,Wed Oct 14 22:06:55 2020 -0700
451488975/Jet_tagging/tf-keras/convert_dataset.ipynb,Wed Oct 14 22:06:55 2020 -0700
abijitj/cse145-particle-transformer/test/load_data_keras_test2.py,Mon Jun 3 13:37:54 2024 -0700
abijitj/cse145-particle-transformer/test/test3.py,Mon Jun 3 13:37:54 2024 -0700
abijitj/cse145-particle-transformer/utils/convert_qg_datasets.py,Mon Mar 28 01:51:29 2022 +0200
abijitj/cse145-particle-transformer/utils/convert_top_datasets.py,Mon Mar 28 01:51:29 2022 +0200
abijitj/cse145-particle-transformer/dataloader.py,Thu Jul 6 18:04:59 2023 +0200
abijitj/cse145-particle-transformer/notebooks/JetClass101.ipynb,Tue Nov 29 13:20:56 2022 +0100
abijitj/cse145-particle-transformer/final_particle_transformer/dataloading/fileio.py,Sun May 26 16:58:11 2024 -0700
abijitj/cse145-particle-transformer/final_particle_transformer/dataloading/dataset.py,Sun May 26 16:58:11 2024 -0700
abijitj/cse145-particle-transformer/final_particle_transformer/dataloading/tools.py,Sun May 26 16:58:11 2024 -0700
abijitj/cse145-particle-transformer/final_particle_transformer/dataloading/preprocess.py,Sun May 26 16:58:11 2024 -0700
acts-project/acts/Examples/Scripts/generic_plotter.py,Tue Sep 6 12:19:13 2022 +0000
acts-project/acts/Examples/Python/tests/helpers/hash_root.py,Tue Oct 26 12:51:01 2021 +0200
adarshchbs/pdf2md/app/pymupdf_parser/alignment/horizontal_margin.py,Sun Feb 4 01:59:42 2024 +0530
adarshchbs/pdf2md/app/pymupdf_parser/table_parser/table_detection.py,Sun Feb 4 01:59:42 2024 +0530
adarshchbs/pdf2md/app/pymupdf_parser/table_parser/unbounded_table_detection.py,Sun Feb 4 01:59:42 2024 +0530
adarshchbs/pdf2md/app/pymupdf_parser/sql_utils/spans_with_bbox.py,Sun Feb 4 01:59:42 2024 +0530
adasco2022/act/Examples/Python/tests/helpers/hash_root.py,Tue Oct 26 12:51:01 2021 +0200
adminyjqr/ssl-hep/transformer.py,Sat Apr 24 04:09:09 2021 +0800
AdrianAlan/l1-jet-tagging/convert.py,Mon Oct 2 17:29:03 2023 +0200
AdrianAlan/L1CaloTriggerAD/convert-root-to-h5.py,Mon Dec 4 17:54:20 2023 +0100
afm1g15/sbncode/sbncode/NuMuSelection/jupyter-ana/sbnd-overlay-eff.ipynb,Fri Jan 22 16:13:17 2021 -0600
afm1g15/sbncode/sbncode/NuMuSelection/jupyter-ana/sbnd-overlay-primarytrack-ana.ipynb,Fri Jan 22 16:13:17 2021 -0600
afm1g15/sbncode/sbncode/NuMuSelection/jupyter-ana/sbnd-CRT-Veto-Study.ipynb,Fri Jan 22 16:13:17 2021 -0600
afm1g15/sbncode/sbncode/NuMuSelection/jupyter-ana/sbnd-combined-ana.ipynb,Fri Jan 22 16:13:17 2021 -0600
afm1g15/sbncode/sbncode/NuMuSelection/jupyter-ana/sbnd-overlay-ana.ipynb,Fri Jan 22 16:13:17 2021 -0600
afm1g15/sbncode/sbncode/NuMuSelection/jupyter-ana/helpers.py,Fri Jan 22 16:13:17 2021 -0600
afm1g15/sbncode/sbncode/TPCReco/CalorimetryAnalysis/CaloAna_Demo.ipynb,Fri Jan 22 16:02:27 2021 -0600
agoose77/dask-awkward/docs/examples/demo-00.ipynb,Thu Oct 7 08:55:51 2021 -0500
agoose77/dask-awkward/tests/test_io.py,Fri May 6 15:02:49 2022 -0400
agoose77/dask-awkward/tests/test_parquet.py,Mon Sep 12 14:19:18 2022 -0500
agoose77/dask-awkward/tests/test_describe.py,Fri May 6 15:02:49 2022 -0400
agoose77/dask-awkward/tests/test_behavior.py,Fri May 6 15:02:49 2022 -0400
agoose77/dask-awkward/tests/test_core.py,Thu Sep 23 13:07:07 2021 -0400
agoose77/dask-awkward/tests/test_utils.py,Wed Nov 10 12:47:18 2021 -0600
agoose77/dask-awkward/tests/test_reducers.py,Fri May 6 15:02:49 2022 -0400
agoose77/dask-awkward/tests/test_getitem.py,Mon Nov 8 22:42:02 2021 -0600
agoose77/dask-awkward/tests/conftest.py,Fri May 6 15:02:49 2022 -0400
agoose77/dask-awkward/tests/test_ufunc.py,Tue Nov 16 20:39:47 2021 -0600
agoose77/dask-awkward/tests/test_distributed.py,Tue May 31 09:53:29 2022 -0400
agoose77/dask-awkward/tests/test_structure.py,Fri May 6 15:02:49 2022 -0400
agoose77/dask-awkward/src/dask_awkward/lib/structure.py,Tue Sep 6 13:09:49 2022 -0500
agoose77/dask-awkward/src/dask_awkward/lib/io/scratch.py,Tue Sep 6 13:09:49 2022 -0500
agoose77/dask-awkward/src/dask_awkward/lib/io/parquet.py,Mon Sep 12 14:19:18 2022 -0500
agoose77/dask-awkward/src/dask_awkward/lib/io/io.py,Tue Sep 6 13:09:49 2022 -0500
agoose77/dask-awkward/src/dask_awkward/lib/io/json.py,Tue Sep 6 13:09:49 2022 -0500
agoose77/dask-awkward/src/dask_awkward/lib/reducers.py,Tue Sep 6 13:09:49 2022 -0500
agoose77/dask-awkward/src/dask_awkward/lib/core.py,Tue Sep 6 13:09:49 2022 -0500
agoose77/dask-awkward/src/dask_awkward/lib/__init__.py,Tue Sep 6 13:09:49 2022 -0500
agoose77/dask-awkward/src/dask_awkward/lib/describe.py,Tue Sep 6 13:09:49 2022 -0500
agoose77/dask-awkward/src/dask_awkward/lib/testutils.py,Tue Sep 6 13:09:49 2022 -0500
agoose77/dask-awkward/src/dask_awkward/lib/optimize.py,Tue Sep 6 13:09:49 2022 -0500
agoose77/dask-awkward/src/dask_awkward/utils.py,Tue Nov 2 13:09:30 2021 -0500
agoose77/dask-awkward/src/dask_awkward/layers/__init__.py,Tue Sep 6 13:09:49 2022 -0500
agoose77/dask-awkward/src/dask_awkward/layers/layers.py,Tue Sep 6 13:09:49 2022 -0500
agoose77/dask-awkward/src/dask_awkward/__init__.py,Thu Aug 19 15:51:28 2021 -0400
agoose77/midas-awkward-tutorial/notebooks/02-awkward-array.ipynb,Fri May 21 10:18:28 2021 +0100
agoose77/midas-awkward-tutorial/notebooks/03-hist.ipynb,Fri May 21 10:18:28 2021 +0100
agoose77/uproot5/tests/test_0643-reading-vector-pair-TLorentzVector-int.py,Thu Aug 11 21:12:46 2022 +0000
agoose77/uproot5/tests/test_0498-create-leaf-branch-in-extend.py,Fri Nov 5 17:51:03 2021 +0000
agoose77/uproot5/tests/test_0018-array-fetching-interface.py,Tue Jun 2 19:23:49 2020 -0500
agoose77/uproot5/tests/test_0126-turn-unknown-emptyarrays-into-known-types.py,Fri Nov 20 14:46:55 2020 -0600
agoose77/uproot5/tests/test_0034-generic-objects-in-ttrees.py,Wed Jul 1 22:54:07 2020 -0500
agoose77/uproot5/tests/test_0118-fix-name-fetch-again.py,Sat Sep 26 17:39:04 2020 -0500
agoose77/uproot5/tests/test_0053-parents-should-not-be-bases.py,Sun Jul 19 20:08:52 2020 -0500
agoose77/uproot5/tests/test_0044-concatenate-function.py,Tue Jul 7 13:33:34 2020 -0500
agoose77/uproot5/tests/test_0662-rntuple-stl-containers.py,Thu Aug 18 17:01:34 2022 -0400
agoose77/uproot5/tests/test_0442-regular-TClonesArray.py,Mon Sep 20 15:09:59 2021 -0400
agoose77/uproot5/tests/test_0414-write-jagged-arrays.py,Thu Aug 19 18:38:46 2021 +0000
agoose77/uproot5/tests/test_0303-empty-jagged-array.py,Fri Mar 12 13:11:32 2021 -0600
agoose77/uproot5/tests/test_610-awkward-form.py,Fri Jul 1 11:34:08 2022 -0500
agoose77/uproot5/tests/test_0652_dask-for-awkward.py,Thu Aug 11 10:47:41 2022 +0530
agoose77/uproot5/tests/test_0033-more-interpretations-2.py,Fri Jun 26 19:51:54 2020 -0500
agoose77/uproot5/src/uproot/streamers.py,Wed Mar 31 14:34:32 2021 -0500
agoose77/uproot5/src/uproot/writing/_cascadetree.py,Thu Aug 19 21:04:38 2021 +0000
agoose77/uproot5/src/uproot/writing/identify.py,Thu Aug 19 21:04:38 2021 +0000
agoose77/uproot5/src/uproot/models/TAtt.py,Wed Mar 31 14:34:32 2021 -0500
agoose77/uproot5/src/uproot/models/TGraph.py,Wed May 5 20:45:35 2021 +0000
agoose77/uproot5/src/uproot/models/RNTuple.py,Wed Mar 31 14:34:32 2021 -0500
agoose77/uproot5/src/uproot/models/TH.py,Wed May 5 20:45:35 2021 +0000
agoose77/uproot5/src/uproot/extras.py,Wed Mar 31 14:34:32 2021 -0500
agoose77/uproot5/src/uproot/interpretation/objects.py,Wed Mar 31 14:34:32 2021 -0500
agoose77/uproot5/src/uproot/interpretation/strings.py,Wed Mar 31 14:34:32 2021 -0500
agoose77/uproot5/src/uproot/interpretation/library.py,Wed Mar 31 14:34:32 2021 -0500
agoose77/midas-tape/src/midas_tape/__init__.py,Thu May 20 12:48:22 2021 +0100
ainfosec/codex/src/data/tagging/sc2.py,Fri Sep 22 08:44:05 2023 -0400
alexey-luchinsky/rrF/python/rrfpy/rrfpy_pandas.py,Sat Dec 26 08:03:53 2020 -0500
alpakpinar/rebsmearv2/rebsmearv2/smear/smearer.py,Thu May 13 14:51:40 2021 -0500
amangoel185/uproot-browser/src/uproot_browser/plot_mpl.py,Thu Mar 10 15:05:00 2022 -0500
amangoel185/uproot-browser/src/uproot_browser/plot.py,Thu Jan 27 15:45:43 2022 -0500
aminnj/pdroot/misc/compare_with_root.py,Fri Jan 15 19:56:45 2021 -0800
aminnj/pdroot/misc/ast_transformer.py,Sun Jan 24 00:03:47 2021 -0800
aminnj/pdroot/tests/test_draw.py,Sat Jan 16 22:05:22 2021 -0800
aminnj/pdroot/tests/test_readwrite.py,Sat Jan 16 22:05:22 2021 -0800
aminnj/pdroot/pdroot/readwrite.py,Wed Dec 16 19:33:16 2020 -0800
aminnj/pdroot/pdroot/accessors.py,Sun Dec 27 02:47:18 2020 -0800
aminnj/pdroot/pdroot/draw.py,Wed Dec 16 16:03:07 2020 -0800
Amit2016-17/stackstac/stackstac/prepare.py,Wed Mar 10 18:36:56 2021 -0700
amitkr2410/JETSCAPE-analysis/tests/test_parsing.py,Tue Apr 27 13:11:36 2021 +0200
amitkr2410/JETSCAPE-analysis/jetscape_analysis/analysis/reader/parse_ascii.py,Thu Oct 8 22:56:55 2020 -0700
amitkr2410/JETSCAPE-analysis/testing_outputs/finalStateWriter/compare.py,Mon Jun 21 14:09:52 2021 +0200
Ananya1306/uproot-browser/src/uproot_browser/plot_mpl.py,Thu Mar 10 15:05:00 2022 -0500
Ananya1306/uproot-browser/src/uproot_browser/plot.py,Thu Jan 27 15:45:43 2022 -0500
andiwand/cern-scripts/acts/perf/vertexing/full_chain_perf.py,Sat Jul 6 14:24:18 2024 +0200
andiwand/cern-scripts/projects/odd/odd_new_geo_validation/energy_loss/plot_local_measurements.py,Thu Apr 18 10:46:11 2024 +0200
andiwand/cern-scripts/projects/odd/odd_single_particle_performance/plot_res_pulls_over_eta.py,Thu Apr 18 10:46:11 2024 +0200
andiwand/cern-scripts/projects/odd/odd_single_particle_performance/plot_res_pulls.py,Thu Apr 18 10:46:11 2024 +0200
andiwand/cern-scripts/projects/odd/odd_single_particle_performance/plot_local_res_pulls.py,Thu Apr 18 10:46:11 2024 +0200
andiwand/cern-scripts/projects/odd/odd_single_particle_performance/plot_detector.py,Thu Apr 18 10:46:11 2024 +0200
andiwand/cern-scripts/projects/odd/odd_single_particle_performance/plot_local_measurements.py,Thu Apr 18 10:46:11 2024 +0200
andiwand/cern-scripts/notebooks/2023-09-13_check-hit-charge.ipynb,Thu Jan 25 20:19:29 2024 +0100
andiwand/cern-scripts/notebooks/2024-07-12_missing-measurements.ipynb,Tue Jul 16 11:41:50 2024 +0200
andrey-popov/ml-jec/bin/build_transform.py,Sat Jun 27 01:13:13 2020 +0200
andriiknu/RDF/coffea.ipynb,Mon Aug 22 17:46:45 2022 +0200
annaivina/PartNet_Local/utils/data/fileio.py,Sun Apr 7 11:21:12 2024 +0300
annaivina/PartNet_Local/utils/data/tools.py,Sun Apr 7 11:21:12 2024 +0300
annaivina/PartNet_Local/utils/data/preprocess.py,Sun Apr 7 11:21:12 2024 +0300
annaivina/PartNet_Local/utils/dataset.py,Sun Apr 7 11:21:12 2024 +0300
annaivina/PartNet_Local/utils/nn/tools.py,Sun Apr 7 11:21:12 2024 +0300
annaivina/PartNet_Local/train.py,Sun Apr 7 11:21:12 2024 +0300
antoine-amy/Nickel_Cryostat_design/analysis_Bi214.ipynb,Mon Feb 12 11:11:55 2024 +0100
antoine-amy/Nickel_Cryostat_design/Background_IV_Th232.ipynb,Fri Mar 22 04:03:49 2024 -0700
antoine-amy/Nickel_Cryostat_design/Background_IV_U238.ipynb,Mon Feb 12 11:11:55 2024 +0100
arhayrap/ETROC2_Test_Stand/ScopeHandler/Lecroy/Merging/merge_scope_etroc_FNAL.py,Tue Jul 30 07:05:57 2024 +0200
arhayrap/ETROC2_Test_Stand/ScopeHandler/Lecroy/Merging/merge_scope_etroc.py,Sun Feb 4 15:42:45 2024 +0100
arhayrap/ETROC2_Test_Stand/module_test_sw/data_converter.py,Mon Feb 5 05:31:54 2024 +0100
arhayrap/ETROC2_Test_Stand/module_test_sw/analysis/ScanAnalysis.py,Mon Feb 5 05:31:54 2024 +0100
arhayrap/ETROC2_Test_Stand/module_test_sw/crcETROC.py,Mon Feb 5 05:31:54 2024 +0100
arhayrap/ETROC2_Test_Stand/module_test_sw/data_dumper.py,Mon Feb 5 05:31:54 2024 +0100
asalzburger/acts/Examples/Scripts/generic_plotter.py,Tue Sep 6 12:19:13 2022 +0000
asalzburger/acts/Examples/Python/tests/helpers/hash_root.py,Tue Oct 26 12:51:01 2021 +0200
ashiquebiniqbal/stackstac/stackstac/prepare.py,Wed Mar 10 18:36:56 2021 -0700
atlas-outreach-data-tools/notebooks-collection-opendata/13-TeV-examples/uproot_python/HZZAnalysis.ipynb,Mon Mar 30 10:18:06 2020 +0100
atlas-outreach-data-tools/notebooks-collection-opendata/for-research/physlite_tutorial.ipynb,Wed Mar 27 15:29:21 2024 +0100
atlas-outreach-data-tools/notebooks-collection-opendata/for-research/phoenix/get_json_phoenix.py,Sun Jun 30 16:50:45 2024 +0200
axel-ponten/LLP-at-IceCube/reconstruction/transformer-encoder/llp_gap_reco/llp_gap_reco/dataset/llpdataset.py,Fri May 3 17:30:07 2024 +0200
axel-ponten/LLP-at-IceCube/reconstruction/i3-to-parquet-conversion/example_read_pq_file.py,Thu May 2 11:23:36 2024 +0200
axel-ponten/LLP-at-IceCube/reconstruction/i3-to-parquet-conversion/converter.py,Wed Apr 3 22:32:51 2024 +0200
AxisVM/pyaxisvm/src/axisvm/com/axdomain.py,Tue Dec 14 19:55:02 2021 +0100
AxisVM/pyaxisvm/src/axisvm/com/axsurface.py,Tue Jul 26 21:51:11 2022 +0200
AxisVM/pyaxisvm/src/axisvm/com/axmodel.py,Tue Dec 14 14:53:45 2021 +0100
AxisVM/pyaxisvm/src/axisvm/com/axmember.py,Tue Jul 26 21:51:11 2022 +0200
AxisVM/pyaxisvm/src/axisvm/com/attr.py,Tue Jul 26 21:51:11 2022 +0200
AxisVM/pyaxisvm/src/axisvm/com/axline.py,Tue Jul 26 21:51:11 2022 +0200
bat/batty/batty/batty.py,Tue Jul 12 12:07:49 2022 +0200
benjaminhuth/acts-ckf-gnn-combination/scripts/make_pyg.py,Fri Sep 22 08:03:11 2023 +0200
benjaminhuth/acts-ckf-gnn-combination/scripts/plot_unmatched_prototracks.py,Fri Sep 22 08:03:11 2023 +0200
benjaminhuth/acts-ckf-gnn-combination/scripts/particle_type.py,Fri Nov 17 22:42:53 2023 +0100
benjaminhuth/acts-ckf-gnn-combination/scripts/prototrack_plots.py,Tue Sep 12 14:45:09 2023 +0200
benjaminhuth/acts-ckf-gnn-combination/notebooks/large_cluster_graph_algo.ipynb,Sat Sep 23 09:04:46 2023 +0200
benjaminhuth/acts-ckf-gnn-combination/notebooks/check_eta_slice.ipynb,Wed Sep 6 10:15:07 2023 +0200
benjaminhuth/acts-ckf-gnn-combination/notebooks/connected_comp_whole_graph.ipynb,Sat Sep 23 09:04:46 2023 +0200
benjaminhuth/acts-ckf-gnn-combination/notebooks/prototrack_seeding.ipynb,Tue Aug 29 17:50:00 2023 +0200
benjaminhuth/acts-ckf-gnn-combination/notebooks/archive/analyze_reco_efficiencay.ipynb,Wed Sep 6 10:15:07 2023 +0200
benjaminhuth/acts-ckf-gnn-combination/notebooks/trajectory_summary.ipynb,Thu Oct 5 13:59:06 2023 +0200
bianchimario/MARS/examples/usage.ipynb,Sun Jun 23 21:18:51 2024 +0200
Blizzard57/jet-tagging/code/ParticleNet - Simplifying Particle Net.ipynb,Tue Dec 29 12:35:34 2020 +0530
Blizzard57/jet-tagging/code/ParticleNet - Initial Replication.ipynb,Tue Dec 29 12:35:34 2020 +0530
BNLIF/drop/tools/event_display.py,Mon Apr 25 23:18:37 2022 -0400
BNLIF/drop/src/raw_data_rooter_v1740.py,Wed Jan 10 16:15:59 2024 -0500
BNLIF/drop/src/rq_writer.py,Tue Feb 1 21:17:05 2022 -0500
BNLIF/drop/src/raw_data_rooter_30t.py,Mon Jun 24 16:26:03 2024 -0400
BNLIF/drop/src/raw_data_rooter.py,Thu Apr 14 01:53:15 2022 -0400
boostedsvj/svj_ntuple_processing/svj_ntuple_processing/systematics.py,Fri Jul 28 12:08:18 2023 -0500
boostedsvj/svj_ntuple_processing/svj_ntuple_processing/__init__.py,Thu Oct 27 15:16:38 2022 -0500
boostedsvj/svj_ntuple_processing/test/test_systematics.py,Fri Jul 28 12:08:18 2023 -0500
brownd1978/KKTrain_1/TrainBkg.ipynb,Sat Oct 15 14:29:12 2022 -0700
Bryancaraway/ttZ-h_eft/DeepSleep/test/old/calc_lepeff.py,Wed Mar 3 00:39:30 2021 -0600
Bryancaraway/ttZ-h_eft/DeepSleep/test/old/lepSelection.py,Wed Mar 3 00:39:30 2021 -0600
Bryancaraway/ttZ-h_eft/DeepSleep/scripts/reduce_merge_pdf_files.py,Sat Aug 7 17:08:24 2021 -0500
Bryancaraway/ttZ-h_eft/DeepSleep/modules/PostSkim.py,Sat Jan 16 23:34:18 2021 -0600
Bryancaraway/ttZ-h_eft/DeepSleep/modules/ak8jmsjmr_helper.py,Sat Aug 7 17:08:24 2021 -0500
Bryancaraway/ttZ-h_eft/DeepSleep/modules/old/getdata.py,Wed Mar 3 00:39:30 2021 -0600
Bryancaraway/ttZ-h_eft/DeepSleep/modules/old/jmeAK8.py,Wed Mar 3 00:39:30 2021 -0600
Bryancaraway/ttZ-h_eft/DeepSleep/modules/Skim.py,Sat Jan 2 20:09:08 2021 -0600
Bryancaraway/ttZ-h_eft/DeepSleep/modules/pdfweight_helper.py,Sat Aug 7 17:08:24 2021 -0500
Bryancaraway/ttZ-h_eft/DeepSleep/modules/lepcleanSkim.py,Sat Aug 7 17:08:24 2021 -0500
Bryancaraway/ttZ-h_eft/DeepSleep/lib/fun_library.py,Fri Jun 12 19:01:52 2020 -0500
btcardwell/SIDM/sidm/studies/GSF_electrons_profiles.ipynb,Tue Apr 2 22:47:39 2024 -0400
btcardwell/SIDM/sidm/studies/GSF_electrons.ipynb,Tue Apr 2 22:47:39 2024 -0400
btcardwell/SIDM/sidm/studies/howz_it_collimated.ipynb,Wed Jun 7 14:48:02 2023 +0000
btcardwell/SIDM/sidm/studies/bgSampleComparison.ipynb,Fri May 24 10:52:45 2024 -0400
btcardwell/SIDM/sidm/studies/GSF_electrons-2d.ipynb,Tue Apr 2 22:47:39 2024 -0400
btcardwell/SIDM/sidm/studies/leptonReco.ipynb,Mon Sep 4 17:51:39 2023 +0000
btcardwell/SIDM/sidm/studies/leptonKinematics.ipynb,Wed Aug 30 19:12:24 2023 +0000
btcardwell/SIDM/sidm/studies/lepton_displacement.ipynb,Fri Jul 28 13:23:53 2023 -0500
btcardwell/SIDM/sidm/studies/lj_constituents.ipynb,Mon Apr 10 16:07:40 2023 +0000
btcardwell/SIDM/sidm/studies/bgCutflow.ipynb,Fri May 24 10:52:45 2024 -0400
btcardwell/SIDM/sidm/studies/leptonJetResolution.ipynb,Mon Oct 30 11:20:25 2023 -0400
btcardwell/SIDM/sidm/studies/darkPhotonKinematics.ipynb,Wed Aug 30 15:28:56 2023 +0000
btcardwell/SIDM/sidm/studies/explore_ljsource_pfjet_branches.ipynb,Mon Apr 10 16:07:40 2023 +0000
btcardwell/SIDM/sidm/studies/lj_radius.ipynb,Fri Aug 4 16:16:29 2023 +0000
btcardwell/SIDM/sidm/studies/leading_electron_pt.ipynb,Tue Apr 11 15:16:57 2023 +0000
btcardwell/SIDM/sidm/studies/darkPhotonPt.ipynb,Mon Apr 10 16:07:40 2023 +0000
btcardwell/SIDM/sidm/studies/dat_gud_resolution.ipynb,Mon Oct 30 11:20:25 2023 -0400
btcardwell/SIDM/sidm/studies/lj_resolution.ipynb,Mon Apr 10 16:07:40 2023 +0000
btcardwell/SIDM/sidm/studies/bgAnalysis.ipynb,Fri May 24 10:52:45 2024 -0400
btcardwell/SIDM/sidm/studies/ljsource_cuts.ipynb,Wed Aug 2 20:16:06 2023 +0000
btcardwell/SIDM/sidm/studies/lj_reco_efficiency/zd_ee_2D_Effi.ipynb,Wed May 22 15:07:18 2024 -0400
btcardwell/SIDM/sidm/studies/lj_reco_efficiency/zd_mu_mu_2D_pf_dsa.ipynb,Wed May 22 15:07:18 2024 -0400
btcardwell/SIDM/sidm/studies/lj_reco_efficiency/deltaR_lep_effi.ipynb,Tue May 7 16:42:06 2024 -0400
btcardwell/SIDM/sidm/studies/lj_reco_efficiency/ljRecoEffi_zd_ee_pt_highrange_5_lxy_cut.ipynb,Tue May 7 16:42:06 2024 -0400
btcardwell/SIDM/sidm/studies/lj_reco_efficiency/ljRecoEffiSummary.ipynb,Tue May 7 16:42:06 2024 -0400
btcardwell/SIDM/sidm/studies/lj_reco_efficiency/deltaR_effi_lxyBins_sumZd.ipynb,Tue May 7 16:42:06 2024 -0400
btcardwell/SIDM/sidm/studies/lj_reco_efficiency/ljEffi_EXO_meeting.ipynb,Tue May 7 16:42:06 2024 -0400
btcardwell/SIDM/sidm/studies/lj_reco_efficiency/lxyBins_effi.ipynb,Tue May 7 16:42:06 2024 -0400
btcardwell/SIDM/sidm/studies/lj_reco_efficiency/deltaR_lep_effi_pt_lxy_cut.ipynb,Tue May 7 16:42:06 2024 -0400
btcardwell/SIDM/sidm/studies/lj_reco_efficiency/pt_effi_lxyBins.ipynb,Wed May 22 15:07:18 2024 -0400
btcardwell/SIDM/sidm/studies/lj_reco_efficiency/darkPhotonPtEffi.ipynb,Tue May 7 16:42:06 2024 -0400
btcardwell/SIDM/sidm/studies/lj_reco_efficiency/Subleading ptMuon_dR_leadingPtcut.ipynb,Tue Jun 4 11:47:40 2024 -0400
btcardwell/SIDM/sidm/studies/lj_reco_efficiency/deltaR_lep_lxyBins.ipynb,Tue May 7 16:42:06 2024 -0400
btcardwell/SIDM/sidm/studies/lj_reco_efficiency/dsaD0vsDeltaR_genMusAndLxy.ipynb,Tue Jun 4 11:47:40 2024 -0400
btcardwell/SIDM/sidm/studies/lj_reco_efficiency/darkPhotonLxyPtCut.ipynb,Tue May 7 16:42:06 2024 -0400
btcardwell/SIDM/sidm/studies/lj_reco_efficiency/zd_mu_mu_2D_Effi.ipynb,Wed May 22 15:07:18 2024 -0400
btcardwell/SIDM/sidm/studies/leptonDeltaRvsSignalPoint.ipynb,Thu Aug 17 20:09:46 2023 +0000
btcardwell/SIDM/sidm/studies/explore_genParticles.ipynb,Mon Apr 10 16:07:40 2023 +0000
btcardwell/SIDM/sidm/studies/fist_signal_bg_comparisons.ipynb,Fri Mar 1 18:04:32 2024 -0500
btcardwell/SIDM/sidm/studies/mission_abcd.ipynb,Wed May 10 03:24:03 2023 +0000
btcardwell/SIDM/sidm/test_notebooks/test_FFSchema.ipynb,Mon Apr 10 16:07:40 2023 +0000
btcardwell/SIDM/sidm/test_notebooks/small_tests.ipynb,Mon Apr 10 16:07:40 2023 +0000
btcardwell/SIDM/sidm/test_notebooks/uproot_example.ipynb,Fri Jun 9 11:07:21 2023 -0400
btcardwell/SIDM/sidm/test_notebooks/test_SidmProcessor.ipynb,Mon Apr 10 16:07:40 2023 +0000
btcardwell/SIDM/sidm/test_notebooks/scale_out.ipynb,Mon Apr 10 16:07:40 2023 +0000
btcardwell/SIDM/sidm/test_notebooks/bg_FileTests.ipynb,Fri May 24 10:52:45 2024 -0400
btcardwell/SIDM/sidm/test_notebooks/fastjet_tests.ipynb,Thu May 18 19:07:25 2023 +0000
btcardwell/SIDM/sidm/test_notebooks/multiple_samples.ipynb,Mon Apr 10 16:07:40 2023 +0000
btcardwell/SIDM/sidm/tools/utilities.py,Mon Apr 10 16:07:40 2023 +0000
btcardwell/SIDM/sidm/tools/cutflow.py,Mon Apr 10 16:07:40 2023 +0000
btcardwell/SIDM/sidm/tools/histogram.py,Mon Apr 10 16:07:40 2023 +0000
btcardwell/SIDM/sidm/tools/sidm_processor.py,Mon Apr 10 16:07:40 2023 +0000
btcardwell/SIDM/sidm/definitions/hists.py,Mon Apr 10 16:07:40 2023 +0000
btcardwell/SIDM/sidm/definitions/cuts.py,Mon Apr 10 16:07:40 2023 +0000
bualust/lhe_analyser/lhe_analyser/lhe_analysis.py,Fri May 31 20:07:29 2024 +0100
bu-cms/bucoffea/bucoffea/vbfhinv/definitions.py,Mon Jul 22 11:32:54 2019 -0400
bu-cms/bucoffea/bucoffea/photon_purity/photonPurityProcessor.py,Tue Oct 29 06:03:57 2019 -0400
bu-cms/bucoffea/bucoffea/example/coffea_test.py,Tue Sep 10 14:40:36 2019 -0400
bu-cms/bucoffea/bucoffea/gen/mcSumwProcessor.py,Thu Jan 9 10:35:45 2020 -0600
bu-cms/bucoffea/bucoffea/helpers/gen.py,Sat Jun 29 15:56:27 2019 -0400
bundocka/L1NetMET/netMET/utils/tools.py,Wed Jun 26 17:45:13 2024 +0200
bundocka/L1NetMET/netMET/utils/plotting.py,Wed Jun 26 17:45:13 2024 +0200
bundocka/L1NetMET/netMET/netMET.ipynb,Wed Jun 26 17:45:13 2024 +0200
c0pp1/TTN4HEP/data/TTbar/convert_ntuple_to_df.ipynb,Wed Jul 19 12:48:22 2023 +0200
c0pp1/TTN4HEP/data/TTbar/convert_ntuple_to_df.py,Wed Jul 19 12:48:22 2023 +0200
cerminar/ntuple-analysis/cfg/l1ct_occupancy.py,Wed Apr 20 19:12:09 2022 +0200
cerminar/ntuple-analysis/cfg/eg_genmatch.py,Tue May 14 14:57:49 2024 +0200
cerminar/ntuple-analysis/cfg/hgcIdTuples.py,Fri Mar 15 16:21:55 2024 +0100
cerminar/ntuple-analysis/cfg/datasets/fastpuppi_collections.py,Tue May 14 14:57:49 2024 +0200
cerminar/ntuple-analysis/cfg/eg_rate.py,Tue May 14 14:57:49 2024 +0200
cerminar/ntuple-analysis/python/plotters.py,Fri Oct 5 10:22:40 2018 +0200
cerminar/ntuple-analysis/python/tree_reader.py,Mon Mar 15 15:08:46 2021 +0100
cerminar/ntuple-analysis/python/boost_hist.py,Fri May 26 15:11:53 2023 +0200
cerminar/ntuple-analysis/python/collections.py,Tue Apr 2 13:58:17 2019 +0200
cerminar/ntuple-analysis/python/histos.py,Tue May 14 15:04:22 2024 +0200
CERN-IT-INNOVATION/DeepLAr/src/deeplar/dataset/generate_utils.py,Fri Apr 28 21:33:57 2023 +0200
cgsavard/triton_multiuser_benchmarks/utils/mlbench.py,Sun Apr 16 23:24:29 2023 -0500
cgsavard/triton_multiuser_benchmarks/notebooks/multimodel_scaling.ipynb,Tue Dec 19 15:59:12 2023 -0600
cgsavard/triton_multiuser_benchmarks/notebooks/increasing_workers.ipynb,Tue Dec 19 15:59:12 2023 -0600
cgsavard/triton_multiuser_benchmarks/notebooks/timing_benchmark.ipynb,Wed Mar 22 20:38:58 2023 -0500
CharliePYR/LMU_DA_ML_Basic/notebooks/AwkwardIntro.ipynb,Thu Sep 2 16:00:40 2021 +0200
CharliePYR/LMU_DA_ML_Basic/notebooks/AwkwardIntro_solution.ipynb,Wed Sep 8 07:40:21 2021 +0200
Charlotte-Knight/L1EGRates/rate_calculation.py,Mon Jan 24 21:00:49 2022 +0100
chengjiang123/BUFF/preprocessing/preprocess_jetnet.py,Wed May 1 06:57:36 2024 +0200
ChenHua-Hsu/truobleshooting/copy_tdsm_encoder_sweep16/util/HighLevelFeatures.py,Thu Aug 1 00:19:34 2024 +0800
chnzhangrui/SgTopWorkshop/uproot/interp/objects.py,Mon Dec 10 17:53:15 2018 +0100
chnzhangrui/SgTopWorkshop/uproot/interp/auto.py,Mon Dec 10 17:53:15 2018 +0100
chnzhangrui/SgTopWorkshop/uproot/interp/jagged.py,Mon Dec 10 17:53:15 2018 +0100
chnzhangrui/SgTopWorkshop/uproot/interp/numerical.py,Mon Dec 10 17:53:15 2018 +0100
chnzhangrui/SgTopWorkshop/binder/uproot/interp/objects.py,Mon Dec 10 17:53:15 2018 +0100
chnzhangrui/SgTopWorkshop/binder/uproot/interp/auto.py,Mon Dec 10 17:53:15 2018 +0100
chnzhangrui/SgTopWorkshop/binder/uproot/interp/jagged.py,Mon Dec 10 17:53:15 2018 +0100
chnzhangrui/SgTopWorkshop/binder/uproot/interp/numerical.py,Mon Dec 10 17:53:15 2018 +0100
choisant/imcalML/notebooks/XGBoost.ipynb,Thu Nov 3 15:34:40 2022 +0100
choisant/imcalML/notebooks/samples_analysis.ipynb,Tue Jun 27 10:32:50 2023 +0200
choisant/imcalML/notebooks/detector_image.ipynb,Thu Oct 12 14:33:54 2023 +0200
choisant/imcalML/notebooks/samples_efficiency.ipynb,Thu Feb 2 15:36:25 2023 +0100
choisant/imcalML/notebooks_paper/XGBoost.ipynb,Thu Jul 11 18:53:07 2024 +0200
choisant/imcalML/notebooks_paper/samples_analysis.ipynb,Thu Jul 11 18:53:07 2024 +0200
choisant/imcalML/notebooks_paper/detector_image.ipynb,Thu Jul 11 18:53:07 2024 +0200
choisant/imcalML/notebooks_paper/samples_efficiency.ipynb,Thu Jul 11 18:53:07 2024 +0200
choisant/imcalML/src/save_subset_rootfile.py,Thu Oct 12 14:33:54 2023 +0200
choisant/imcalML/src/root_to_2dhists_cuts.py,Thu Feb 2 15:36:25 2023 +0100
choisant/imcalML/src/root_to_2dhists.py,Tue Aug 9 09:17:35 2022 +0200
chuyuanliu/heptools/heptools/root/chain.py,Fri Jan 12 19:59:24 2024 -0500
chuyuanliu/heptools/heptools/root/io.py,Mon Jan 22 09:32:37 2024 -0500
chuyuanliu/heptools/heptools/root/_backend.py,Thu Jan 25 10:47:28 2024 -0500
chuyuanliu/heptools/heptools/hist/hist.py,Fri Jun 16 14:02:48 2023 -0400
chuyuanliu/heptools/heptools/correction/correction.py,Fri Jun 16 14:02:48 2023 -0400
chuyuanliu/heptools/heptools/correction/weight.py,Fri Jun 16 14:02:48 2023 -0400
chuyuanliu/heptools/heptools/physics/object/_patch.py,Mon Sep 18 13:24:22 2023 -0400
chuyuanliu/heptools/heptools/physics/object/jet.py,Fri Jun 16 14:02:48 2023 -0400
chuyuanliu/heptools/heptools/physics/object/_utils.py,Fri Jun 16 14:02:48 2023 -0400
chuyuanliu/heptools/heptools/physics/object/__init__.py,Fri Jun 16 14:02:48 2023 -0400
chuyuanliu/heptools/heptools/physics/object/vector.py,Fri Jun 16 14:02:48 2023 -0400
chuyuanliu/heptools/heptools/aktools.py,Fri Apr 21 17:09:46 2023 -0400
chuyuanliu/heptools/heptools/workflow/picoaod.py,Wed Sep 6 18:24:22 2023 -0400
chuyuanliu/heptools/heptools/awkward/from_.py,Tue Mar 5 12:50:28 2024 -0500
chuyuanliu/heptools/heptools/awkward/zip.py,Wed Jan 24 10:37:56 2024 -0500
chuyuanliu/heptools/heptools/awkward/to.py,Tue Mar 5 12:50:28 2024 -0500
chuyuanliu/heptools/heptools/awkward/pad.py,Tue Mar 5 12:50:28 2024 -0500
chuyuanliu/heptools/heptools/awkward/is_.py,Tue Mar 5 12:50:28 2024 -0500
chuyuanliu/heptools/heptools/_build_utils/plugin.py,Sat Aug 26 22:08:29 2023 -0400
chuyuanliu/heptools/heptools/visualize/gentree.py,Mon Oct 30 13:48:44 2023 -0400
chuyuanliu/heptools/heptools/dask/awkward.py,Sun Feb 4 15:38:10 2024 -0500
chuyuanliu/heptools/heptools/dask/hist.py,Sat Feb 3 13:14:55 2024 -0500
CIEMAT-Neutrino/AC-DC/lib/lib.py,Tue Feb 6 14:37:54 2024 +0100
CIEMAT-Neutrino/SOLAR/lib/io_functions.py,Tue Oct 24 16:24:10 2023 +0200
Cloud-Drift/clouddrift/tests/raggedarray_tests.py,Thu May 11 15:52:50 2023 -0400
Cloud-Drift/clouddrift/clouddrift/raggedarray.py,Thu May 11 15:52:50 2023 -0400
cmpatino/optimal-observables/src/reconstruct.py,Wed Sep 8 22:34:11 2021 -0500
cmpatino/optimal-observables/src/optimal_observables/reconstruction/event_selection.py,Wed May 25 23:03:26 2022 -0500
cmpatino/optimal-observables/src/hep-docker/sm-container/reco_code/reconstruct.py,Tue Aug 23 21:57:58 2022 -0500
cmpatino/optimal-observables/src/hep-docker/sm-container/reco_code/event_selection.py,Tue Aug 23 21:57:58 2022 -0500
cms-l1-dpg/Phase2-L1MenuTools/menu_tools/utils/objects.py,Wed Jan 17 15:55:56 2024 +0100
cms-l1-dpg/Phase2-L1MenuTools/menu_tools/utils/scalings.py,Tue Jan 23 17:05:07 2024 +0100
cms-l1-dpg/Phase2-L1MenuTools/menu_tools/utils/compare_json-wNano.ipynb,Thu Apr 4 10:57:33 2024 +0200
cms-l1-dpg/Phase2-L1MenuTools/menu_tools/rate_plots/plotter.py,Tue Jan 23 14:30:08 2024 +0100
cms-l1-dpg/Phase2-L1MenuTools/menu_tools/object_performance/turnon_collection.py,Mon Jan 15 17:13:09 2024 +0100
cms-l1-dpg/Phase2-L1MenuTools/menu_tools/caching/cache_objects.py,Mon Jan 15 17:13:09 2024 +0100
cms-l1-dpg/Phase2-L1MenuTools/menu_tools/caching/merge_arrays.py,Fri Mar 1 08:12:57 2024 +0100
cms-l1-dpg/Phase2-L1MenuTools/menu_tools/rate_table/menu_table.py,Mon Feb 26 16:11:35 2024 +0100
cms-l1-dpg/Phase2-L1MenuTools/menu_tools/rate_table/Pure_rate.ipynb,Mon Apr 22 13:14:28 2024 +0200
cms-nanoAOD/correctionlib/tests/test_highlevel.py,Tue Apr 13 11:49:46 2021 -0500
cms-nanoAOD/correctionlib/src/correctionlib/highlevel.py,Tue Apr 13 11:49:46 2021 -0500
cms-nanoAOD/correctionlib/binder/correctionlib_tutorial.ipynb,Mon Sep 12 16:20:54 2022 -0500
cmstas/vbs/notebooks/vbswh-lhe_breakdown.ipynb,Fri Jun 30 18:40:55 2023 -0700
cmstas/vbs/notebooks/vbsvvhjets_binnedMC.ipynb,Tue May 23 10:30:27 2023 -0700
cmstas/vbs/abcdnet/scripts/plot.py,Wed Jun 14 18:40:01 2023 -0400
CoffeaTeam/coffea/docs/source/wq-example.py,Wed Dec 16 16:47:46 2020 -0500
CoffeaTeam/coffea/tests/samples/build_rochester.py,Tue Jan 14 09:32:34 2020 -0600
CoffeaTeam/coffea/tests/test_btag.py,Thu Feb 13 18:33:45 2020 -0600
CoffeaTeam/coffea/tests/test_nanoevents_treemaker.py,Mon Nov 22 15:44:04 2021 -0500
CoffeaTeam/coffea/tests/test_nanoevents_vector.py,Tue Feb 9 18:58:48 2021 +0100
CoffeaTeam/coffea/tests/test_nanoevents_pdune.py,Sat Dec 25 23:05:47 2021 -0500
CoffeaTeam/coffea/tests/test_lumi_tools.py,Wed Apr 3 18:26:48 2019 -0700
CoffeaTeam/coffea/tests/test_skyhook_job.py,Sun Jan 9 15:23:58 2022 -0800
CoffeaTeam/coffea/tests/test_lookup_tools.py,Fri Nov 30 16:02:22 2018 -0600
CoffeaTeam/coffea/tests/test_analysis_tools.py,Mon Jan 11 12:23:36 2021 -0600
CoffeaTeam/coffea/tests/dummy_distributions.py,Fri Nov 30 16:32:08 2018 -0600
CoffeaTeam/coffea/tests/test_ml_tools.py,Wed Apr 26 11:52:23 2023 +0200
CoffeaTeam/coffea/tests/test_nanoevents.py,Sun Jul 12 01:15:17 2020 -0500
CoffeaTeam/coffea/tests/test_nanoevents_delphes.py,Mon Sep 13 13:56:48 2021 -0700
CoffeaTeam/coffea/tests/test_jetmet_tools.py,Sat Jun 8 00:14:57 2019 +0200
CoffeaTeam/coffea/src/coffea/dataset_tools/apply_processor.py,Fri Nov 10 07:05:26 2023 -0600
CoffeaTeam/coffea/src/coffea/dataset_tools/manipulations.py,Fri Nov 10 08:33:01 2023 -0600
CoffeaTeam/coffea/src/coffea/dataset_tools/preprocess.py,Tue Aug 22 17:21:43 2023 -0500
CoffeaTeam/coffea/src/coffea/analysis_tools.py,Sat Jun 3 18:30:59 2023 -0400
CoffeaTeam/coffea/src/coffea/util.py,Sat Jun 3 18:30:59 2023 -0400
CoffeaTeam/coffea/src/coffea/nanoevents/transforms.py,Sat Jun 3 18:30:59 2023 -0400
CoffeaTeam/coffea/src/coffea/nanoevents/factory.py,Sat Jun 3 18:30:59 2023 -0400
CoffeaTeam/coffea/src/coffea/nanoevents/mapping/parquet.py,Sat Jun 3 18:30:59 2023 -0400
CoffeaTeam/coffea/src/coffea/nanoevents/mapping/base.py,Sat Jun 3 18:30:59 2023 -0400
CoffeaTeam/coffea/src/coffea/nanoevents/mapping/uproot.py,Sat Jun 3 18:30:59 2023 -0400
CoffeaTeam/coffea/src/coffea/nanoevents/mapping/preloaded.py,Sat Jun 3 18:30:59 2023 -0400
CoffeaTeam/coffea/src/coffea/nanoevents/schemas/treemaker.py,Sat Jun 3 18:30:59 2023 -0400
CoffeaTeam/coffea/src/coffea/nanoevents/methods/delphes.py,Sat Jun 3 18:30:59 2023 -0400
CoffeaTeam/coffea/src/coffea/nanoevents/methods/nanoaod.py,Sat Jun 3 18:30:59 2023 -0400
CoffeaTeam/coffea/src/coffea/nanoevents/methods/physlite.py,Sat Jun 3 18:30:59 2023 -0400
CoffeaTeam/coffea/src/coffea/nanoevents/methods/candidate.py,Sat Jun 3 18:30:59 2023 -0400
CoffeaTeam/coffea/src/coffea/nanoevents/methods/base.py,Sat Jun 3 18:30:59 2023 -0400
CoffeaTeam/coffea/src/coffea/nanoevents/methods/systematics/UpDownSystematic.py,Sat Jun 3 18:30:59 2023 -0400
CoffeaTeam/coffea/src/coffea/nanoevents/methods/vector.py,Sat Jun 3 18:30:59 2023 -0400
CoffeaTeam/coffea/src/coffea/nanoevents/methods/pdune.py,Sat Jun 3 18:30:59 2023 -0400
CoffeaTeam/coffea/src/coffea/processor/test_items/NanoDaskProcessor.py,Sat Jun 3 18:30:59 2023 -0400
CoffeaTeam/coffea/src/coffea/lumi_tools/lumi_tools.py,Sat Jun 3 18:30:59 2023 -0400
CoffeaTeam/coffea/src/coffea/ml_tools/helper.py,Sun Jun 4 12:19:21 2023 -0400
CoffeaTeam/coffea/src/coffea/jetmet_tools/CorrectedMETFactory.py,Sat Jun 3 18:30:59 2023 -0400
CoffeaTeam/coffea/src/coffea/jetmet_tools/JetResolutionScaleFactor.py,Sat Jun 3 18:30:59 2023 -0400
CoffeaTeam/coffea/src/coffea/jetmet_tools/JetResolution.py,Sat Jun 3 18:30:59 2023 -0400
CoffeaTeam/coffea/src/coffea/jetmet_tools/JetCorrectionUncertainty.py,Sat Jun 3 18:30:59 2023 -0400
CoffeaTeam/coffea/src/coffea/jetmet_tools/CorrectedJetsFactory.py,Sat Jun 3 18:30:59 2023 -0400
CoffeaTeam/coffea/src/coffea/jetmet_tools/FactorizedJetCorrector.py,Sat Jun 3 18:30:59 2023 -0400
CoffeaTeam/coffea/src/coffea/lookup_tools/txt_converters.py,Sat Jun 3 18:30:59 2023 -0400
CoffeaTeam/coffea/src/coffea/lookup_tools/jme_standard_function.py,Sat Jun 3 18:30:59 2023 -0400
CoffeaTeam/coffea/src/coffea/lookup_tools/lookup_base.py,Sat Jun 3 18:30:59 2023 -0400
CoffeaTeam/coffea/src/coffea/lookup_tools/rochester_lookup.py,Sat Jun 3 18:30:59 2023 -0400
CoffeaTeam/coffea/binder/nanoevents_pq.ipynb,Sat Feb 13 22:46:34 2021 +0530
CoffeaTeam/coffea/binder/servicex/ATLAS/DaskAnalysis.ipynb,Wed Apr 14 15:02:56 2021 -0500
CoffeaTeam/coffea/binder/servicex/ATLAS/LocalExample.ipynb,Wed Apr 14 15:02:56 2021 -0500
CoffeaTeam/coffea/binder/mltools.ipynb,Mon Jun 5 13:42:34 2023 +0200
CoffeaTeam/coffea/binder/nanoevents.ipynb,Wed Jun 3 21:04:16 2020 -0500
CoffeaTeam/coffea/binder/systematics.ipynb,Mon Mar 7 16:07:56 2022 -0600
CoffeaTeam/coffea/binder/packedselection.ipynb,Mon Jun 26 15:15:56 2023 +0200
CoffeaTeam/coffea/binder/processor.ipynb,Mon Jun 8 17:43:45 2020 -0500
CoffeaTeam/coffea/binder/applying_corrections.ipynb,Wed May 29 13:43:18 2019 -0500
colizz/weaver-core-dev/weaver/utils/data/fileio.py,Thu Mar 17 13:08:58 2022 +0100
colizz/weaver-core-dev/weaver/utils/data/tools.py,Thu Mar 17 13:08:58 2022 +0100
colizz/weaver-core-dev/weaver/utils/data/preprocess.py,Thu Mar 17 13:08:58 2022 +0100
colizz/weaver-core-dev/weaver/utils/dataset.py,Thu Mar 17 13:08:58 2022 +0100
colizz/weaver-core-dev/weaver/utils/nn/tools.py,Thu Mar 17 13:08:58 2022 +0100
colizz/weaver-core-dev/weaver/tensorboard_fn/JetClassII_ak8puppi_AD_ensemble.py,Wed May 8 18:50:30 2024 +0800
colizz/weaver-core-dev/weaver/tensorboard_fn/JetClassII_fullspec_AD_ensemble.py,Wed May 8 18:50:30 2024 +0800
colizz/weaver-core-dev/weaver/tensorboard_fn/JetClassII_dijet_AD_ensemble.py,Wed May 8 18:50:30 2024 +0800
colizz/weaver-core-dev/weaver/tensorboard_fn/JetClassII_dijet_AD_ensemble_dl.py,Wed May 8 18:50:30 2024 +0800
colizz/weaver-core-dev/weaver/train.py,Thu Mar 17 13:08:58 2022 +0100
columnflow/columnflow/docs/user_guide/examples/ml_code.py,Fri Mar 1 11:25:45 2024 +0100
columnflow/columnflow/tests/test_plotting.py,Fri Dec 8 16:05:25 2023 +0100
columnflow/columnflow/tests/test_config_util.py,Fri Dec 8 14:54:39 2023 +0100
columnflow/columnflow/tests/test_columnar_util.py,Fri Jul 15 19:57:30 2022 +0200
columnflow/columnflow/analysis_templates/cms_minimal/__cf_module_name__/weight/example.py,Mon Nov 13 17:00:11 2023 +0100
columnflow/columnflow/analysis_templates/cms_minimal/__cf_module_name__/production/example.py,Fri Feb 3 12:17:35 2023 +0100
columnflow/columnflow/analysis_templates/cms_minimal/__cf_module_name__/calibration/example.py,Fri Feb 3 12:17:35 2023 +0100
columnflow/columnflow/analysis_templates/cms_minimal/__cf_module_name__/ml/example.py,Fri Feb 3 12:17:35 2023 +0100
columnflow/columnflow/analysis_templates/cms_minimal/__cf_module_name__/categorization/example.py,Fri Aug 18 18:15:06 2023 +0200
columnflow/columnflow/analysis_templates/cms_minimal/__cf_module_name__/selection/example.py,Fri Feb 3 12:17:35 2023 +0100
columnflow/columnflow/analysis_templates/cms_minimal/__cf_module_name__/config/analysis___cf_short_name_lc__.py,Fri Feb 3 12:17:35 2023 +0100
columnflow/columnflow/columnflow/weight/all_weights.py,Tue May 7 08:52:37 2024 +0200
columnflow/columnflow/columnflow/weight/empty.py,Mon Nov 13 17:00:11 2023 +0100
columnflow/columnflow/columnflow/production/processes.py,Sat Aug 13 16:00:57 2022 +0200
columnflow/columnflow/columnflow/production/normalization.py,Sat Aug 13 16:00:57 2022 +0200
columnflow/columnflow/columnflow/production/cms/top_pt_weight.py,Thu Mar 14 17:30:32 2024 +0100
columnflow/columnflow/columnflow/production/cms/btag.py,Tue Jan 31 10:21:32 2023 +0100
columnflow/columnflow/columnflow/production/cms/seeds.py,Tue Jan 31 10:21:32 2023 +0100
columnflow/columnflow/columnflow/production/cms/scale.py,Tue Jan 31 10:21:32 2023 +0100
columnflow/columnflow/columnflow/production/cms/mc_weight.py,Tue Jan 31 10:21:32 2023 +0100
columnflow/columnflow/columnflow/production/cms/electron.py,Tue Jan 31 10:21:32 2023 +0100
columnflow/columnflow/columnflow/production/cms/pileup.py,Tue Jan 31 10:21:32 2023 +0100
columnflow/columnflow/columnflow/production/cms/pdf.py,Tue Jan 31 10:21:32 2023 +0100
columnflow/columnflow/columnflow/production/cms/gen_top_decay.py,Tue Jan 31 10:21:32 2023 +0100
columnflow/columnflow/columnflow/production/cms/muon.py,Tue Jan 31 10:21:32 2023 +0100
columnflow/columnflow/columnflow/production/categories.py,Sat Aug 13 16:00:57 2022 +0200
columnflow/columnflow/columnflow/production/util.py,Tue Sep 6 22:07:53 2022 +0200
columnflow/columnflow/columnflow/calibration/cms/jets.py,Tue Jan 31 10:21:32 2023 +0100
columnflow/columnflow/columnflow/calibration/cms/tau.py,Wed Jul 17 15:13:38 2024 +0200
columnflow/columnflow/columnflow/calibration/cms/jets_coffea.py,Tue Jan 31 10:21:32 2023 +0100
columnflow/columnflow/columnflow/calibration/cms/met.py,Tue Jan 31 10:21:32 2023 +0100
columnflow/columnflow/columnflow/calibration/util.py,Sat Dec 3 21:46:33 2022 +0100
columnflow/columnflow/columnflow/ml/__init__.py,Sat Aug 13 16:00:57 2022 +0200
columnflow/columnflow/columnflow/plotting/plot_ml_evaluation.py,Thu Dec 7 18:40:12 2023 +0100
columnflow/columnflow/columnflow/selection/cms/jets.py,Fri Jul 12 08:57:29 2024 +0200
columnflow/columnflow/columnflow/selection/cms/met_filters.py,Fri Feb 24 15:18:26 2023 +0100
columnflow/columnflow/columnflow/selection/cms/json_filter.py,Fri Feb 24 15:16:21 2023 +0100
columnflow/columnflow/columnflow/selection/stats.py,Mon Jul 3 10:06:47 2023 +0200
columnflow/columnflow/columnflow/selection/util.py,Mon Jul 3 10:15:41 2023 +0200
columnflow/columnflow/columnflow/selection/matching.py,Mon Aug 15 13:44:04 2022 +0200
columnflow/columnflow/columnflow/selection/__init__.py,Sat Aug 13 16:00:57 2022 +0200
columnflow/columnflow/columnflow/selection/empty.py,Thu Nov 9 10:23:40 2023 +0100
columnflow/columnflow/columnflow/tasks/histograms.py,Sat Aug 13 16:00:57 2022 +0200
columnflow/columnflow/columnflow/tasks/framework/mixins.py,Sat Aug 13 16:00:57 2022 +0200
columnflow/columnflow/columnflow/tasks/framework/histograms.py,Wed May 15 15:15:03 2024 +0200
columnflow/columnflow/columnflow/tasks/ml.py,Sat Aug 13 16:00:57 2022 +0200
columnflow/columnflow/columnflow/tasks/cutflow.py,Sat Aug 13 16:00:57 2022 +0200
columnflow/columnflow/columnflow/tasks/reduction.py,Sat Aug 13 16:00:57 2022 +0200
columnflow/columnflow/columnflow/tasks/calibration.py,Sat Aug 13 16:00:57 2022 +0200
columnflow/columnflow/columnflow/tasks/selection.py,Sat Aug 13 16:00:57 2022 +0200
columnflow/columnflow/columnflow/columnar_util.py,Sat Aug 13 16:00:57 2022 +0200
columnflow/columnflow/columnflow/config_util.py,Wed Feb 8 11:58:06 2023 +0100
columnflow/columnflow/bin/cf_diff.py,Thu Jul 20 21:38:59 2023 +0200
columnflow/columnflow/bin/cf_inspect.py,Thu Jul 20 21:38:59 2023 +0200
cOsprey/stackstac/stackstac/prepare.py,Wed Mar 10 18:36:56 2021 -0700
cristobalchavez21/master_thesis/DPJAnalisis/sort_jets_vbf.py,Tue Mar 21 16:57:48 2023 -0300
cristobalchavez21/master_thesis/DPJAnalisis/.ipynb_checkpoints/main-checkpoint.ipynb,Tue Mar 21 16:57:48 2023 -0300
cristobalchavez21/master_thesis/DPJAnalisis/.ipynb_checkpoints/plotting-checkpoint.ipynb,Tue Mar 21 16:57:48 2023 -0300
cristobalchavez21/master_thesis/DPJAnalisis/plotDistributionsNew.ipynb,Tue Mar 21 16:57:48 2023 -0300
cristobalchavez21/master_thesis/DPJAnalisis/main.ipynb,Tue Mar 21 16:57:48 2023 -0300
cristobalchavez21/master_thesis/DPJAnalisis/util.py,Tue Mar 21 16:57:48 2023 -0300
cristobalchavez21/master_thesis/DPJAnalisis/plotting.ipynb,Tue Mar 21 16:57:48 2023 -0300
cspollard/bbtautau-sbi/inference/IO.py,Tue Aug 29 10:37:13 2023 +0100
CU-DBMI/rtx-kg2-gateway/src/notebooks/create_rtx_kg2_kuzu_database/rtx_kg2_metanames_parquet_for_kuzu.py,Fri Feb 23 13:21:53 2024 -0700
CU-DBMI/rtx-kg2-gateway/src/notebooks/create_rtx_kg2_kuzu_database/rtx_kg2_full_parquet_to_kuzu.ipynb,Fri Feb 23 13:21:53 2024 -0700
CU-DBMI/rtx-kg2-gateway/src/notebooks/create_rtx_kg2_kuzu_database/rtx_kg2_metanames_parquet_for_kuzu.ipynb,Fri Feb 23 13:21:53 2024 -0700
CU-DBMI/rtx-kg2-gateway/src/notebooks/create_rtx_kg2_kuzu_database/rtx_kg2_full_json_to_parquet.py,Fri Feb 23 13:21:53 2024 -0700
CU-DBMI/rtx-kg2-gateway/src/notebooks/create_rtx_kg2_kuzu_database/rtx_kg2_metanames_parquet_to_kuzu_create_tables.py,Fri Feb 23 13:21:53 2024 -0700
CU-DBMI/rtx-kg2-gateway/src/notebooks/create_rtx_kg2_kuzu_database/rtx_kg2_sample_parquet_to_kuzu.py,Fri Feb 23 13:21:53 2024 -0700
CU-DBMI/rtx-kg2-gateway/src/notebooks/create_rtx_kg2_kuzu_database/rtx_kg2_sample_parquet_to_kuzu.ipynb,Fri Feb 23 13:21:53 2024 -0700
CU-DBMI/rtx-kg2-gateway/src/notebooks/create_rtx_kg2_kuzu_database/rtx_kg2_metanames_parquet_to_kuzu_create_tables.ipynb,Fri Feb 23 13:21:53 2024 -0700
CU-DBMI/rtx-kg2-gateway/src/notebooks/create_rtx_kg2_kuzu_database/rtx_kg2_full_parquet_to_kuzu.py,Fri Feb 23 13:21:53 2024 -0700
CU-DBMI/rtx-kg2-gateway/src/notebooks/create_rtx_kg2_kuzu_database/rtx_kg2_sample_json_to_parquet.py,Fri Feb 23 13:21:53 2024 -0700
CU-DBMI/rtx-kg2-gateway/src/notebooks/create_rtx_kg2_kuzu_database/rtx_kg2_full_json_to_parquet.ipynb,Fri Feb 23 13:21:53 2024 -0700
CU-DBMI/rtx-kg2-gateway/src/notebooks/create_rtx_kg2_kuzu_database/rtx_kg2_metanames_parquet_to_kuzu_copy_data_to_tables.ipynb,Fri Feb 23 13:21:53 2024 -0700
CU-DBMI/rtx-kg2-gateway/src/notebooks/create_rtx_kg2_kuzu_database/rtx_kg2_sample_json_to_parquet.ipynb,Fri Feb 23 13:21:53 2024 -0700
CU-DBMI/rtx-kg2-gateway/src/notebooks/create_rtx_kg2_kuzu_database/rtx_kg2_metanames_parquet_to_kuzu_copy_data_to_tables.py,Fri Feb 23 13:21:53 2024 -0700
CU-DBMI/set-effort-analysis/set_effort_analysis/dbmi-related-software-landscape.ipynb,Thu Feb 22 13:32:09 2024 -0700
CU-DBMI/set-effort-analysis/set_effort_analysis/dbmi-related-software-landscape.py,Thu Feb 22 13:32:09 2024 -0700
CU-DBMI/set-presentations/2024-06-07-images-and-databases/src/notebooks/images_and_databases.ipynb,Fri Jun 7 13:08:32 2024 -0600
CU-DBMI/set-presentations/2024-06-07-images-and-databases/src/notebooks/images_and_databases.py,Fri Jun 7 13:08:32 2024 -0600
CU-DBMI/set-presentations/bridges-for-tabular-dimension-chasms/jagged_array_data_handling_with_awkward_parquet_and_duckdb.py,Sat Jan 13 06:09:04 2024 -0700
CU-DBMI/set-presentations/bridges-for-tabular-dimension-chasms/jagged_array_data_handling_with_awkward_parquet_and_duckdb.ipynb,Sat Jan 13 06:09:04 2024 -0700
curtisjhu/hadronicNF/normalizing-flow/gan4hep/nf/csv_to_root/csv_to_root.ipynb,Wed Oct 4 03:46:28 2023 -0700
curtisjhu/hadronicNF/normalizing-flow/gan4hep/nf/csv_to_root/hadronic_to_root.py,Wed Oct 4 03:46:28 2023 -0700
dacarber/nue_ml_selection/systematics/syscalc.py,Wed Mar 6 16:53:53 2024 -0600
dacarber/nue_ml_selection/systematics/sysplot.py,Wed Mar 6 16:53:53 2024 -0600
dacarber/nue_ml_selection/systematics/systools.py,Wed Mar 6 16:53:53 2024 -0600
danbarto/tamalero/data_converter.py,Fri Dec 2 09:21:54 2022 -0500
danbarto/tamalero/single_pixel_plots.py,Wed Oct 18 10:11:09 2023 -0400
danbarto/tamalero/analysis/ScanAnalysis.py,Wed Jan 31 01:59:31 2024 -0600
danbarto/tamalero/analysis/event_builder.py,Fri Mar 22 17:01:51 2024 -0400
danbarto/tamalero/analysis/output_stacker.py,Fri Mar 22 17:40:46 2024 +0100
danbarto/tamalero/analysis/timing_plot.py,Wed Jul 26 12:49:37 2023 -0400
danbarto/tamalero/analysis/desy_test_data.py,Wed Mar 20 16:16:03 2024 +0100
danbarto/tamalero/crcETROC.py,Thu Mar 30 15:43:57 2023 -0700
danbarto/tamalero/data_dumper.py,Wed Jul 26 11:36:46 2023 -0400
dask-contrib/dask-awkward/docs/examples/demo-00.ipynb,Thu Oct 7 08:55:51 2021 -0500
dask-contrib/dask-awkward/docs/examples/io-tutorial/io-01-advanced.ipynb,Fri Jan 26 16:21:56 2024 -0600
dask-contrib/dask-awkward/docs/examples/io-tutorial/io-00-basic.ipynb,Fri Jan 26 16:21:56 2024 -0600
dask-contrib/dask-awkward/tests/test_io.py,Fri May 6 15:02:49 2022 -0400
dask-contrib/dask-awkward/tests/test_parquet.py,Mon Sep 12 14:19:18 2022 -0500
dask-contrib/dask-awkward/tests/test_pickle.py,Tue Sep 5 15:03:59 2023 +0200
dask-contrib/dask-awkward/tests/test_io_json.py,Fri Sep 15 13:21:12 2023 -0500
dask-contrib/dask-awkward/tests/test_describe.py,Fri May 6 15:02:49 2022 -0400
dask-contrib/dask-awkward/tests/test_sizeof.py,Wed Jan 11 14:57:18 2023 -0600
dask-contrib/dask-awkward/tests/test_unproject_layout.py,Fri Jun 9 11:01:10 2023 -0500
dask-contrib/dask-awkward/tests/test_str.py,Thu Sep 14 18:04:36 2023 -0500
dask-contrib/dask-awkward/tests/test_behavior.py,Fri May 6 15:02:49 2022 -0400
dask-contrib/dask-awkward/tests/test_core.py,Thu Sep 23 13:07:07 2021 -0400
dask-contrib/dask-awkward/tests/test_utils.py,Wed Nov 10 12:47:18 2021 -0600
dask-contrib/dask-awkward/tests/test_reducers.py,Fri May 6 15:02:49 2022 -0400
dask-contrib/dask-awkward/tests/test_getitem.py,Mon Nov 8 22:42:02 2021 -0600
dask-contrib/dask-awkward/tests/conftest.py,Fri May 6 15:02:49 2022 -0400
dask-contrib/dask-awkward/tests/test_io_text.py,Thu Sep 7 13:29:06 2023 -0500
dask-contrib/dask-awkward/tests/test_ufunc.py,Tue Nov 16 20:39:47 2021 -0600
dask-contrib/dask-awkward/tests/test_distributed.py,Tue May 31 09:53:29 2022 -0400
dask-contrib/dask-awkward/tests/test_optimize.py,Tue Sep 27 14:54:21 2022 -0500
dask-contrib/dask-awkward/tests/test_structure.py,Fri May 6 15:02:49 2022 -0400
dask-contrib/dask-awkward/tests/test_operations.py,Fri Dec 16 13:55:10 2022 -0600
dask-contrib/dask-awkward/src/dask_awkward/sizeof.py,Wed Jan 11 14:57:18 2023 -0600
dask-contrib/dask-awkward/src/dask_awkward/lib/operations.py,Fri Dec 16 13:55:10 2022 -0600
dask-contrib/dask-awkward/src/dask_awkward/lib/structure.py,Tue Sep 6 13:09:49 2022 -0500
dask-contrib/dask-awkward/src/dask_awkward/lib/io/parquet.py,Mon Sep 12 14:19:18 2022 -0500
dask-contrib/dask-awkward/src/dask_awkward/lib/io/io.py,Tue Sep 6 13:09:49 2022 -0500
dask-contrib/dask-awkward/src/dask_awkward/lib/io/json.py,Tue Sep 6 13:09:49 2022 -0500
dask-contrib/dask-awkward/src/dask_awkward/lib/io/text.py,Thu Sep 7 13:29:06 2023 -0500
dask-contrib/dask-awkward/src/dask_awkward/lib/io/columnar.py,Fri Oct 6 22:25:14 2023 +0100
dask-contrib/dask-awkward/src/dask_awkward/lib/reducers.py,Tue Sep 6 13:09:49 2022 -0500
dask-contrib/dask-awkward/src/dask_awkward/lib/inspect.py,Mon Dec 5 13:13:40 2022 -0600
dask-contrib/dask-awkward/src/dask_awkward/lib/utils.py,Fri Oct 6 22:25:14 2023 +0100
dask-contrib/dask-awkward/src/dask_awkward/lib/unproject_layout.py,Fri Jun 9 11:01:10 2023 -0500
dask-contrib/dask-awkward/src/dask_awkward/lib/str.py,Thu Sep 14 18:04:36 2023 -0500
dask-contrib/dask-awkward/src/dask_awkward/lib/core.py,Tue Sep 6 13:09:49 2022 -0500
dask-contrib/dask-awkward/src/dask_awkward/lib/__init__.py,Tue Sep 6 13:09:49 2022 -0500
dask-contrib/dask-awkward/src/dask_awkward/lib/describe.py,Tue Sep 6 13:09:49 2022 -0500
dask-contrib/dask-awkward/src/dask_awkward/lib/testutils.py,Tue Sep 6 13:09:49 2022 -0500
dask-contrib/dask-awkward/src/dask_awkward/lib/optimize.py,Tue Sep 6 13:09:49 2022 -0500
dask-contrib/dask-awkward/src/dask_awkward/utils.py,Tue Nov 2 13:09:30 2021 -0500
dask-contrib/dask-awkward/src/dask_awkward/pickle.py,Thu Aug 31 08:09:47 2023 +0100
dask-contrib/dask-awkward/src/dask_awkward/layers/__init__.py,Tue Sep 6 13:09:49 2022 -0500
dask-contrib/dask-awkward/src/dask_awkward/layers/layers.py,Tue Sep 6 13:09:49 2022 -0500
dask-contrib/dask-awkward/src/dask_awkward/__init__.py,Thu Aug 19 15:51:28 2021 -0400
deeplook/streamlit-helpers/apps/awkward.py,Sat Jan 8 16:14:04 2022 +0100
deeplook/streamlit-helpers/streamlit_helpers.py,Thu Dec 30 10:51:17 2021 +0100
deinal/jec-inference/utils/fileio.py,Tue Apr 19 14:26:54 2022 +0200
deinal/jec-inference/utils/visualize_data.py,Thu May 12 15:21:01 2022 +0200
deinal/jec-inference/utils/preprocess.py,Tue Apr 19 14:26:54 2022 +0200
deinal/jec-inference/demo/demo.ipynb,Tue Apr 4 14:41:44 2023 +0000
deinal/jec-inference/demo/inference.py,Tue Apr 4 14:41:44 2023 +0000
deinal/jec-inference/inference.ipynb,Tue Apr 19 14:26:54 2022 +0200
deinal/jec-inference/data_viz.ipynb,Thu Feb 16 11:44:33 2023 +0000
deinal/jec-gnn/bin/standard_benchmark.py,Sun Feb 27 23:39:39 2022 +0200
deinal/jec-gnn/bin/visualize_data.py,Sun Feb 27 23:39:39 2022 +0200
deinal/jec-gnn/src/data.py,Wed Jun 16 19:58:04 2021 +0300
deinal/jec-dnn/compare.py,Fri Jul 9 16:33:30 2021 +0300
deinal/jec-dnn/plot.py,Sat Mar 6 12:50:10 2021 +0200
deinal/jec-dnn/src/data.py,Wed Jun 16 19:58:04 2021 +0300
delannoy/lastfm-explorer/lastfm/request.py,Mon May 15 19:42:30 2023 +0200
delannoy/lastfm-explorer/lastfm/export.py,Sat Jul 1 18:05:56 2023 +0200
delannoy/lastfm-explorer/musicbrainz/request.py,Sat Aug 5 16:37:02 2023 +0200
delannoy/lastfm-explorer/musicbrainz/lookup.py,Sat Aug 5 16:37:02 2023 +0200
delannoy/lastfm-explorer/musicbrainz/browse.py,Sun Aug 6 18:35:37 2023 +0200
delannoy/lastfm-explorer/spotify/spotify.py,Thu Jul 13 20:57:54 2023 +0200
denehoffman/splot/src/splot/splot.py,Tue Jun 21 15:00:31 2022 -0400
denehoffman/PartialWaveAnalysis/plot_amps.py,Thu Aug 12 17:04:43 2021 -0400
denehoffman/PartialWaveAnalysis/plot_results.py,Mon Jul 5 16:36:40 2021 -0400
deoache/wprime_plus_b/wprime_plus_b/corrections/btag.py,Tue Jul 11 01:08:05 2023 +0000
deoache/wprime_plus_b/wprime_plus_b/corrections/jec.py,Tue Jul 11 01:08:05 2023 +0000
deoache/wprime_plus_b/wprime_plus_b/corrections/tau_energy.py,Mon Mar 4 16:32:59 2024 +0000
deoache/wprime_plus_b/wprime_plus_b/corrections/lepton.py,Tue Jul 11 01:08:05 2023 +0000
deoache/wprime_plus_b/wprime_plus_b/corrections/pujetid.py,Tue Sep 26 20:11:03 2023 +0000
deoache/wprime_plus_b/wprime_plus_b/corrections/utils.py,Tue Jul 11 01:08:05 2023 +0000
deoache/wprime_plus_b/wprime_plus_b/corrections/pileup.py,Tue Jul 11 01:08:05 2023 +0000
deoache/wprime_plus_b/wprime_plus_b/corrections/rochester.py,Tue Mar 19 13:42:03 2024 +0000
deoache/wprime_plus_b/wprime_plus_b/corrections/met.py,Tue Jul 11 01:08:05 2023 +0000
deoache/wprime_plus_b/wprime_plus_b/processors/utils/analysis_utils.py,Tue Jul 11 01:10:30 2023 +0000
deoache/wprime_plus_b/wprime_plus_b/processors/trigger_efficiency_processor.py,Thu Mar 2 00:31:11 2023 +0000
deoache/wprime_plus_b/wprime_plus_b/processors/qcd_analysis.py,Thu Nov 2 10:34:02 2023 +0000
deoache/wprime_plus_b/wprime_plus_b/processors/btag_efficiency_processor.py,Wed Apr 5 17:36:24 2023 +0000
deoache/wprime_plus_b/wprime_plus_b/processors/ztoll_processor.py,Sat Jun 24 21:10:47 2023 +0000
deoache/wprime_plus_b/wprime_plus_b/processors/ttbar_analysis.py,Wed Aug 16 14:25:15 2023 +0000
deoache/wprime_plus_b/wprime_plus_b/selections/ttbar/jet_selection.py,Wed Aug 2 12:55:51 2023 +0000
deoache/wprime_plus_b/wprime_plus_b/selections/ttbar/lepton_selection.py,Wed Aug 2 12:55:51 2023 +0000
deoache/wprime_plus_b/wprime_plus_b/selections/qcd/jet_selection.py,Thu Nov 2 10:34:02 2023 +0000
deoache/wprime_plus_b/wprime_plus_b/selections/qcd/lepton_selection.py,Thu Nov 2 10:34:02 2023 +0000
deoache/wprime_plus_b/wprime_plus_b/selections/ztoll/jet_selection.py,Thu Sep 7 20:39:53 2023 +0000
deoache/wprime_plus_b/wprime_plus_b/selections/ztoll/lepton_selection.py,Thu Sep 7 20:39:53 2023 +0000
deoache/wprime_plus_b/binder/top_finder.ipynb,Fri Jul 14 03:10:50 2023 +0000
det-lab/kaitai_struct_awkward_runtime/tests/test_records.py,Mon Jan 15 18:40:25 2024 +0100
det-lab/kaitai_struct_awkward_runtime/tests/test_index_option.py,Mon Jan 15 18:40:25 2024 +0100
det-lab/kaitai_struct_awkward_runtime/tests/test_numpy.py,Mon Jan 15 18:40:25 2024 +0100
det-lab/kaitai_struct_awkward_runtime/tests/test_scdms_v8.py,Mon Jan 15 18:40:25 2024 +0100
det-lab/kaitai_struct_awkward_runtime/tests/test_fake.py,Wed Jan 10 15:03:47 2024 +0100
det-lab/kaitai_struct_awkward_runtime/tests/test_simple_enum.py,Mon Feb 19 20:30:05 2024 +0100
det-lab/kaitai_struct_awkward_runtime/tests/test_scdms.py,Mon Jan 15 18:40:25 2024 +0100
det-lab/kaitai_struct_awkward_runtime/tests/test_animal.py,Thu Dec 7 11:25:40 2023 +0100
det-lab/kaitai_struct_awkward_runtime/tests/test_pixie4e.py,Mon Jan 15 18:40:25 2024 +0100
det-lab/kaitai_struct_awkward_runtime/tests/test_hello_world.py,Mon Jan 15 18:40:25 2024 +0100
det-lab/kaitai_struct_awkward_runtime/src/awkward_kaitai/builder.py,Thu Oct 26 15:44:02 2023 +0100
det-lab/kaitai_struct_awkward_runtime/src/awkward_kaitai/reader.py,Thu Oct 26 15:44:02 2023 +0100
dewloosh/Neumann/tests/test_utils.py,Sat Jan 7 15:18:22 2023 +0100
dewloosh/Neumann/src/neumann/linalg/sparse/jaggedarray.py,Thu Aug 11 22:02:58 2022 +0200
dewloosh/Neumann/src/neumann/linalg/sparse/csr.py,Thu Aug 11 22:02:58 2022 +0200
dewloosh/Neumann/src/neumann/arraysetops.py,Thu Aug 11 22:02:58 2022 +0200
dewloosh/spdata/src/spdata/jaggedarray.py,Thu Dec 2 17:36:26 2021 +0100
dewloosh/dewloosh-geom/src/dewloosh/geom/polydata.py,Sat Dec 4 08:24:17 2021 +0100
dewloosh/dewloosh-geom/src/dewloosh/geom/akwrap.py,Mon May 30 15:41:03 2022 +0200
dewloosh/dewloosh-geom/src/dewloosh/geom/topo/topoarray.py,Wed Jul 6 18:54:16 2022 +0200
dewloosh/dewloosh-geom/src/dewloosh/geom/topo/topo.py,Sat Dec 4 08:24:17 2021 +0100
dewloosh/dewloosh-math/src/dewloosh/math/linalg/sparse/jaggedarray.py,Fri Dec 3 23:38:52 2021 +0100
dewloosh/dewloosh-math/src/dewloosh/math/arraysetops.py,Fri Dec 3 23:38:52 2021 +0100
dewloosh/SigmaEpsilon/notebooks/bernoulli/from_ak.ipynb,Fri Dec 2 09:38:56 2022 +0100
dewloosh/SigmaEpsilon/notebooks/stand_proc.ipynb,Fri Oct 14 16:44:14 2022 +0200
dewloosh/SigmaEpsilon/src/sigmaepsilon/utils/fem/imap.py,Wed Mar 1 15:51:56 2023 +0100
dewloosh/SigmaEpsilon/src/sigmaepsilon/utils/fem/fem.py,Wed Mar 1 15:51:56 2023 +0100
dewloosh/PolyMesh/src/polymesh/topoarray.py,Thu Dec 15 16:30:43 2022 +0100
dewloosh/PolyMesh/src/polymesh/polydata.py,Thu Aug 11 21:52:57 2022 +0200
dewloosh/PolyMesh/src/polymesh/utils/topology/tr.py,Thu Dec 15 16:30:43 2022 +0100
dewloosh/PolyMesh/src/polymesh/utils/topology/topo.py,Thu Dec 15 16:30:43 2022 +0100
dewloosh/PolyMesh/src/polymesh/akwrap.py,Thu Aug 11 21:52:57 2022 +0200
dewloosh/PolyMesh/src/polymesh/pointdata.py,Thu Aug 11 21:52:57 2022 +0200
dfaroughy/BSM_course_2023/src/BSMhighPT2023/fastjet.py,Tue Aug 29 14:55:15 2023 +0200
dguest/mlbnn/advanced/scripts/read_four_vectors.py,Sat Feb 9 11:46:38 2019 +0100
diamondIPP/HighResAnalysis/cern/ref.py,Wed Oct 12 11:39:28 2022 +0200
diamondIPP/HighResAnalysis/cern/adc.py,Tue Jul 19 16:02:20 2022 +0200
diamondIPP/HighResAnalysis/src/converter.py,Tue Feb 4 11:13:10 2020 +0100
DimAthanasakos/GNNs-and-Jets/analysis/dataloader.py,Fri Apr 5 11:31:43 2024 -0700
DimAthanasakos/GNNs-and-Jets/analysis/process_subjets.py,Sat May 11 18:12:23 2024 -0700
dkobylianskii/fastsim-advanced/fm-edm/eval.py,Thu May 30 15:35:46 2024 +0300
dkobylianskii/fastsim-advanced/SA_baseline/eval.py,Thu May 30 15:35:46 2024 +0300
douglasdavis/pyhep-2022-dask/talk.ipynb,Mon Sep 12 09:33:37 2022 -0500
douglasdavis/awkward-pandas/docs/demo/awkward-pandas-demo.ipynb,Wed Oct 26 10:40:49 2022 -0500
douglasdavis/awkward-pandas/tests/test_base.py,Fri Jul 22 12:14:14 2022 -0500
douglasdavis/awkward-pandas/tests/test_accessor.py,Fri Jul 22 12:14:14 2022 -0500
douglasdavis/awkward-pandas/tests/test_upstream_extension_tests.py,Wed Sep 28 12:37:28 2022 -0500
douglasdavis/awkward-pandas/src/awkward_pandas/lib.py,Thu Oct 13 13:50:21 2022 -0500
douglasdavis/awkward-pandas/src/awkward_pandas/io.py,Fri Aug 5 12:45:21 2022 -0500
douglasdavis/awkward-pandas/src/awkward_pandas/strings.py,Fri Aug 19 15:32:28 2022 -0500
douglasdavis/awkward-pandas/src/awkward_pandas/dtype.py,Tue Jul 19 10:10:43 2022 -0500
douglasdavis/awkward-pandas/src/awkward_pandas/__init__.py,Thu Jul 7 15:34:09 2022 -0400
douglasdavis/awkward-pandas/src/awkward_pandas/accessor.py,Fri Jul 22 12:14:14 2022 -0500
douglasdavis/awkward-pandas/src/awkward_pandas/array.py,Tue Jul 19 11:05:21 2022 -0500
douglasdavis/uproot5/tests/test_0643-reading-vector-pair-TLorentzVector-int.py,Thu Aug 11 21:12:46 2022 +0000
douglasdavis/uproot5/tests/test_0498-create-leaf-branch-in-extend.py,Fri Nov 5 17:51:03 2021 +0000
douglasdavis/uproot5/tests/test_0018-array-fetching-interface.py,Tue Jun 2 19:23:49 2020 -0500
douglasdavis/uproot5/tests/test_0126-turn-unknown-emptyarrays-into-known-types.py,Fri Nov 20 14:46:55 2020 -0600
douglasdavis/uproot5/tests/test_0034-generic-objects-in-ttrees.py,Wed Jul 1 22:54:07 2020 -0500
douglasdavis/uproot5/tests/test_0118-fix-name-fetch-again.py,Sat Sep 26 17:39:04 2020 -0500
douglasdavis/uproot5/tests/test_0053-parents-should-not-be-bases.py,Sun Jul 19 20:08:52 2020 -0500
douglasdavis/uproot5/tests/test_0044-concatenate-function.py,Tue Jul 7 13:33:34 2020 -0500
douglasdavis/uproot5/tests/test_0662-rntuple-stl-containers.py,Thu Aug 18 17:01:34 2022 -0400
douglasdavis/uproot5/tests/test_0610-awkward-form.py,Thu Sep 8 11:29:30 2022 +0530
douglasdavis/uproot5/tests/test_0442-regular-TClonesArray.py,Mon Sep 20 15:09:59 2021 -0400
douglasdavis/uproot5/tests/test_0414-write-jagged-arrays.py,Thu Aug 19 18:38:46 2021 +0000
douglasdavis/uproot5/tests/test_0303-empty-jagged-array.py,Fri Mar 12 13:11:32 2021 -0600
douglasdavis/uproot5/tests/test_0652_dask-for-awkward.py,Thu Aug 11 10:47:41 2022 +0530
douglasdavis/uproot5/tests/test_0033-more-interpretations-2.py,Fri Jun 26 19:51:54 2020 -0500
douglasdavis/uproot5/tests/test_0700-dask-empty-arrays.py,Fri Sep 2 21:54:00 2022 +0530
douglasdavis/uproot5/src/uproot/streamers.py,Wed Mar 31 14:34:32 2021 -0500
douglasdavis/uproot5/src/uproot/writing/_cascadetree.py,Thu Aug 19 21:04:38 2021 +0000
douglasdavis/uproot5/src/uproot/writing/identify.py,Thu Aug 19 21:04:38 2021 +0000
douglasdavis/uproot5/src/uproot/models/TAtt.py,Wed Mar 31 14:34:32 2021 -0500
douglasdavis/uproot5/src/uproot/models/TGraph.py,Wed May 5 20:45:35 2021 +0000
douglasdavis/uproot5/src/uproot/models/RNTuple.py,Wed Mar 31 14:34:32 2021 -0500
douglasdavis/uproot5/src/uproot/models/TH.py,Wed May 5 20:45:35 2021 +0000
douglasdavis/uproot5/src/uproot/extras.py,Wed Mar 31 14:34:32 2021 -0500
douglasdavis/uproot5/src/uproot/interpretation/objects.py,Wed Mar 31 14:34:32 2021 -0500
douglasdavis/uproot5/src/uproot/interpretation/strings.py,Wed Mar 31 14:34:32 2021 -0500
douglasdavis/uproot5/src/uproot/interpretation/library.py,Wed Mar 31 14:34:32 2021 -0500
douglasdavis/dask-awkward-demo/demo.ipynb,Wed Mar 23 22:04:57 2022 -0400
draghuram/top-quark-mass/poc/poc3.py,Fri Jun 23 17:46:44 2023 -0400
draghuram/top-quark-mass/ttbar-analysis.py,Fri Jun 23 17:46:44 2023 -0400
DraTeots/trd_rec/ReadRootFile.ipynb,Tue Sep 21 12:31:23 2021 -0400
DraTeots/trd_rec/FilteringArrays.ipynb,Tue Sep 21 12:31:23 2021 -0400
DryRun/boffea/barista/Bs2PhiJpsi2KKMuMu/mc_efficiency_processor.py,Tue Sep 29 14:16:48 2020 -0500
DryRun/boffea/barista/Bd2KsJpsi2KPiMuMu/mc_efficiency_processor.py,Wed Mar 25 14:30:06 2020 -0500
DryRun/boffea/barista/data/add_efficiency.py,Tue Sep 29 17:37:21 2020 -0500
DryRun/boffea/barista/data/luminosity.py,Tue Nov 17 18:57:19 2020 -0600
DryRun/boffea/barista/data/data_processor.py,Wed Mar 25 14:30:06 2020 -0500
DryRun/boffea/barista/Bu2KJpsi2KMuMu/mc_efficiency.py,Wed Jan 8 14:24:45 2020 -0600
DryRun/boffea/barista/Bu2KJpsi2KMuMu/mc_efficiency_processor.py,Wed Mar 25 14:30:06 2020 -0500
DryRun/boffea/barista/Lambdab2KpMuMu/mc_efficiency_processor.py,Thu Apr 1 14:20:36 2021 -0500
DryRun/boffea/barista/Bu2PiJPsi2PiMuMu/mc_efficiency_processor.py,Tue Sep 29 14:16:48 2020 -0500
DryRun/boffea/barista/Bu2PiJPsi2PiMuMu/mc_efficiency_processor_old.py,Tue Sep 29 14:16:48 2020 -0500
DryRun/boffea/brazil/count_photon_children.py,Tue Sep 29 14:16:48 2020 -0500
DryRun/boffea/brazil/dataframereader.py,Wed Mar 25 14:30:06 2020 -0500
dteague/Analysis_Suite/data/scripts/calculate_misId.py,Tue Aug 9 05:00:12 2022 -0500
dteague/Analysis_Suite/data/scripts/calculate_fr.py,Tue Aug 9 05:00:12 2022 -0500
dteague/Analysis_Suite/data/scripts/convert_fakerates.py,Tue Aug 9 05:00:12 2022 -0500
dteague/Analysis_Suite/data/python/plotInfo/befficiency.py,Thu Sep 29 09:28:28 2022 -0500
dteague/Analysis_Suite/data/python/plotInfo/misId_fakerate.py,Thu Sep 29 09:39:43 2022 -0500
dteague/Analysis_Suite/data/python/plotInfo/plotInfo.py,Wed Oct 19 06:33:07 2022 -0500
dteague/Analysis_Suite/machine_learning/python/TMVA.py,Mon Oct 3 04:44:16 2022 -0500
dteague/Analysis_Suite/plotting/python/plotter.py,Mon Oct 3 04:39:51 2022 -0500
dteague/Analysis_Suite/flatten/python/flatgetter.py,Thu Sep 1 05:42:49 2022 -0500
dteague/Analysis_Suite/flatten/python/ntuplegetter.py,Thu Sep 1 11:05:41 2022 -0500
dteague/Analysis_Suite/flatten/python/basegetter.py,Thu Sep 1 05:42:49 2022 -0500
dteague/Analysis_Suite/mva_new.py,Mon May 13 06:31:21 2024 -0500
d-w-liu/personal-projects/Neural Network Tests/neural_network_training.py,Thu Jul 6 11:52:22 2023 -0700
d-w-liu/personal-projects/Physics Research/CERN/ServiceX stuff/examples/.ipynb_checkpoints/ServiceXStreaming-checkpoint.ipynb,Thu Jul 6 11:52:22 2023 -0700
d-w-liu/personal-projects/Physics Research/CERN/ServiceX stuff/examples/ServiceXStreaming.ipynb,Thu Jul 6 11:52:22 2023 -0700
EASS-HIT-PART-A-2022-CLASS-II/food-ordering/backend/main.py,Sun Dec 18 23:27:56 2022 +0200
edcuba/TICLPatternReco/reco/data.py,Sun Feb 12 20:22:21 2023 +0100
edcuba/TICLPatternReco/reco/datasetLCPU.py,Mon Nov 28 10:51:08 2022 +0100
edcuba/TICLPatternReco/reco/dataset.py,Tue Sep 27 14:54:48 2022 +0200
edcuba/TICLPatternReco/reco/datasetPU.py,Fri Nov 11 18:05:27 2022 +0100
edcuba/TICLPatternReco/reco/plotting.py,Mon Sep 5 17:09:06 2022 +0200
edcuba/TICLPatternReco/reco/event.py,Mon Sep 5 17:09:06 2022 +0200
edcuba/TICLPatternReco/reco/evaluation.py,Mon Sep 5 17:09:06 2022 +0200
edcuba/TICLPatternReco/6.dataset_trackster_graph.classification.ipynb,Tue Feb 21 11:28:36 2023 +0100
edcuba/TICLPatternReco/1.data.ipynb,Tue Feb 7 14:26:20 2023 +0100
edcuba/TICLPatternReco/6.dataset_pairwise.ipynb,Tue Feb 7 14:26:20 2023 +0100
edcuba/TICLPatternReco/4.baseline_clustering.ipynb,Sun Feb 12 20:15:03 2023 +0100
edcuba/TICLPatternReco/3.evaluation.ipynb,Tue Feb 7 14:26:20 2023 +0100
edcuba/TICLPatternReco/2.analysis.trackster_distance.ipynb,Tue Feb 7 14:26:20 2023 +0100
edcuba/TICLPatternReco/trunk/4.baseline_density.ipynb,Sun Feb 12 20:15:03 2023 +0100
edcuba/TICLPatternReco/trunk/6.dataset_lc_graph.PU.ipynb,Sun Feb 19 22:51:34 2023 +0100
edcuba/TICLPatternReco/trunk/6.dataset_lc_graph.ipynb,Tue Feb 7 14:26:20 2023 +0100
edcuba/TICLPatternReco/trunk/4.3.1.pairwise_lc_graph_dataset.ipynb,Tue Feb 7 14:26:20 2023 +0100
edcuba/TICLPatternReco/trunk/4.baseline_pca.ipynb,Tue Feb 7 14:26:20 2023 +0100
edcuba/TICLPatternReco/trunk/6.dataset_trackster_graph.PU.ipynb,Wed Feb 22 19:29:17 2023 +0100
edcuba/TICLPatternReco/trunk/4.baseline_agglomerative.ipynb,Sun Feb 12 20:15:03 2023 +0100
edcuba/TICLPatternReco/2.analysis_energy_profile.ipynb,Tue Feb 7 14:26:20 2023 +0100
edcuba/TICLPatternReco/3.target.ipynb,Tue Feb 7 14:26:20 2023 +0100
edcuba/TICLPatternReco/1.data.PU.ipynb,Tue Feb 7 14:26:20 2023 +0100
edcuba/TICLPatternReco/2.analysis.PU.ipynb,Tue Feb 7 14:26:20 2023 +0100
edcuba/TICLPatternReco/6.dataset_pairwise.PU.ipynb,Tue Feb 7 14:26:20 2023 +0100
edcuba/hgcal-pattern-reco/reco/dataset_pair.py,Wed May 17 17:21:57 2023 +0200
edcuba/hgcal-pattern-reco/reco/event.py,Wed May 17 17:21:57 2023 +0200
edcuba/hgcal-pattern-reco/reco/evaluation.py,Wed May 17 17:21:57 2023 +0200
edcuba/hgcal-pattern-reco/reco/dataset_graph.py,Wed May 17 17:21:57 2023 +0200
eic/epic-capybara/epic_capybara/cli/bara.py,Sat Aug 5 17:38:34 2023 -0400
eic/detector_benchmarks/benchmarks/zdc_lyso/analysis/analysis.py,Sat Jul 27 00:33:04 2024 -0400
elumixor/mtcp/data_processing/processing/read_region.py,Wed Jul 26 19:47:49 2023 +0200
elumixor/mtcp/data_processing/processing/array_converter.py,Wed Jul 26 19:47:49 2023 +0200
elumixor/mtcp/friend_ntuples/model.py,Fri Aug 4 14:50:31 2023 +0200
enricozammitlon/GAN4DS/[Legacy] Jupyter_Notebooks/1D cGAN/S2/Copy of THE1D_GAN_Final_v2.ipynb,Thu May 21 00:32:04 2020 +0200
enricozammitlon/GAN4DS/[Legacy] Jupyter_Notebooks/1D cGAN/S2/THECGAN_DM_S2_DONE_7_12_19.ipynb,Thu May 21 00:32:04 2020 +0200
enricozammitlon/GAN4DS/[Legacy] Jupyter_Notebooks/1D cGAN/Two Conditions/2CGAN_DM_S2_FINISHED_03_03_20.ipynb,Thu May 21 00:32:04 2020 +0200
enricozammitlon/GAN4DS/[Legacy] Jupyter_Notebooks/1D cGAN/Wasserstein GAN/1DWCGAN_DM_S1_4_2_20_FINISHED.ipynb,Thu May 21 00:32:04 2020 +0200
enricozammitlon/GAN4DS/[Legacy] Jupyter_Notebooks/1D cGAN/S1/THECGAN_DM_S1_DONE_7_12_19.ipynb,Thu May 21 00:32:04 2020 +0200
enricozammitlon/GAN4DS/[Legacy] Jupyter_Notebooks/1D cGAN/S1/CGAN_DM_S1_5IN_11_11_19.ipynb,Thu May 21 00:32:04 2020 +0200
enricozammitlon/GAN4DS/[Legacy] Jupyter_Notebooks/1D cGAN/S1/Testing/Copy of THECGAN_DM_S1.ipynb,Thu May 21 00:32:04 2020 +0200
enricozammitlon/GAN4DS/[Legacy] Jupyter_Notebooks/1D cGAN/S1/Testing/CGAN_DM_S1_BATCH.ipynb,Thu May 21 00:32:04 2020 +0200
enricozammitlon/GAN4DS/[Legacy] Jupyter_Notebooks/1D cGAN/S1/Testing/CGAN_DM_S1_NODES.ipynb,Thu May 21 00:32:04 2020 +0200
enricozammitlon/GAN4DS/[Legacy] Jupyter_Notebooks/1D cGAN/S1/Testing/CGAN_DM_S1_Normalized.ipynb,Thu May 21 00:32:04 2020 +0200
enricozammitlon/GAN4DS/[Legacy] Jupyter_Notebooks/1D cGAN/S1/Testing/CGAN_DM_S1_DROPOUT.ipynb,Thu May 21 00:32:04 2020 +0200
enricozammitlon/GAN4DS/[Legacy] Jupyter_Notebooks/1D cGAN/S1/Testing/CGAN_DM_S1_GENLAYERS.ipynb,Thu May 21 00:32:04 2020 +0200
enricozammitlon/GAN4DS/[Legacy] Jupyter_Notebooks/1D cGAN/S1/Testing/Copy of CGAN_DM_S1_5IN.ipynb,Thu May 21 00:32:04 2020 +0200
enricozammitlon/GAN4DS/[Legacy] Jupyter_Notebooks/1D cGAN/S1/CGAN_DM_S1.ipynb,Thu May 21 00:32:04 2020 +0200
enricozammitlon/GAN4DS/[Legacy] Jupyter_Notebooks/1D cGAN/f200/THECGAN_DM_F200_v3_DONE_7_12_19.ipynb,Thu May 21 00:32:04 2020 +0200
enricozammitlon/GAN4DS/[Legacy] Jupyter_Notebooks/2D GAN/2D_GAN.ipynb,Thu May 21 00:32:04 2020 +0200
enricozammitlon/GAN4DS/[Legacy] Jupyter_Notebooks/2D GAN/2D_GAN_DM_FINAL_3_12_19.ipynb,Thu May 21 00:32:04 2020 +0200
enricozammitlon/GAN4DS/[Legacy] Jupyter_Notebooks/2D GAN/2D_GAN_1e4_26_10_19.ipynb,Thu May 21 00:32:04 2020 +0200
enricozammitlon/GAN4DS/[Legacy] Jupyter_Notebooks/1D GAN/1D_GAN_Correlations_28_10_19.ipynb,Thu May 21 00:32:04 2020 +0200
enricozammitlon/GAN4DS/[Legacy] Jupyter_Notebooks/1D GAN/Trash/1D_GAN_Comparison.ipynb,Thu May 21 00:32:04 2020 +0200
enricozammitlon/GAN4DS/[Legacy] Jupyter_Notebooks/1D GAN/Trash/1D_GAN.ipynb,Thu May 21 00:32:04 2020 +0200
enricozammitlon/GAN4DS/[Legacy] Jupyter_Notebooks/1D GAN/Trash/1D_GAN_VARY_BATCH.ipynb,Thu May 21 00:32:04 2020 +0200
enricozammitlon/GAN4DS/[Legacy] Jupyter_Notebooks/1D GAN/THE1D_GAN_Final_28_11_19.ipynb,Thu May 21 00:32:04 2020 +0200
enricozammitlon/GAN4DS/[Legacy] Jupyter_Notebooks/1D GAN/F90_1D_GAN.ipynb,Thu May 21 00:32:04 2020 +0200
enricozammitlon/GAN4DS/[Legacy] Jupyter_Notebooks/1D GAN/1D_GAN_TestingVars_28_11_19.ipynb,Thu May 21 00:32:04 2020 +0200
enricozammitlon/GAN4DS/[Legacy] Jupyter_Notebooks/2D cGAN/KS_CGAN_27_01_20.ipynb,Thu May 21 00:32:04 2020 +0200
enricozammitlon/GAN4DS/[Legacy] Jupyter_Notebooks/2D cGAN/Copy of THECGAN_DM_S1_v_s2.ipynb,Thu May 21 00:32:04 2020 +0200
enricozammitlon/GAN4DS/[Legacy] Jupyter_Notebooks/2D cGAN/Marshall_Wace.ipynb,Thu May 21 00:32:04 2020 +0200
enricozammitlon/GAN4DS/[Legacy] Jupyter_Notebooks/2D cGAN/THECGAN_DM_S1_v_s2.ipynb,Thu May 21 00:32:04 2020 +0200
enricozammitlon/GAN4DS/[Legacy] Jupyter_Notebooks/2D cGAN/CGAN_DM_S1_v_s2.ipynb,Thu May 21 00:32:04 2020 +0200
enricozammitlon/GAN4DS/[Legacy] Jupyter_Notebooks/2D cGAN/Old s1 and s2/THECGAN_DM_S1_v_S_6IN_14_11_19.ipynb,Thu May 21 00:32:04 2020 +0200
enricozammitlon/GAN4DS/[Legacy] Jupyter_Notebooks/2D cGAN/Copy of CGAN_DM_S1_v_s2.ipynb,Thu May 21 00:32:04 2020 +0200
enricozammitlon/GAN4DS/[Legacy] Jupyter_Notebooks/2D cGAN/KScGAN_DM_S1_v_s2_28_01_20.ipynb,Thu May 21 00:32:04 2020 +0200
enricozammitlon/GAN4DS/[Legacy] Jupyter_Notebooks/2D cGAN/thecGAN_2D.ipynb,Thu May 21 00:32:04 2020 +0200
enricozammitlon/GAN4DS/[Legacy] Jupyter_Notebooks/2D cGAN/CGAN_DM_S1_v_s2_v2.ipynb,Thu May 21 00:32:04 2020 +0200
enricozammitlon/GAN4DS/[Legacy] Jupyter_Notebooks/2D cGAN/THECGAN_DM_S1_v_s2_v_f200_13_12_19.ipynb,Thu May 21 00:32:04 2020 +0200
enricozammitlon/GAN4DS/[Legacy] Jupyter_Notebooks/2D cGAN/Copy of CGAN_DM_S1_v_s2(1).ipynb,Thu May 21 00:32:04 2020 +0200
es-zenhom/vbs2/notebooks/vbsvvhjets_binnedMC.ipynb,Sun Jun 9 00:34:27 2024 -0700
es-zenhom/vbs2/abcdnet/scripts/plot.py,Sun Jun 9 00:34:27 2024 -0700
eweik/AwkwardNN/awkwardNN/utils/dataset_utils_uproot4.py,Mon Aug 31 13:03:23 2020 -0400
eweik/AwkwardNN/awkwardNN/utils/dataset_utils_uproot.py,Mon Aug 31 13:03:23 2020 -0400
eweik/AwkwardNN/awkwardNN/nets/awkwardNN.py,Mon Aug 10 10:12:16 2020 -0400
eweik/AwkwardNN/awkwardNN/yamlTree.py,Mon Aug 31 13:03:23 2020 -0400
eweik/AwkwardNN/notebooks/yamlfile_demo.ipynb,Mon Aug 31 13:03:23 2020 -0400
eweik/AwkwardNN/notebooks/awkwardNN_demo.ipynb,Mon Aug 31 13:03:23 2020 -0400
eweik/AwkwardNN/notebooks/awkwardNN_underthehood.ipynb,Mon Aug 31 13:03:23 2020 -0400
eweik/AwkwardNN/main.py,Fri Jun 26 14:34:57 2020 -0400
ewencedr/FastJet-LHCO/fastjet_awkward.ipynb,Tue Aug 1 14:54:42 2023 +0200
ExoPie/ExoPieAwkwardAnalyzer/regions.py,Thu Oct 21 21:56:34 2021 +0200
ExoPie/ExoPieAwkwardAnalyzer/bbDMAnalyzer_onezip_iterate.py,Thu Oct 21 21:56:34 2021 +0200
ExoPie/ExoPieAwkwardAnalyzer/condor_test/regions.py,Tue Nov 1 04:53:20 2022 +0100
ExoPie/ExoPieAwkwardAnalyzer/condor_test/bbDMAnalyzer_onezip_iterate.py,Tue Nov 1 04:53:20 2022 +0100
ExoPie/ExoPieAwkwardAnalyzer/condor_test/utils.py,Tue Nov 1 04:53:20 2022 +0100
ExoPie/ExoPieAwkwardAnalyzer/utils.py,Thu Oct 21 21:56:34 2021 +0200
FAIR4HEP/hbb_interaction_network/src/data/make_dataset.py,Sun Jun 5 22:57:29 2022 -0500
farakiko/xai4hep/xai4hep/particlenet/dataset.py,Wed Nov 30 17:27:31 2022 -0600
farakiko/xai4hep/xai4hep/particlenet/fastjet_utils.py,Wed Nov 30 17:27:31 2022 -0600
farakiko/xai4hep/xai4hep/binder/fastjet.ipynb,Wed Nov 30 17:27:31 2022 -0600
FAST-HEP/scikit-validate/tests/dependencies/awkward_array/test_restructuring.py,Thu Dec 3 21:04:08 2020 +0000
FAST-HEP/scikit-validate/tests/dependencies/awkward_array/test_operations.py,Mon Nov 23 17:00:26 2020 +0000
FAST-HEP/scikit-validate/skvalidate/io/__init__.py,Tue Sep 25 20:55:29 2018 +0200
FAST-HEP/scikit-validate/skvalidate/commands/root_diff.py,Mon Oct 1 15:00:14 2018 +0100
FAST-HEP/scikit-validate/skvalidate/compare/__init__.py,Tue Oct 16 13:28:39 2018 +0100
FAST-HEP/scikit-validate/skvalidate/operations/_awkward.py,Mon Nov 23 16:51:33 2020 +0000
FAST-HEP/fasthep-carpenter/tests/external/test_coffea.py,Tue Mar 15 12:50:47 2022 +0000
FAST-HEP/fasthep-carpenter/tests/external/test_awkward1.py,Tue Feb 22 15:02:21 2022 +0000
FAST-HEP/fasthep-carpenter/tests/test_ak_issue_1241.py,Fri Jan 21 12:33:03 2022 +0000
FAST-HEP/fasthep-carpenter/tests/test_tree_adapter_masked.py,Fri Feb 11 15:52:05 2022 +0000
FAST-HEP/fasthep-carpenter/tests/define/test_variables.py,Sun Jul 28 16:35:51 2019 +0200
FAST-HEP/fasthep-carpenter/tests/test_tree_adapter.py,Mon Nov 29 10:32:02 2021 +0000
FAST-HEP/fasthep-carpenter/tests/test_weigths.py,Tue Feb 15 16:18:33 2022 +0000
FAST-HEP/fasthep-carpenter/fast_carpenter/expressions.py,Wed Oct 17 12:24:10 2018 +0200
FAST-HEP/fasthep-carpenter/fast_carpenter/weights.py,Tue Feb 15 16:18:33 2022 +0000
FAST-HEP/fasthep-carpenter/fast_carpenter/backends/_alphatwirl.py,Fri Apr 8 14:41:45 2022 +0100
FAST-HEP/fasthep-carpenter/fast_carpenter/backends/coffea.py,Thu Oct 31 11:01:49 2019 +0100
FAST-HEP/fasthep-carpenter/fast_carpenter/tree_adapter.py,Mon Nov 29 10:32:02 2021 +0000
FAST-HEP/fast-carpenter/tests/external/test_coffea.py,Tue Mar 15 12:50:47 2022 +0000
FAST-HEP/fast-carpenter/tests/external/test_awkward1.py,Tue Feb 22 15:02:21 2022 +0000
FAST-HEP/fast-carpenter/tests/test_ak_issue_1241.py,Fri Jan 21 12:33:03 2022 +0000
FAST-HEP/fast-carpenter/tests/test_tree_adapter_masked.py,Fri Feb 11 15:52:05 2022 +0000
FAST-HEP/fast-carpenter/tests/define/test_variables.py,Sun Jul 28 16:35:51 2019 +0200
FAST-HEP/fast-carpenter/tests/test_tree_adapter.py,Mon Nov 29 10:32:02 2021 +0000
FAST-HEP/fast-carpenter/tests/test_weigths.py,Tue Feb 15 16:18:33 2022 +0000
FAST-HEP/fast-carpenter/fast_carpenter/expressions.py,Wed Oct 17 12:24:10 2018 +0200
FAST-HEP/fast-carpenter/fast_carpenter/weights.py,Tue Feb 15 16:18:33 2022 +0000
FAST-HEP/fast-carpenter/fast_carpenter/backends/_alphatwirl.py,Fri Apr 8 14:41:45 2022 +0100
FAST-HEP/fast-carpenter/fast_carpenter/backends/coffea.py,Thu Oct 31 11:01:49 2019 +0100
FAST-HEP/fast-carpenter/fast_carpenter/tree_adapter.py,Mon Nov 29 10:32:02 2021 +0000
fiorotto8/gasmonitoring/FetchGas_NoSyncro.py,Tue Oct 24 12:02:11 2023 +0200
fiorotto8/gasmonitoring/FetchGas_YesSyncro.py,Tue Oct 24 12:02:11 2023 +0200
fiorotto8/GASMON_P5/StepAnalysis/Performance_Simulation/simulation_withDataset.py,Tue Apr 11 12:38:48 2023 +0200
fiorotto8/GASMON_P5/StepAnalysis/FakeWarning_Probability/quantiles.py,Tue Apr 11 12:38:48 2023 +0200
fiorotto8/GASMON_P5/StepAnalysis/tvalues/t_calculator.py,Tue Apr 11 12:38:48 2023 +0200
fraivone/EfficiencyAnalyzer/tools/MaskFunctions.py,Wed Apr 26 16:40:13 2023 +0200
fraivone/EfficiencyAnalyzer/tools/MaskFunctionsGE21.py,Fri Sep 8 14:30:34 2023 +0200
fraivone/EfficiencyAnalyzer/tools/PlottingFunctions.py,Wed Apr 26 16:40:13 2023 +0200
fraivone/EfficiencyAnalyzer/tools/Utils.py,Wed Apr 26 16:40:13 2023 +0200
fraivone/EfficiencyAnalyzer/tools/AkArray_Operations.py,Wed Apr 26 16:40:13 2023 +0200
fraivone/EfficiencyAnalyzer/scripts/PlotVFATStatus.py,Fri Sep 8 14:30:34 2023 +0200
fraivone/EfficiencyAnalyzer/Analyzer_GE21_XTalk.py,Fri Sep 8 14:34:54 2023 +0200
fraivone/EfficiencyAnalyzer/Analyzer.py,Wed Apr 26 16:40:13 2023 +0200
fraivone/EfficiencyAnalyzer/Test_Different_Matching_Logics.py,Fri Sep 8 14:34:54 2023 +0200
fspinna/datatime/datatime/wrappers.py,Fri Jan 27 10:43:25 2023 +0100
fspinna/datatime/datatime/conversion.py,Fri Dec 30 14:43:51 2022 +0100
fspinna/datatime/datatime/database_utils.py,Wed Dec 28 12:50:52 2022 +0100
fspinna/datatime/datatime/utils.py,Mon Dec 26 16:00:07 2022 +0100
fspinna/datatime/datatime/classes.py,Fri Dec 30 11:43:29 2022 +0100
fspinna/datatime/tests/test_conversion.py,Fri Dec 30 14:43:51 2022 +0100
fspinna/datatime/notebooks/awkward_tests.ipynb,Fri Dec 30 14:43:51 2022 +0100
fspinna/benchtime/benchtime/wrappers.py,Tue Feb 21 11:01:13 2023 +0100
fspinna/benchtime/benchtime/benchmark.py,Tue Feb 21 11:01:13 2023 +0100
fspinna/plottime/plottime/utils.py,Wed May 31 09:34:09 2023 +0200
fspinna/plottime/plottime/plot.py,Thu Mar 16 14:45:57 2023 +0100
fspinna/plottime/notebooks/plot_tests.ipynb,Tue May 16 17:18:47 2023 +0200
fuenfundachtzig/LMU_DA_ML_Basic/notebooks/AwkwardIntro.ipynb,Thu Sep 2 16:00:40 2021 +0200
fuenfundachtzig/LMU_DA_ML_Basic/notebooks/AwkwardIntro_solution.ipynb,Wed Sep 8 07:40:21 2021 +0200
g2giovanni/stackstac/stackstac/prepare.py,Wed Mar 10 18:36:56 2021 -0700
gabrielmscampos/pyhepframework/pyhepframework/provider/provider.py,Fri Feb 25 16:30:57 2022 -0300
GAIMJKP/stackstac/stackstac/prepare.py,Wed Mar 10 18:36:56 2021 -0700
Gali4ka/Coffea/docs/source/wq-example.py,Wed Dec 16 16:47:46 2020 -0500
Gali4ka/Coffea/tests/samples/build_rochester.py,Tue Jan 14 09:32:34 2020 -0600
Gali4ka/Coffea/tests/test_btag.py,Thu Feb 13 18:33:45 2020 -0600
Gali4ka/Coffea/tests/test_nanoevents_treemaker.py,Mon Nov 22 15:44:04 2021 -0500
Gali4ka/Coffea/tests/test_nanoevents_vector.py,Tue Feb 9 18:58:48 2021 +0100
Gali4ka/Coffea/tests/test_nanoevents_pdune.py,Sat Dec 25 23:05:47 2021 -0500
Gali4ka/Coffea/tests/test_lumi_tools.py,Wed Apr 3 18:26:48 2019 -0700
Gali4ka/Coffea/tests/test_skyhook_job.py,Sun Jan 9 15:23:58 2022 -0800
Gali4ka/Coffea/tests/test_lookup_tools.py,Fri Nov 30 16:02:22 2018 -0600
Gali4ka/Coffea/tests/test_analysis_tools.py,Mon Jan 11 12:23:36 2021 -0600
Gali4ka/Coffea/tests/dummy_distributions.py,Fri Nov 30 16:32:08 2018 -0600
Gali4ka/Coffea/tests/test_ml_tools.py,Wed Apr 26 11:52:23 2023 +0200
Gali4ka/Coffea/tests/test_nanoevents.py,Sun Jul 12 01:15:17 2020 -0500
Gali4ka/Coffea/tests/test_nanoevents_delphes.py,Mon Sep 13 13:56:48 2021 -0700
Gali4ka/Coffea/tests/test_jetmet_tools.py,Sat Jun 8 00:14:57 2019 +0200
Gali4ka/Coffea/src/coffea/dataset_tools/apply_processor.py,Fri Nov 10 07:05:26 2023 -0600
Gali4ka/Coffea/src/coffea/dataset_tools/manipulations.py,Fri Nov 10 08:33:01 2023 -0600
Gali4ka/Coffea/src/coffea/dataset_tools/preprocess.py,Tue Aug 22 17:21:43 2023 -0500
Gali4ka/Coffea/src/coffea/analysis_tools.py,Sat Jun 3 18:30:59 2023 -0400
Gali4ka/Coffea/src/coffea/util.py,Sat Jun 3 18:30:59 2023 -0400
Gali4ka/Coffea/src/coffea/nanoevents/transforms.py,Sat Jun 3 18:30:59 2023 -0400
Gali4ka/Coffea/src/coffea/nanoevents/factory.py,Sat Jun 3 18:30:59 2023 -0400
Gali4ka/Coffea/src/coffea/nanoevents/mapping/parquet.py,Sat Jun 3 18:30:59 2023 -0400
Gali4ka/Coffea/src/coffea/nanoevents/mapping/base.py,Sat Jun 3 18:30:59 2023 -0400
Gali4ka/Coffea/src/coffea/nanoevents/mapping/uproot.py,Sat Jun 3 18:30:59 2023 -0400
Gali4ka/Coffea/src/coffea/nanoevents/schemas/treemaker.py,Sat Jun 3 18:30:59 2023 -0400
Gali4ka/Coffea/src/coffea/nanoevents/methods/delphes.py,Sat Jun 3 18:30:59 2023 -0400
Gali4ka/Coffea/src/coffea/nanoevents/methods/nanoaod.py,Sat Jun 3 18:30:59 2023 -0400
Gali4ka/Coffea/src/coffea/nanoevents/methods/physlite.py,Sat Jun 3 18:30:59 2023 -0400
Gali4ka/Coffea/src/coffea/nanoevents/methods/candidate.py,Sat Jun 3 18:30:59 2023 -0400
Gali4ka/Coffea/src/coffea/nanoevents/methods/base.py,Sat Jun 3 18:30:59 2023 -0400
Gali4ka/Coffea/src/coffea/nanoevents/methods/systematics/UpDownSystematic.py,Sat Jun 3 18:30:59 2023 -0400
Gali4ka/Coffea/src/coffea/nanoevents/methods/vector.py,Sat Jun 3 18:30:59 2023 -0400
Gali4ka/Coffea/src/coffea/nanoevents/methods/pdune.py,Sat Jun 3 18:30:59 2023 -0400
Gali4ka/Coffea/src/coffea/processor/test_items/NanoDaskProcessor.py,Sat Jun 3 18:30:59 2023 -0400
Gali4ka/Coffea/src/coffea/lumi_tools/lumi_tools.py,Sat Jun 3 18:30:59 2023 -0400
Gali4ka/Coffea/src/coffea/ml_tools/helper.py,Sun Jun 4 12:19:21 2023 -0400
Gali4ka/Coffea/src/coffea/jetmet_tools/CorrectedMETFactory.py,Sat Jun 3 18:30:59 2023 -0400
Gali4ka/Coffea/src/coffea/jetmet_tools/JetResolutionScaleFactor.py,Sat Jun 3 18:30:59 2023 -0400
Gali4ka/Coffea/src/coffea/jetmet_tools/JetResolution.py,Sat Jun 3 18:30:59 2023 -0400
Gali4ka/Coffea/src/coffea/jetmet_tools/JetCorrectionUncertainty.py,Sat Jun 3 18:30:59 2023 -0400
Gali4ka/Coffea/src/coffea/jetmet_tools/CorrectedJetsFactory.py,Sat Jun 3 18:30:59 2023 -0400
Gali4ka/Coffea/src/coffea/jetmet_tools/FactorizedJetCorrector.py,Sat Jun 3 18:30:59 2023 -0400
Gali4ka/Coffea/src/coffea/lookup_tools/txt_converters.py,Sat Jun 3 18:30:59 2023 -0400
Gali4ka/Coffea/src/coffea/lookup_tools/jme_standard_function.py,Sat Jun 3 18:30:59 2023 -0400
Gali4ka/Coffea/src/coffea/lookup_tools/lookup_base.py,Sat Jun 3 18:30:59 2023 -0400
Gali4ka/Coffea/src/coffea/lookup_tools/rochester_lookup.py,Sat Jun 3 18:30:59 2023 -0400
Gali4ka/Coffea/binder/nanoevents_pq.ipynb,Sat Feb 13 22:46:34 2021 +0530
Gali4ka/Coffea/binder/servicex/ATLAS/DaskAnalysis.ipynb,Wed Apr 14 15:02:56 2021 -0500
Gali4ka/Coffea/binder/servicex/ATLAS/LocalExample.ipynb,Wed Apr 14 15:02:56 2021 -0500
Gali4ka/Coffea/binder/mltools.ipynb,Mon Jun 5 13:42:34 2023 +0200
Gali4ka/Coffea/binder/nanoevents.ipynb,Wed Jun 3 21:04:16 2020 -0500
Gali4ka/Coffea/binder/systematics.ipynb,Mon Mar 7 16:07:56 2022 -0600
Gali4ka/Coffea/binder/packedselection.ipynb,Mon Jun 26 15:15:56 2023 +0200
Gali4ka/Coffea/binder/processor.ipynb,Mon Jun 8 17:43:45 2020 -0500
Gali4ka/Coffea/binder/applying_corrections.ipynb,Wed May 29 13:43:18 2019 -0500
GenerelSchwerz/Drone-Prototype-Code/projectile_motion/raw/almost.py,Wed Apr 6 21:14:48 2022 -0400
GenerelSchwerz/Drone-Prototype-Code/projectile_motion/raw/test.py,Tue Apr 5 18:09:26 2022 -0400
ggvanseev/AliceJetAI/functions/data_loader.py,Fri Nov 12 15:34:26 2021 +0100
ggvanseev/AliceJetAI/functions/classification.py,Fri Mar 18 18:07:46 2022 +0100
ggvanseev/AliceJetAI/functions/data_manipulation.py,Sat Nov 20 14:53:17 2021 +0100
ggvanseev/AliceJetAI/analysis/do_regular_training.py,Sat Apr 15 23:23:41 2023 +0200
ggvanseev/AliceJetAI/testing/check_dataset.py,Fri Oct 21 09:22:15 2022 +0200
ggvanseev/AliceJetAI/testing/svm_boundary.py,Sat Apr 29 15:35:12 2023 +0200
ggvanseev/AliceJetAI/testing/roc_ocsvm_only.py,Wed Sep 28 10:57:04 2022 +0200
ggvanseev/AliceJetAI/testing/get_anomalies_lund_jewel.py,Mon Oct 17 11:44:37 2022 +0200
ggvanseev/AliceJetAI/testing/visualisation_digits.py,Fri Mar 25 14:55:35 2022 +0100
ggvanseev/AliceJetAI/testing/ROC_AUC_scores.py,Sat Aug 13 16:35:45 2022 +0200
ggvanseev/AliceJetAI/testing/get_anomalies_alternatives.py,Sat Aug 13 16:35:45 2022 +0200
ggvanseev/AliceJetAI/testing/plotting_test.py,Mon Apr 25 14:58:07 2022 +0200
ggvanseev/AliceJetAI/plotting/stacked.py,Tue May 3 12:02:29 2022 +0200
ggvanseev/AliceJetAI/plotting/roc.py,Sat Aug 13 16:35:45 2022 +0200
GhadahAlharbi/Atlas_analysis/visualization_script.py,Wed Apr 24 05:28:49 2024 +0100
GhadahAlharbi/Atlas_analysis/load_data.py,Wed Apr 24 05:28:49 2024 +0100
GhadahAlharbi/Atlas_analysis/HZZAnalysis.ipynb,Wed Apr 24 05:28:49 2024 +0100
GhadahAlharbi/Atlas_analysis/calculate_metrics.py,Wed Apr 24 05:28:49 2024 +0100
GianlucaFicarelli/awkward-pandas/docs/quickstart.ipynb,Wed Nov 2 13:09:51 2022 -0500
GianlucaFicarelli/awkward-pandas/docs/demo/awkward-pandas-demo.ipynb,Wed Oct 26 10:40:49 2022 -0500
GianlucaFicarelli/awkward-pandas/tests/test_base.py,Fri Jul 22 12:14:14 2022 -0500
GianlucaFicarelli/awkward-pandas/tests/test_accessor.py,Fri Jul 22 12:14:14 2022 -0500
GianlucaFicarelli/awkward-pandas/tests/test_upstream_extension_tests.py,Wed Sep 28 12:37:28 2022 -0500
GianlucaFicarelli/awkward-pandas/src/awkward_pandas/lib.py,Thu Oct 13 13:50:21 2022 -0500
GianlucaFicarelli/awkward-pandas/src/awkward_pandas/io.py,Fri Aug 5 12:45:21 2022 -0500
GianlucaFicarelli/awkward-pandas/src/awkward_pandas/strings.py,Fri Aug 19 15:32:28 2022 -0500
GianlucaFicarelli/awkward-pandas/src/awkward_pandas/dtype.py,Tue Jul 19 10:10:43 2022 -0500
GianlucaFicarelli/awkward-pandas/src/awkward_pandas/__init__.py,Thu Jul 7 15:34:09 2022 -0400
GianlucaFicarelli/awkward-pandas/src/awkward_pandas/accessor.py,Fri Jul 22 12:14:14 2022 -0500
GianlucaFicarelli/awkward-pandas/src/awkward_pandas/array.py,Tue Jul 19 11:05:21 2022 -0500
giorgiopizz/gen_studies/configs/osww/config.py,Mon Jun 3 13:44:46 2024 +0200
giorgiopizz/gen_studies/configs/HH_lhe/config.py,Mon Jun 3 13:44:46 2024 +0200
giorgiopizz/gen_studies/src/gen_studies/configs/config.py,Thu Jun 6 11:55:48 2024 +0200
giorgiopizz/gen_studies/src/gen_studies/analysis/process.py,Mon Jun 3 13:44:46 2024 +0200
giorgiopizz/gen_studies/src/gen_studies/analysis/utils.py,Mon Jun 3 13:44:46 2024 +0200
gjoseph92/stackstac/stackstac/prepare.py,Wed Mar 10 18:36:56 2021 -0700
gordonwatts/xaod_usage/book/chapters/xaod_objects.ipynb,Mon Feb 21 11:01:53 2022 +0100
gordonwatts/xaod_usage/book/chapters/calibration.ipynb,Wed Mar 2 10:50:58 2022 +0100
gordonwatts/xaod_usage/book/chapters/electrons.ipynb,Fri Jan 14 12:06:53 2022 +0100
gordonwatts/xaod_usage/book/chapters/config.py,Sun Oct 17 02:12:03 2021 +0200
gordonwatts/xaod_usage/book/chapters/helpers.py,Mon Jan 24 00:33:32 2022 +0100
gordonwatts/xaod_usage/book/chapters/jets.ipynb,Sat Oct 16 23:45:38 2021 +0200
gordonwatts/xaod_usage/book/chapters/muons.ipynb,Fri Jan 14 06:30:20 2022 +0100
gordonwatts/xaod_usage/book/chapters/taus.ipynb,Sat Jan 15 16:37:29 2022 +0100
gordonwatts/xaod_usage/inprogress/ditaus.ipynb,Thu May 5 10:17:40 2022 +0200
gordonwatts/xaod_usage/inprogress/photons.ipynb,Thu May 5 10:17:40 2022 +0200
gordonwatts/layered-edm/layered_edm/layer_awkward.py,Thu Mar 10 23:16:08 2022 +0100
gordonwatts/layered-edm/layered_edm/base_layer.py,Thu Mar 10 23:16:08 2022 +0100
gordonwatts/layered-edm/layered_edm/__init__.py,Thu Mar 10 23:16:08 2022 +0100
gordonwatts/layered-edm/layered_edm/layer_nested.py,Thu Mar 10 23:16:08 2022 +0100
gordonwatts/layered-edm/layered_edm/util_types.py,Tue Mar 15 01:07:10 2022 +0100
gordonwatts/layered-edm/tests/test_layer_servicex.py,Thu Mar 10 23:16:08 2022 +0100
gordonwatts/layered-edm/tests/conftest.py,Fri Mar 25 12:30:59 2022 -0400
gordonwatts/layered-edm/tests/test_layer_nested.py,Thu Mar 10 23:16:08 2022 +0100
gordonwatts/layered-edm/tests/test_layer_awkward.py,Thu Mar 10 23:16:08 2022 +0100
gordonwatts/layered-edm/tests/test_base_layer.py,Thu Mar 10 23:16:08 2022 +0100
gordonwatts/layered-edm/tests/test_util_types.py,Sun Apr 10 09:46:18 2022 -0400
graphnet-team/graphnet/examples/02_data/01_read_dataset.py,Thu Dec 15 15:35:12 2022 +0100
gregoryfdel/Root-Convert/root_convert.py,Mon Jan 9 15:26:33 2023 -0500
gsaha009/ProduceCmsdbCampaign/checkTriggers.py,Wed Jun 19 14:55:50 2024 +0200
gsaha009/ProduceCmsdbCampaign/util.py,Wed Jun 12 21:03:50 2024 +0200
gsaha009/ProduceCmsdbCampaign/main.py,Wed Jun 12 21:03:50 2024 +0200
gsaha009/ProduceCmsdbCampaign/produce_nentries.py,Thu Jun 13 15:15:39 2024 +0200
GuillermoFidalgo/UPRM-intro-to-python/ep05_CMS_Dimuons.ipynb,Sat Mar 5 03:43:28 2022 -0400
GuillermoFidalgo/UPRM-intro-to-python/ep05_CMS-Dimuons_awkward.ipynb,Sat Mar 5 03:43:28 2022 -0400
GuillermoFidalgo/UPRM-intro-to-python/ep05_CMS_Dimuons_pandas.ipynb,Sat Mar 5 03:43:28 2022 -0400
guitargeek/geeksw/geeksw/hgcal/testbeam.py,Sun Mar 10 23:59:52 2019 +0100
guitargeek/geeksw/geeksw/nanocache/ScratchCache.py,Mon Feb 25 18:02:33 2019 +0100
guitargeek/geeksw/geeksw/utils/array_utils.py,Tue Aug 11 18:04:16 2020 +0200
guitargeek/geeksw/geeksw/utils/awkward_utils.py,Mon Feb 25 17:48:44 2019 +0100
guitargeek/geeksw/geeksw/framework/core.py,Mon Feb 25 20:41:04 2019 +0100
guitargeek/geeksw/geeksw/framework/cache.py,Tue Mar 5 10:43:48 2019 +0100
guitargeek/geeksw/geeksw/lhe/LHEReader.py,Sat May 30 23:01:42 2020 +0200
guitargeek/geeksw/geeksw/analysis/genpart.py,Wed Jun 24 17:50:46 2020 +0200
guitargeek/geeksw/geeksw/analysis/cmspandas/__init__.py,Tue Sep 10 15:57:51 2019 +0200
guitargeek/geeksw/geeksw/analysis/variables/jet.py,Tue Sep 10 15:57:51 2019 +0200
guitargeek/geeksw/geeksw/analysis/variables/leptons.py,Tue Sep 10 15:57:51 2019 +0200
guitargeek/geeksw/geeksw/caching/indexed_cache.py,Thu Apr 18 20:11:11 2019 +0200
guitargeek/geeksw/geeksw/data_formats/JaggedData.py,Fri Jan 25 21:20:10 2019 +0100
guitargeek/geeksw/geeksw/data_formats/TableWrapper.py,Fri Jan 25 23:16:15 2019 +0100
guitargeek/geeksw/geeksw/nanoaod/nanoaod_to_parquet.py,Wed Aug 28 14:25:38 2019 +0200
guitargeek/geeksw/examples/EFTParameterStudy.ipynb,Sun May 31 21:44:18 2020 +0200
guitargeek/geeksw/examples/electron_tnp.ipynb,Fri Feb 22 10:08:10 2019 +0100
guitargeek/geeksw/tests/test_framework_cache.py,Tue Mar 5 10:43:48 2019 +0100
guitargeek/geeksw/tests/test_framework_lorentzvectorarray.py,Wed Mar 13 00:02:49 2019 +0100
guitargeek/geeksw/tests/test_framework_stream.py,Sat Mar 2 02:30:21 2019 +0100
Harvard-Neutrino/prometheus/prometheus/injection/injection/injection.py,Tue Jan 24 21:09:12 2023 -0500
Harvard-Neutrino/prometheus/prometheus/injection/injection/prometheus_injection.py,Thu Apr 13 11:03:12 2023 -0400
Harvard-Neutrino/prometheus/prometheus/weighting/parquet_weighter.py,Thu Feb 2 10:51:08 2023 -0500
Harvard-Neutrino/prometheus/prometheus/weighting/weighter.py,Thu Feb 2 10:51:08 2023 -0500
Harvard-Neutrino/prometheus/prometheus/utils/serialization/construct_totals_from_dict.py,Sun Jan 22 22:25:41 2023 -0500
Harvard-Neutrino/prometheus/prometheus/utils/serialization/serialize_results_to_dict.py,Sun Jan 22 22:25:41 2023 -0500
Harvard-Neutrino/prometheus/prometheus/utils/serialization/serialize_particles_to_awkward.py,Sun Jan 22 22:25:41 2023 -0500
Harvard-Neutrino/prometheus/prometheus/utils/serialization/__init__.py,Tue Jan 24 21:09:12 2023 -0500
Harvard-Neutrino/prometheus/prometheus/utils/serialization/totals_from_awkward_arr.py,Sun Jan 22 22:25:41 2023 -0500
Harvard-Neutrino/prometheus/prometheus/utils/join_awkward_arrays.py,Sun Jan 15 20:51:00 2023 -0500
Harvard-Neutrino/prometheus/prometheus/detector/detector.py,Sun Jan 15 20:51:00 2023 -0500
Harvard-Neutrino/prometheus/prometheus/prometheus.py,Sun Jan 15 20:51:00 2023 -0500
Harvard-Neutrino/prometheus/examples/example_plotting_olympus.ipynb,Fri Mar 18 13:18:30 2022 -0400
Harvard-Neutrino/prometheus/examples/output_example.ipynb,Wed Apr 26 17:17:07 2023 -0400
Harvard-Neutrino/prometheus/examples/example_meta_data_reader.ipynb,Fri Apr 1 14:12:35 2022 +0000
Harvard-Neutrino/prometheus/examples/effective_area_example.py,Tue Apr 16 09:47:15 2024 -0400
Harvard-Neutrino/prometheus/examples/plotting.py,Fri Jul 29 11:09:30 2022 -0400
Harvard-Neutrino/prometheus/paper_plots/flavor_dif/Untitled.ipynb,Thu Nov 17 14:06:44 2022 -0500
Harvard-Neutrino/prometheus/paper_plots/flavor_dif/fit_ellipsoid.py,Thu Nov 17 14:06:44 2022 -0500
Harvard-Neutrino/prometheus/paper_plots/timing/timing.py,Fri Mar 3 11:28:02 2023 -0500
Harvard-Neutrino/prometheus/olympus/event_generation/photon_propagation/legacy_photon_propagation.py,Fri Mar 18 13:18:30 2022 -0400
Harvard-Neutrino/prometheus/olympus/event_generation/photon_propagation/norm_flow_photons.py,Fri Mar 18 13:18:30 2022 -0400
Harvard-Neutrino/prometheus/olympus/event_generation/event_generation.py,Fri Mar 18 13:18:30 2022 -0400
Harvard-Neutrino/prometheus/olympus/event_generation/detector.py,Fri Mar 18 13:18:30 2022 -0400
Harvard-Neutrino/prometheus/olympus/optimization/fisher_information.py,Fri Mar 18 13:18:30 2022 -0400
Harvard-Neutrino/prometheus/olympus/plotting/plotting.py,Fri Mar 18 13:18:30 2022 -0400
Harvard-Neutrino/SIREN/resources/Examples/Example2/PaperPlots.ipynb,Mon Mar 4 14:06:28 2024 -0500
Harvard-Neutrino/SIREN/resources/Examples/Example1/PaperPlots.ipynb,Mon Mar 4 14:06:28 2024 -0500
Harvard-Neutrino/SIREN/resources/Examples/AdditionalPaperPlots/PaperPlots.ipynb,Sun May 5 19:02:39 2024 -0400
Harvard-Neutrino/SIREN/python/SIREN_Controller.py,Sun May 5 17:40:01 2024 -0400
HenryDayHall/jetTools/ir_safety_investigation/henry_10ghosts_check1.py,Fri Jul 16 17:21:09 2021 +0100
HenryDayHall/jetTools/test/test_GhostParticles.py,Thu Jul 15 09:02:25 2021 +0100
HenryDayHall/jetTools/test/test_CompareClusters.py,Thu Aug 13 17:22:06 2020 +0100
HenryDayHall/jetTools/test/test_MassPeaks.py,Thu Aug 13 17:22:06 2020 +0100
HenryDayHall/jetTools/test/old_test_FormJets.py,Fri Jul 30 16:52:05 2021 +0100
HenryDayHall/jetTools/test/test_FormJetInputs.py,Wed Jul 7 07:40:25 2021 +0100
HenryDayHall/jetTools/test/test_RemovePileup.py,Tue Jul 6 15:50:44 2021 +0100
HenryDayHall/jetTools/test/tools.py,Thu Oct 3 15:39:20 2019 +0100
HenryDayHall/jetTools/test/test_AreaMeasures.py,Fri Nov 6 11:32:44 2020 +0000
HenryDayHall/jetTools/test/test_IRSafety.py,Fri Jul 16 17:21:09 2021 +0100
HenryDayHall/jetTools/test/micro_samples.py,Sat Apr 8 01:57:45 2023 +0200
HenryDayHall/jetTools/test/test_TrueTag.py,Mon Jul 20 19:34:11 2020 +0100
HenryDayHall/jetTools/test/test_ParameterInvestigations.py,Thu Aug 27 11:22:47 2020 +0100
HenryDayHall/jetTools/test/test_FormShower.py,Mon Jul 20 11:40:14 2020 +0100
HenryDayHall/jetTools/test/test_JetQuality.py,Fri Jul 24 17:43:19 2020 +0100
HenryDayHall/jetTools/test/test_ParallelFormJets.py,Thu Aug 13 17:22:06 2020 +0100
HenryDayHall/jetTools/test/test_AddPileup.py,Thu Jul 8 16:05:13 2021 +0100
HenryDayHall/jetTools/scripts/jet_kinematics.py,Sun Dec 12 10:55:13 2021 +0100
HenryDayHall/jetTools/scripts/IR_FormJetsv2.ipynb,Wed Jul 28 09:34:31 2021 +0100
HenryDayHall/jetTools/scripts/PlotJS_scores.py,Fri Jul 16 17:21:09 2021 +0100
HenryDayHall/jetTools/scripts/IR_4_particle_toy.ipynb,Tue Jul 20 13:53:22 2021 +0100
HenryDayHall/jetTools/scripts/evaluate_mass_minismisation.py,Tue Aug 31 19:25:34 2021 +0100
HenryDayHall/jetTools/scripts/FromHepmcMergePileup.ipynb,Tue Jul 6 22:52:18 2021 +0100
HenryDayHall/jetTools/scripts/IR_4_particle_cluster.ipynb,Sun Jul 25 22:04:06 2021 +0100
HenryDayHall/jetTools/scripts/jet_shapes.py,Sun Dec 12 10:55:13 2021 +0100
HenryDayHall/jetTools/jet_tools/TuneObjective.py,Mon Nov 27 13:32:49 2023 +0100
HenryDayHall/jetTools/jet_tools/Heatmaps.py,Tue Jul 6 22:52:18 2021 +0100
HenryDayHall/jetTools/jet_tools/FormShower.py,Mon Jan 25 13:37:13 2021 +0000
HenryDayHall/jetTools/jet_tools/TrueTag.py,Mon Jan 25 13:37:13 2021 +0000
HenryDayHall/jetTools/jet_tools/FormVertices.py,Mon Jan 25 13:37:13 2021 +0000
HenryDayHall/jetTools/jet_tools/JoinHepMCRoot.py,Mon Jan 25 13:37:13 2021 +0000
HenryDayHall/jetTools/jet_tools/Summary.py,Mon Jan 25 13:37:13 2021 +0000
HenryDayHall/jetTools/jet_tools/CollinearSafety.py,Fri Jul 30 16:52:05 2021 +0100
HenryDayHall/jetTools/jet_tools/IRSafety.py,Fri Jul 16 17:21:09 2021 +0100
HenryDayHall/jetTools/jet_tools/RemovePileup.py,Tue Jul 6 15:50:44 2021 +0100
HenryDayHall/jetTools/jet_tools/TrueDenominator.py,Mon Jan 25 13:37:13 2021 +0000
HenryDayHall/jetTools/jet_tools/MassPeaks.py,Mon Jan 25 13:37:13 2021 +0000
HenryDayHall/jetTools/jet_tools/ParameterInvestigation.py,Mon Jan 25 13:37:13 2021 +0000
HenryDayHall/jetTools/jet_tools/AreaMeasures.py,Mon Jan 25 13:37:13 2021 +0000
HenryDayHall/jetTools/jet_tools/FormJetInputs.py,Wed Jul 7 07:40:25 2021 +0100
HenryDayHall/jetTools/jet_tools/CompareClusters.py,Mon Jan 25 13:37:13 2021 +0000
HenryDayHall/jetTools/jet_tools/CompareDatasets.py,Mon Jan 25 13:37:13 2021 +0000
HenryDayHall/jetTools/jet_tools/AddPileup.py,Thu Jul 8 16:05:13 2021 +0100
HenryDayHall/jetTools/jet_tools/MinWriteFormJets.py,Fri Nov 26 18:20:18 2021 +0100
HenryDayHall/jetTools/jet_tools/ShapeVariables.py,Mon Jan 25 13:37:13 2021 +0000
HenryDayHall/jetTools/jet_tools/RescaleJets.py,Mon Jan 25 13:37:13 2021 +0000
HenryDayHall/jetTools/jet_tools/MergeHepmc.py,Mon Jan 25 13:37:13 2021 +0000
HenryDayHall/jetTools/jet_tools/GhostParticles.py,Thu Jul 15 09:02:25 2021 +0100
HenryDayHall/jetTools/jet_tools/ReadHepmc.py,Mon Jan 25 13:37:13 2021 +0000
HenryDayHall/spectraljet/test/test_FormJets.py,Mon Jan 31 21:58:07 2022 +0100
HenryDayHall/spectraljet/test/tools.py,Mon Jan 31 21:58:07 2022 +0100
HenryDayHall/spectraljet/test/micro_samples.py,Sun Jul 24 12:41:58 2022 +0200
HenryDayHall/spectraljet/test/test_Components.py,Mon Jan 31 21:58:07 2022 +0100
HenryDayHall/spectraljet/spectraljet/FastJetPython.py,Mon Jan 31 21:58:07 2022 +0100
HenryDayHall/spectraljet/spectraljet/Components.py,Mon Jan 31 21:58:07 2022 +0100
HenryDayHall/spectraljet/spectraljet/TypeTools.py,Mon Jan 31 21:58:07 2022 +0100
HenryDayHall/spectraljet/spectraljet/FormJets.py,Mon Jan 31 21:58:07 2022 +0100
hepaccelerate/hepaccelerate/hepaccelerate/utils.py,Wed Jun 12 13:37:19 2019 -0700
hepaccelerate/hepaccelerate/hepaccelerate/kernels.py,Thu Jan 2 17:12:11 2020 -0800
hepaccelerate/hepaccelerate/notebooks/jagged_matrices.ipynb,Mon Oct 14 14:42:56 2019 -0700
hepdataframe/hepdataframe/tests/test_hepdataframe.py,Thu May 12 13:32:35 2022 -0400
hepdataframe/hepdataframe/src/hepdataframe/hepdataframe.py,Wed May 11 14:08:07 2022 -0400
HEP-KBFI/ml-tau-reco/notebooks/particlemultiplicity_in_grid.ipynb,Thu Jun 22 11:41:40 2023 +0300
HEP-KBFI/ml-tau-reco/notebooks/Delphes-CMS-PU.ipynb,Wed Apr 19 12:19:17 2023 +0300
HEP-KBFI/ml-tau-reco/notebooks/grid-checks.ipynb,Wed Apr 12 14:37:16 2023 +0300
HEP-KBFI/ml-tau-reco/notebooks/jet-images.ipynb,Tue Feb 28 14:29:09 2023 +0200
HEP-KBFI/ml-tau-reco/notebooks/particlemultiplicity.ipynb,Wed Apr 19 11:07:52 2023 +0300
HEP-KBFI/ml-tau-reco/notebooks/clic-edm4hep.ipynb,Thu Jan 19 16:11:28 2023 +0200
HEP-KBFI/ml-tau-reco/notebooks/neutralCand_multiplicity.ipynb,Thu Jun 15 19:47:59 2023 +0300
HEP-KBFI/ml-tau-reco/notebooks/legacy/clic-final.ipynb,Thu Jan 19 16:15:32 2023 +0200
HEP-KBFI/ml-tau-reco/notebooks/legacy/clic.ipynb,Thu Jan 19 16:15:32 2023 +0200
HEP-KBFI/ml-tau-reco/notebooks/simplednn-validation.ipynb,Mon Feb 20 13:34:07 2023 +0200
HEP-KBFI/ml-tau-reco/src/endtoend_simple.py,Mon Jan 30 17:54:26 2023 +0200
HEP-KBFI/ml-tau-reco/src/LorentzNetDataset.py,Fri Feb 17 14:35:27 2023 +0200
HEP-KBFI/ml-tau-reco/src/bkg_energy_density.py,Thu May 4 20:17:42 2023 +0300
HEP-KBFI/ml-tau-reco/src/runBuilder.py,Tue Jan 31 17:07:04 2023 +0200
HEP-KBFI/ml-tau-reco/src/ParticleTransformerTauBuilder.py,Mon Feb 27 16:22:17 2023 +0200
HEP-KBFI/ml-tau-reco/src/grid.py,Sat Feb 18 15:35:38 2023 +0200
HEP-KBFI/ml-tau-reco/src/build_grid.py,Sat Feb 18 15:35:38 2023 +0200
HEP-KBFI/ml-tau-reco/src/hpsTau.py,Wed Feb 1 12:26:16 2023 +0200
HEP-KBFI/ml-tau-reco/src/lifeTimeTools.py,Tue Feb 21 19:01:19 2023 +0200
HEP-KBFI/ml-tau-reco/src/test_ntuple_shape.py,Mon Jan 30 13:25:13 2023 +0200
HEP-KBFI/ml-tau-reco/src/oracleTauBuilder.py,Tue Jan 31 17:07:04 2023 +0200
HEP-KBFI/ml-tau-reco/src/validation.py,Wed Feb 1 07:31:43 2023 +0200
HEP-KBFI/ml-tau-reco/src/fastCMSTauBuilder.py,Thu Feb 9 17:52:16 2023 +0200
HEP-KBFI/ml-tau-reco/src/ParticleTransformerDataset.py,Thu Feb 23 12:12:55 2023 +0200
HEP-KBFI/ml-tau-reco/src/taujetdataset.py,Mon Jan 30 14:33:47 2023 +0200
HEP-KBFI/ml-tau-reco/src/taujetdataset_withgrid.py,Mon Feb 20 17:14:00 2023 +0200
HEP-KBFI/ml-tau-reco/src/DeepTauBuilder.py,Tue Mar 7 10:11:18 2023 +0200
HEP-KBFI/ml-tau-reco/src/basicTauBuilder.py,Tue Jan 31 17:22:00 2023 +0200
HEP-KBFI/ml-tau-reco/src/debug_lifetime.py,Thu May 4 20:17:42 2023 +0300
HEP-KBFI/ml-tau-reco/src/hpsCand.py,Wed Feb 1 12:26:16 2023 +0200
HEP-KBFI/ml-tau-reco/src/LorentzNetTauBuilder.py,Mon Feb 20 16:36:33 2023 +0200
HEP-KBFI/ml-tau-reco/src/hpsJet.py,Wed Feb 1 12:26:16 2023 +0200
HEP-KBFI/ml-tau-reco/src/dataset_inspection.py,Sat Feb 11 21:25:02 2023 +0200
HEP-KBFI/ml-tau-reco/src/calculate_metrics.py,Fri Feb 3 15:56:04 2023 +0200
HEP-KBFI/ml-tau-reco/src/edm4hep_to_ntuple.py,Tue Jan 24 20:04:45 2023 +0200
HEP-KBFI/ml-tau-reco/src/experiment_environments.py,Thu May 4 20:17:42 2023 +0300
HEP-KBFI/ml-tau-reco/src/genTau_inspector.py,Sun Feb 12 21:44:24 2023 +0200
HEP-KBFI/ml-tau-reco/src/general.py,Mon Jan 30 13:25:13 2023 +0200
HEP-KBFI/ml-tau-reco/src/weight_tools.py,Sat Feb 25 21:55:31 2023 +0200
HEP-KBFI/ml-tau-en-reg/analysis_of_why_things_happen.ipynb,Mon Jul 15 12:24:07 2024 +0300
HEP-KBFI/ml-tau-en-reg/notebooks/validate.ipynb,Tue Mar 26 14:10:14 2024 +0200
HEP-KBFI/ml-tau-en-reg/notebooks/vertex_test.ipynb,Tue May 7 15:48:23 2024 +0300
HEP-KBFI/ml-tau-en-reg/notebooks/simplednn-deepset.ipynb,Wed Apr 10 12:46:07 2024 +0300
HEP-KBFI/ml-tau-en-reg/notebooks/DM_CM.ipynb,Tue May 7 15:48:23 2024 +0300
HEP-KBFI/ml-tau-en-reg/notebooks/data_intro.ipynb,Thu Apr 4 19:10:57 2024 +0300
HEP-KBFI/ml-tau-en-reg/enreg/tools/validation/validation.py,Tue Jan 30 14:40:55 2024 +0200
HEP-KBFI/ml-tau-en-reg/enreg/tools/data_management/particleTransformer_dataset.py,Tue Jan 30 14:40:55 2024 +0200
HEP-KBFI/ml-tau-en-reg/enreg/tools/data_management/tau_builder_tools.py,Sat Feb 3 21:29:56 2024 +0200
HEP-KBFI/ml-tau-en-reg/enreg/tools/data_management/lifeTimeTools.py,Tue Jan 30 14:40:55 2024 +0200
HEP-KBFI/ml-tau-en-reg/enreg/tools/data_management/taujetdataset.py,Tue Jan 30 14:40:55 2024 +0200
HEP-KBFI/ml-tau-en-reg/enreg/tools/data_management/ntupelizer.py,Wed Feb 14 16:02:54 2024 +0200
HEP-KBFI/ml-tau-en-reg/enreg/tools/data_management/weight_tools.py,Tue Jan 30 14:40:55 2024 +0200
HEP-KBFI/ml-tau-en-reg/enreg/tools/metrics/energy_regression.py,Wed Feb 7 16:13:13 2024 +0200
HEP-KBFI/ml-tau-en-reg/enreg/tools/models/HPS.py,Thu Feb 1 15:34:50 2024 +0200
HEP-KBFI/ml-tau-en-reg/enreg/tools/general.py,Tue Jan 30 14:40:55 2024 +0200
HEP-KBFI/ml-tau-en-reg/enreg/scripts/runBuilder.py,Tue Jan 30 14:40:55 2024 +0200
HEP-KBFI/ml-tau-en-reg/enreg/scripts/mergeFiles.py,Tue Jun 25 15:36:30 2024 +0300
HEP-KBFI/ml-tau-en-reg/enreg/scripts/calculate_regression_metrics.py,Wed Feb 7 16:13:13 2024 +0200
HEP-KBFI/ml-tau-en-reg/enreg/scripts/trainModel.py,Wed May 15 13:38:08 2024 +0300
HEP-KBFI/ml-tau-en-reg/enreg/scripts/set_classifier_weights.py,Tue Mar 26 13:39:39 2024 +0200
HEP-KBFI/ml-tau-en-reg/enreg/scripts/ntupelize_edm4hep.py,Wed Feb 14 16:02:54 2024 +0200
HEP-KBFI/ml-tau-en-reg/enreg/scripts/resubmit_ntupelizer.py,Thu Apr 4 19:10:57 2024 +0300
High-Energy-Physics-Institute/KM3Former/pre-porcessing/root_loader.py,Fri Jul 26 17:18:32 2024 +0200
hqucms/weaver-core/weaver/utils/data/fileio.py,Thu Mar 17 13:08:58 2022 +0100
hqucms/weaver-core/weaver/utils/data/tools.py,Thu Mar 17 13:08:58 2022 +0100
hqucms/weaver-core/weaver/utils/data/preprocess.py,Thu Mar 17 13:08:58 2022 +0100
hqucms/weaver-core/weaver/utils/dataset.py,Thu Mar 17 13:08:58 2022 +0100
hqucms/weaver-core/weaver/utils/nn/tools.py,Thu Mar 17 13:08:58 2022 +0100
hqucms/weaver-core/weaver/train.py,Thu Mar 17 13:08:58 2022 +0100
hqucms/ParticleNet/tf-keras/keras_train.ipynb,Thu Oct 10 04:09:46 2019 +0200
hqucms/ParticleNet/tf-keras/convert_dataset.ipynb,Thu Oct 10 04:09:46 2019 +0200
hsf-training/hsf_matplotlib_notebooks/ep07-dimuonspectrum-pandas.ipynb,Sun Apr 24 01:25:17 2022 +0530
hsf-training/hsf_matplotlib_notebooks/ep07-dimuonspectrum-awkward.ipynb,Sun Apr 24 01:24:07 2022 +0530
ianna/2024-07-PyHEP-AwkwardArrays-in-Julia-for-High-Energy-Physics-Data-Analysis/slides/awkward-install-unroot.ipynb,Sun Jun 30 12:49:03 2024 +0200
ianna/2024-07-PyHEP-AwkwardArrays-in-Julia-for-High-Energy-Physics-Data-Analysis/slides/awkward-julia-installation.ipynb,Sun Jun 30 10:58:27 2024 +0200
ianna/2024-07-PyHEP-AwkwardArrays-in-Julia-for-High-Energy-Physics-Data-Analysis/slides/awkward-unroot-read.ipynb,Sun Jun 30 13:04:47 2024 +0200
iasonkrom/egamma-tnp/tests/dummy_tag_and_probe_nanoaod.py,Thu Jun 6 01:14:10 2024 +0200
iasonkrom/egamma-tnp/tests/test_tag_and_probe_ntuples.py,Wed Jun 5 18:07:04 2024 +0200
iasonkrom/egamma-tnp/tests/test_tag_and_probe_nanoaod.py,Wed Jun 5 18:07:04 2024 +0200
iasonkrom/egamma-tnp/tests/dummy_tag_and_probe_ntuples.py,Thu Jun 6 01:14:10 2024 +0200
iasonkrom/egamma-tnp/src/egamma_tnp/ntuple_efficiency.py,Sun Apr 7 14:24:35 2024 -0500
iasonkrom/egamma-tnp/src/egamma_tnp/utils/misc.py,Fri Sep 15 14:09:19 2023 -0500
iasonkrom/egamma-tnp/src/egamma_tnp/utils/histogramming.py,Fri Sep 15 14:09:19 2023 -0500
iasonkrom/egamma-tnp/src/egamma_tnp/nanoaod_efficiency.py,Sun Apr 7 23:22:07 2024 -0500
ikrommyd/egamma-tnp/tests/dummy_tag_and_probe_nanoaod.py,Thu Jun 6 01:14:10 2024 +0200
ikrommyd/egamma-tnp/tests/test_tag_and_probe_ntuples.py,Wed Jun 5 18:07:04 2024 +0200
ikrommyd/egamma-tnp/tests/test_tag_and_probe_nanoaod.py,Wed Jun 5 18:07:04 2024 +0200
ikrommyd/egamma-tnp/tests/dummy_tag_and_probe_ntuples.py,Thu Jun 6 01:14:10 2024 +0200
ikrommyd/egamma-tnp/src/egamma_tnp/ntuple_efficiency.py,Sun Apr 7 14:24:35 2024 -0500
ikrommyd/egamma-tnp/src/egamma_tnp/utils/misc.py,Fri Sep 15 14:09:19 2023 -0500
ikrommyd/egamma-tnp/src/egamma_tnp/utils/histogramming.py,Fri Sep 15 14:09:19 2023 -0500
ikrommyd/egamma-tnp/src/egamma_tnp/nanoaod_efficiency.py,Sun Apr 7 23:22:07 2024 -0500
imdinu/diquark-analysis/diquark/features.py,Mon Nov 13 10:25:20 2023 +0200
intake/awkward-pandas/docs/quickstart.ipynb,Wed Nov 2 13:09:51 2022 -0500
intake/awkward-pandas/docs/demo/akimbo-demo.ipynb,Thu Jun 20 16:44:04 2024 -0400
intake/awkward-pandas/tests/test_pandas.py,Mon Apr 29 11:18:21 2024 -0400
intake/awkward-pandas/src/akimbo/polars.py,Thu Jun 20 16:11:02 2024 -0400
intake/awkward-pandas/src/akimbo/io.py,Thu Jun 20 16:11:02 2024 -0400
intake/awkward-pandas/src/akimbo/pandas.py,Thu Jun 20 16:11:02 2024 -0400
intake/awkward-pandas/src/akimbo/apply_tree.py,Fri Jul 19 17:09:22 2024 -0400
intake/awkward-pandas/src/akimbo/strings.py,Thu Jun 20 16:11:02 2024 -0400
intake/awkward-pandas/src/akimbo/mixin.py,Thu Jun 20 16:11:02 2024 -0400
intake/awkward-pandas/src/akimbo/datetimes.py,Thu Jun 20 16:11:02 2024 -0400
intake/awkward-pandas/src/akimbo/__init__.py,Thu Jun 20 16:11:02 2024 -0400
intake/awkward-pandas/src/akimbo/dask.py,Thu Jun 20 16:11:02 2024 -0400
intake/akimbo/docs/quickstart.ipynb,Wed Nov 2 13:09:51 2022 -0500
intake/akimbo/docs/demo/akimbo-demo.ipynb,Thu Jun 20 16:44:04 2024 -0400
intake/akimbo/tests/test_pandas.py,Mon Apr 29 11:18:21 2024 -0400
intake/akimbo/src/akimbo/polars.py,Thu Jun 20 16:11:02 2024 -0400
intake/akimbo/src/akimbo/io.py,Thu Jun 20 16:11:02 2024 -0400
intake/akimbo/src/akimbo/pandas.py,Thu Jun 20 16:11:02 2024 -0400
intake/akimbo/src/akimbo/apply_tree.py,Fri Jul 19 17:09:22 2024 -0400
intake/akimbo/src/akimbo/strings.py,Thu Jun 20 16:11:02 2024 -0400
intake/akimbo/src/akimbo/mixin.py,Thu Jun 20 16:11:02 2024 -0400
intake/akimbo/src/akimbo/datetimes.py,Thu Jun 20 16:11:02 2024 -0400
intake/akimbo/src/akimbo/__init__.py,Thu Jun 20 16:11:02 2024 -0400
intake/akimbo/src/akimbo/dask.py,Thu Jun 20 16:11:02 2024 -0400
iris-hep/idap-200gbps-atlas/utils/__init__.py,Wed May 1 15:49:30 2024 +0200
iris-hep/idap-200gbps-atlas/servicex/materialize_branches-servicex-3.ipynb,Tue Apr 30 23:45:57 2024 -0500
iris-hep/idap-200gbps-atlas/servicex/servicex_materialize_branches.py,Fri Apr 5 18:52:58 2024 -0700
iris-hep/idap-200gbps-atlas/materialize_branches.ipynb,Fri Mar 29 18:15:07 2024 +0100
iris-hep/func_adl_uproot/tests/test_executor.py,Tue Nov 10 22:10:03 2020 +0100
iris-hep/analysis-grand-challenge/docs/event-plotting/plotEvents.py,Wed Apr 19 16:23:35 2023 +0200
iris-hep/analysis-grand-challenge/docs/event-plotting/plotEvents.ipynb,Wed Apr 19 15:05:38 2023 +0200
iris-hep/analysis-grand-challenge/tests/servicex_queries.ipynb,Wed Nov 2 16:17:06 2022 +0100
iris-hep/analysis-grand-challenge/tests/coffea_ServiceX_minimal.ipynb,Wed Nov 2 16:17:06 2022 +0100
iris-hep/analysis-grand-challenge/analyses/cms-open-data-ttbar/ttbar_analysis_pipeline.ipynb,Fri Feb 3 17:25:56 2023 +0100
iris-hep/analysis-grand-challenge/analyses/cms-open-data-ttbar/jetassignment_training.ipynb,Wed Sep 13 09:28:56 2023 -0500
iris-hep/analysis-grand-challenge/analyses/cms-open-data-ttbar/utils/ml.py,Thu Jun 29 17:33:26 2023 +0200
iris-hep/analysis-grand-challenge/analyses/cms-open-data-ttbar/utils/systematics.py,Thu Jun 29 17:33:26 2023 +0200
iris-hep/analysis-grand-challenge/analyses/cms-open-data-ttbar/ttbar_analysis_pipeline.py,Fri Feb 3 17:25:56 2023 +0100
iris-hep/analysis-grand-challenge/analyses/cms-open-data-ttbar/jetassignment_training.py,Wed Sep 13 09:28:56 2023 -0500
iris-hep/analysis-grand-challenge/analyses/atlas-open-data-hzz/HZZ_analysis_pipeline.py,Fri Feb 3 17:25:56 2023 +0100
iris-hep/analysis-grand-challenge/analyses/atlas-open-data-hzz/HZZ_analysis_pipeline.ipynb,Fri Aug 5 15:29:02 2022 +0200
iris-hep/analysis-grand-challenge/workshops/agctools2021/coffea/nanoevents.ipynb,Wed Nov 3 11:34:15 2021 +0100
iris-hep/analysis-grand-challenge/workshops/agctools2021/coffea/processor.ipynb,Wed Nov 3 11:34:15 2021 +0100
iris-hep/analysis-grand-challenge/workshops/agctools2022/foundation/demo.ipynb,Mon Apr 25 06:17:59 2022 +0200
iris-hep/analysis-grand-challenge/workshops/agctools2022/coffea/coffea_analysis.ipynb,Sun Apr 24 16:01:23 2022 -0500
IshaqBRST/ATLAS_Analysis/Default Script Ran From Terminal/ATLAS HZZ Analysis Script.py,Mon Apr 15 04:55:05 2024 +0100
IshaqBRST/ATLAS_Analysis/Docker Working Directory 3/signal_data_processor/signal_data_processor.py,Wed Apr 24 01:20:35 2024 +0100
IshaqBRST/ATLAS_Analysis/Docker Working Directory 3/plotter/plotter.py,Wed Apr 24 01:20:35 2024 +0100
IshaqBRST/ATLAS_Analysis/Docker Working Directory 3/background_zz_processor/background_zz_processor.py,Wed Apr 24 01:20:35 2024 +0100
IshaqBRST/ATLAS_Analysis/Docker Working Directory 3/background_ztbar_processor/background_ztbar_processor.py,Wed Apr 24 01:20:35 2024 +0100
IshaqBRST/ATLAS_Analysis/Docker Working Directory 3/real_data_processor/real_data_processor.py,Wed Apr 24 01:20:35 2024 +0100
IshaqBRST/ATLAS_Analysis/Docker Working Directory 4/signal_data_processor/signal_data_processor.py,Wed Apr 24 01:28:16 2024 +0100
IshaqBRST/ATLAS_Analysis/Docker Working Directory 4/plotter/plotter.py,Wed Apr 24 01:28:16 2024 +0100
IshaqBRST/ATLAS_Analysis/Docker Working Directory 4/background_zz_processor/background_zz_processor.py,Wed Apr 24 01:28:16 2024 +0100
IshaqBRST/ATLAS_Analysis/Docker Working Directory 4/background_ztbar_processor/background_ztbar_processor.py,Wed Apr 24 01:28:16 2024 +0100
IshaqBRST/ATLAS_Analysis/Docker Working Directory 4/real_data_processor/real_data_processor.py,Wed Apr 24 01:28:16 2024 +0100
IshaqBRST/ATLAS_Analysis/Docker Working Directory/ATLAS_HZZ_Analysis_Script.py,Sat Apr 20 02:27:02 2024 +0100
IshaqBRST/ATLAS_Analysis/Docker Working Directory 2/processing/processing.py,Wed Apr 24 01:00:55 2024 +0100
IshaqBRST/ATLAS_Analysis/Docker Working Directory 2/plotter/plotter.py,Wed Apr 24 01:00:55 2024 +0100
j8sr0230/codelink/src/codelink/socket_widget.py,Sat May 13 18:40:19 2023 +0200
j8sr0230/codelink/src/codelink/sockets/shape_none.py,Thu Aug 24 21:20:52 2023 +0200
j8sr0230/codelink/src/codelink/sockets/vector_none.py,Thu Aug 24 21:20:52 2023 +0200
j8sr0230/codelink/src/codelink/sockets/bool_checkbox.py,Thu Nov 30 20:39:48 2023 +0100
j8sr0230/codelink/src/codelink/sockets/e6_axis_none.py,Thu Jan 11 09:13:50 2024 +0100
j8sr0230/codelink/src/codelink/sockets/coin_none.py,Tue Aug 29 00:26:43 2023 +0200
j8sr0230/codelink/src/codelink/sockets/value_line.py,Thu Aug 24 09:49:36 2023 +0200
j8sr0230/codelink/src/codelink/nodes/shape/operations/scale.py,Sat Jan 6 15:36:14 2024 +0100
j8sr0230/codelink/src/codelink/nodes/shape/operations/content.py,Sat Jan 6 15:36:14 2024 +0100
j8sr0230/codelink/src/codelink/nodes/shape/operations/loft.py,Fri Jan 5 21:26:41 2024 +0100
j8sr0230/codelink/src/codelink/nodes/shape/operations/center.py,Sun Jan 7 17:47:12 2024 +0100
j8sr0230/codelink/src/codelink/nodes/shape/operations/voronoi.py,Fri Jan 5 21:26:41 2024 +0100
j8sr0230/codelink/src/codelink/nodes/shape/operations/translate.py,Sat Jan 6 15:36:14 2024 +0100
j8sr0230/codelink/src/codelink/nodes/shape/operations/boolean.py,Sat Jan 6 15:36:14 2024 +0100
j8sr0230/codelink/src/codelink/nodes/shape/operations/extrude.py,Sat Jan 6 15:36:14 2024 +0100
j8sr0230/codelink/src/codelink/nodes/shape/operations/rotate.py,Sat Jan 6 15:36:14 2024 +0100
j8sr0230/codelink/src/codelink/nodes/output/text_viewer.py,Fri Aug 25 08:39:00 2023 +0200
j8sr0230/codelink/src/codelink/nodes/solid/primitives/box.py,Fri Jan 5 21:26:41 2024 +0100
j8sr0230/codelink/src/codelink/nodes/solid/primitives/sphere.py,Fri Jan 5 21:26:41 2024 +0100
j8sr0230/codelink/src/codelink/nodes/solid/operations/solid_from_face.py,Fri Jan 5 21:26:41 2024 +0100
j8sr0230/codelink/src/codelink/nodes/solid/operations/thickness.py,Fri Jan 5 21:26:41 2024 +0100
j8sr0230/codelink/src/codelink/nodes/face/primitives/plane.py,Fri Jan 5 20:39:49 2024 +0100
j8sr0230/codelink/src/codelink/nodes/face/operations/face_from_curve.py,Fri Jan 5 20:39:49 2024 +0100
j8sr0230/codelink/src/codelink/nodes/robotics/kuka_kr_6_fw.py,Thu Jan 11 09:40:48 2024 +0100
j8sr0230/codelink/src/codelink/nodes/robotics/kuka_kr_6.py,Sun Dec 24 13:48:39 2023 +0100
j8sr0230/codelink/src/codelink/nodes/robotics/e6_axis.py,Thu Jan 11 09:13:50 2024 +0100
j8sr0230/codelink/src/codelink/nodes/point/primitives/point.py,Fri Jan 5 21:26:41 2024 +0100
j8sr0230/codelink/src/codelink/nodes/point/operations/distribute_points.py,Fri Jan 5 21:26:41 2024 +0100
j8sr0230/codelink/src/codelink/nodes/input/value.py,Thu Aug 24 09:49:36 2023 +0200
j8sr0230/codelink/src/codelink/nodes/input/range.py,Fri Aug 25 09:12:36 2023 +0200
j8sr0230/codelink/src/codelink/nodes/input/vector.py,Thu Aug 24 21:20:52 2023 +0200
j8sr0230/codelink/src/codelink/nodes/util/scalar_compare.py,Thu Nov 30 20:39:48 2023 +0100
j8sr0230/codelink/src/codelink/nodes/util/separate_xyz.py,Thu Nov 30 20:39:48 2023 +0100
j8sr0230/codelink/src/codelink/nodes/util/vector_functions.py,Thu Aug 24 23:11:12 2023 +0200
j8sr0230/codelink/src/codelink/nodes/util/list_functions.py,Tue Jan 2 11:34:35 2024 +0100
j8sr0230/codelink/src/codelink/nodes/util/scalar_functions.py,Thu Aug 24 10:25:37 2023 +0200
j8sr0230/codelink/src/codelink/nodes/util/random_functions.py,Fri Jan 12 12:44:47 2024 +0100
j8sr0230/codelink/src/codelink/nodes/util/scalar_trigonometric.py,Thu Aug 24 10:40:49 2023 +0200
j8sr0230/codelink/src/codelink/nodes/curve/primitives/polyline_coin.py,Fri Jan 5 21:26:41 2024 +0100
j8sr0230/codelink/src/codelink/nodes/curve/primitives/regular_polygon.py,Fri Jan 5 21:26:41 2024 +0100
j8sr0230/codelink/src/codelink/nodes/curve/primitives/arc.py,Fri Jan 5 21:26:41 2024 +0100
j8sr0230/codelink/src/codelink/nodes/curve/primitives/polyline.py,Fri Jan 5 21:26:41 2024 +0100
j8sr0230/codelink/src/codelink/nodes/curve/primitives/bezier.py,Sun Jan 7 07:51:52 2024 +0100
j8sr0230/codelink/src/codelink/nodes/curve/operations/evaluate_curve.py,Sun Jan 7 07:26:19 2024 +0100
j8sr0230/codelink/src/codelink/nodes/curve/operations/curve_length.py,Sun Jan 7 06:11:58 2024 +0100
j8sr0230/codelink/src/codelink/utils.py,Sun May 14 10:02:46 2023 +0200
j8sr0230/codelink/src/codelink/node_item.py,Sat May 13 18:51:24 2023 +0200
j8sr0230/codelink/src/codelink/nested_data.py,Wed Nov 1 11:06:38 2023 +0100
j8sr0230/codelink/src/codelink/test_lab.py,Fri Feb 2 08:22:42 2024 +0100
jacanchaplais/graphicle/graphicle/select.py,Mon Jun 6 15:26:16 2022 +0100
jaimenorman/JETSCAPE-analysis/tests/test_parsing.py,Tue Apr 27 13:11:36 2021 +0200
jaimenorman/JETSCAPE-analysis/jetscape_analysis/analysis/reader/parse_ascii.py,Thu Oct 8 22:56:55 2020 -0700
jaimenorman/JETSCAPE-analysis/testing_outputs/finalStateWriter/compare.py,Mon Jun 21 14:09:52 2021 +0200
JamesOConnor/stackstac/stackstac/prepare.py,Wed Mar 10 18:36:56 2021 -0700
janreising/astroCAST/test/test_helper.py,Tue Apr 25 16:30:51 2023 +0200
janreising/astroCAST/astrocast/helper.py,Thu Sep 7 00:05:42 2023 +0200
jansam123/JIDENN/scripts/JIDENN_small.py,Thu Jan 18 18:08:45 2024 +0100
jansam123/JIDENN/jidenn/data/JIDENNDataset.py,Tue Apr 18 18:26:33 2023 +0200
jansam123/JIDENN/jidenn/data/convert_h5.py,Thu Jul 6 10:25:51 2023 +0200
jansam123/JIDENN/jidenn/data/ROOTDataset.py,Tue Apr 18 18:26:33 2023 +0200
jdbrice/rootext/rootext/__main__.py,Tue Feb 6 20:16:08 2024 -0500
jdmulligan/JETSCAPE-analysis/tests/test_parsing.py,Tue Apr 27 13:11:36 2021 +0200
jdmulligan/JETSCAPE-analysis/jetscape_analysis/analysis/reader/parse_ascii.py,Thu Oct 8 22:56:55 2020 -0700
jdmulligan/JETSCAPE-analysis/testing_outputs/finalStateWriter/compare.py,Mon Jun 21 14:09:52 2021 +0200
jet-net/JetNet/jetnet/utils/utils.py,Sat Sep 18 08:53:59 2021 -0700
jkguiang/vbs/notebooks/vbswh-lhe_breakdown.ipynb,Fri Jun 30 18:40:55 2023 -0700
jkguiang/vbs/notebooks/vbsvvhjets_binnedMC.ipynb,Tue May 23 10:30:27 2023 -0700
jkguiang/vbs/abcdnet/scripts/plot.py,Wed Jun 14 18:40:01 2023 -0400
jlazar17/IceCube_Masterclass_MoonShadow/simulation/3_merge_simulation.py,Fri May 19 08:08:30 2023 -0400
jlazar17/IceCube_Masterclass_MoonShadow/analysis/data_reader.py,Fri May 19 10:41:44 2023 -0400
jmccartin/missile-tid/tid/awkward.py,Mon Sep 6 13:50:28 2021 -0400
jmorton-usgs/stackstac/stackstac/prepare.py,Wed Mar 10 18:36:56 2021 -0700
jnzhao3/Mu2e-Track-Analysis/Tutorial.ipynb,Fri Oct 7 00:46:03 2022 -0700
Joel-Oscar-Mills/Cloud-Computing-Assessment/data_processing/data_processing.py,Sun Dec 10 15:28:26 2023 +0000
Joel-Oscar-Mills/Cloud-Computing-Assessment/plotting/plotting.py,Sun Dec 10 15:28:26 2023 +0000
johnalison/unsupervised4b/reweight/calculateDtoMWeights.py,Tue Oct 25 10:23:58 2022 -0500
johnalison/unsupervised4b/reweight/calculate3to4Weights.py,Mon Nov 14 09:32:21 2022 -0600
johnalison/unsupervised4b/reweight/newPlots.ipynb,Tue Jul 25 08:29:50 2023 -0500
johnalison/unsupervised4b/reweight/fakeData.py,Mon Jul 31 11:25:48 2023 -0500
johnalison/unsupervised4b/reweight/KDE_toy/fakeData.py,Tue Aug 8 16:42:10 2023 -0500
johnalison/unsupervised4b/reweight/calculate3to4WeightsSelf.py,Sun Jul 23 15:25:33 2023 -0500
JoranAngevaare/RP2021/01_coincidence_measurements/3. open_raw_root_and_ti44.ipynb,Sun Jan 3 17:18:16 2021 +0100
joseph-crowley/coffea/processor.py,Wed Mar 29 14:37:14 2023 -0700
josephzhang0701/acts_v30/Examples/Scripts/generic_plotter.py,Tue Sep 6 12:19:13 2022 +0000
josephzhang0701/acts_v30/Examples/Python/tests/helpers/hash_root.py,Tue Oct 26 12:51:01 2021 +0200
jpata/particleflow/mlpf/jet_utils.py,Wed Jan 25 15:27:12 2023 +0200
jpata/particleflow/mlpf/pyg/inference.py,Fri Oct 6 16:51:36 2023 +0300
jpata/particleflow/mlpf/heptfds/clic_pf_edm4hep/utils_edm.py,Tue Jan 24 10:50:50 2023 +0200
jpata/particleflow/mlpf/heptfds/clic_pf_edm4hep_hits/utils_edm.py,Tue May 2 10:45:38 2023 +0300
jpata/particleflow/mlpf/heptfds/cms_pf/cms_utils.py,Fri Sep 2 10:09:18 2022 +0300
jpata/particleflow/mlpf/data_cms/postprocessing2.py,Fri Sep 2 10:09:18 2022 +0300
jpata/particleflow/mlpf/tfmodel/model_setup.py,Mon Jan 25 16:55:03 2021 +0200
jpata/particleflow/mlpf/plotting/plot_utils.py,Wed Oct 14 12:33:37 2020 +0300
jpata/particleflow/scripts/fccee_cld/postprocessing.py,Thu May 23 15:09:52 2024 +0300
jpata/particleflow/scripts/clic/postprocessing.py,Thu May 16 18:54:49 2024 +0300
jpata/particleflow/scripts/clic/postprocessing_hits.py,Thu May 16 18:54:49 2024 +0300
jpata/particleflow/notebooks/cms/cms-simvalidation.ipynb,Fri Aug 4 12:16:08 2023 +0300
jpata/particleflow/notebooks/cms/cms-gunsamples-simvalidation.ipynb,Fri Aug 4 12:16:08 2023 +0300
jpata/particleflow/notebooks/cms/cms-dataset.ipynb,Wed Jul 17 22:06:40 2024 +0300
jpata/particleflow/notebooks/cms/cms-validate-onnx.ipynb,Mon May 27 18:27:59 2024 +0300
jpata/particleflow/notebooks/clic/paper_plots_2023_datasets.ipynb,Fri Aug 4 12:16:08 2023 +0300
jpata/particleflow/notebooks/clic/clic-visualize.ipynb,Fri Aug 4 12:16:08 2023 +0300
jpivarski/tiled-uproot/src/tiled_uproot/populate.py,Tue Oct 3 17:40:51 2023 -0500
jpivarski/tiled-uproot/src/tiled_uproot/extract.py,Thu Oct 19 18:32:35 2023 -0500
jpivarski-talks/2022-09-12-pyhep22-awkward-combinatorics/pyhep2022-combinatorics-EVALUATED.ipynb,Sun Sep 11 17:49:59 2022 -0500
jpivarski-talks/2022-09-12-pyhep22-awkward-combinatorics/pyhep2022-combinatorics.ipynb,Sun Sep 11 17:49:59 2022 -0500
jpivarski-talks/2022-07-11-scipy-loopy-tutorial/prep/make-parquet-step-3.py,Wed Jun 1 18:56:55 2022 -0500
jpivarski-talks/2022-07-11-scipy-loopy-tutorial/prep/make-parquet-step-2.py,Wed May 18 20:21:15 2022 -0500
jpivarski-talks/2022-07-11-scipy-loopy-tutorial/solutions/solution-3.ipynb,Sat Jun 11 14:40:58 2022 -0500
jpivarski-talks/2022-07-11-scipy-loopy-tutorial/solutions/solution-3-EVALUATED.ipynb,Tue Jun 14 20:55:57 2022 -0500
jpivarski-talks/2022-07-11-scipy-loopy-tutorial/narrative-EVALUATED.ipynb,Thu Jun 16 22:40:03 2022 -0500
jpivarski-talks/2022-07-11-scipy-loopy-tutorial/narrative.ipynb,Fri Jun 10 23:35:25 2022 -0500
jpivarski-talks/2022-07-11-scipy-loopy-tutorial/exercises/exercise-3.ipynb,Sat Jun 11 14:40:58 2022 -0500
jpivarski-talks/2022-07-11-scipy-loopy-tutorial/exercises/exercise-3-EVALUATED.ipynb,Sat Jun 11 14:40:58 2022 -0500
jpivarski-talks/2021-09-13-star-uproot-awkward-tutorial/tutorial-EVALUATED.ipynb,Mon Sep 13 00:11:19 2021 -0500
jpivarski-talks/2021-09-13-star-uproot-awkward-tutorial/tutorial.ipynb,Fri Sep 10 11:53:54 2021 -0500
jpivarski-talks/2021-02-03-pyhep-numba-tutorial/tutorial.ipynb,Wed Jan 27 14:18:31 2021 -0600
jpivarski-talks/2024-06-20-uscms-princeton-tutorial/site/files/answers-NO-PEEKING.ipynb,Sat Jun 1 12:38:47 2024 -0500
jpivarski-talks/2024-06-20-uscms-princeton-tutorial/site/files/student.ipynb,Wed May 29 18:50:17 2024 -0500
jpivarski-talks/2024-06-20-uscms-princeton-tutorial/site/files/teacher.ipynb,Wed May 29 18:50:17 2024 -0500
jreyesv063/w_prime_plus_b_hadronic_channel/test/TopTagger_v2.ipynb,Fri Aug 4 15:25:04 2023 +0200
jreyesv063/w_prime_plus_b_hadronic_channel/wprime_plus_b/corrections/btag.py,Fri Sep 8 17:39:37 2023 +0200
jreyesv063/w_prime_plus_b_hadronic_channel/wprime_plus_b/corrections/jec.py,Fri Sep 8 17:39:37 2023 +0200
jreyesv063/w_prime_plus_b_hadronic_channel/wprime_plus_b/corrections/tau_corrections(test).ipynb,Fri Sep 8 17:39:37 2023 +0200
jreyesv063/w_prime_plus_b_hadronic_channel/wprime_plus_b/corrections/.ipynb_checkpoints/jec-checkpoint.py,Fri Sep 15 02:17:14 2023 +0000
jreyesv063/w_prime_plus_b_hadronic_channel/wprime_plus_b/corrections/.ipynb_checkpoints/utils-checkpoint.py,Fri Sep 8 17:39:37 2023 +0200
jreyesv063/w_prime_plus_b_hadronic_channel/wprime_plus_b/corrections/.ipynb_checkpoints/tau-checkpoint.py,Fri Sep 15 02:17:14 2023 +0000
jreyesv063/w_prime_plus_b_hadronic_channel/wprime_plus_b/corrections/.ipynb_checkpoints/tau_corrections(test)-checkpoint.ipynb,Fri Sep 8 17:39:37 2023 +0200
jreyesv063/w_prime_plus_b_hadronic_channel/wprime_plus_b/corrections/lepton.py,Fri Sep 8 17:39:37 2023 +0200
jreyesv063/w_prime_plus_b_hadronic_channel/wprime_plus_b/corrections/tau.py,Fri Sep 8 17:39:37 2023 +0200
jreyesv063/w_prime_plus_b_hadronic_channel/wprime_plus_b/corrections/utils.py,Fri Sep 8 17:39:37 2023 +0200
jreyesv063/w_prime_plus_b_hadronic_channel/wprime_plus_b/corrections/pileup.py,Fri Sep 8 17:39:37 2023 +0200
jreyesv063/w_prime_plus_b_hadronic_channel/wprime_plus_b/corrections/met.py,Fri Sep 8 17:39:37 2023 +0200
jreyesv063/w_prime_plus_b_hadronic_channel/wprime_plus_b/processors/ttbar_hadronic.py,Fri Sep 8 17:39:37 2023 +0200
jreyesv063/w_prime_plus_b_hadronic_channel/wprime_plus_b/processors/ttbar_hadronic_test.py,Fri Sep 15 02:17:14 2023 +0000
jreyesv063/w_prime_plus_b_hadronic_channel/wprime_plus_b/processors/.ipynb_checkpoints/ttbar_hadronic-checkpoint.py,Fri Sep 8 17:39:37 2023 +0200
jreyesv063/w_prime_plus_b_hadronic_channel/wprime_plus_b/processors/.ipynb_checkpoints/ttbar_hadronic_test-checkpoint.py,Fri Sep 15 02:17:14 2023 +0000
jreyesv063/w_prime_plus_b_hadronic_channel/wprime_plus_b/processors/.ipynb_checkpoints/ttbar_analysis-checkpoint.py,Fri Sep 8 17:39:37 2023 +0200
jreyesv063/w_prime_plus_b_hadronic_channel/wprime_plus_b/processors/utils/.ipynb_checkpoints/topXfinder-checkpoint.py,Fri Sep 8 17:39:37 2023 +0200
jreyesv063/w_prime_plus_b_hadronic_channel/wprime_plus_b/processors/utils/.ipynb_checkpoints/TopTagger_v1-checkpoint.ipynb,Fri Sep 8 17:39:37 2023 +0200
jreyesv063/w_prime_plus_b_hadronic_channel/wprime_plus_b/processors/utils/.ipynb_checkpoints/analysis_utils-checkpoint.py,Fri Sep 8 17:39:37 2023 +0200
jreyesv063/w_prime_plus_b_hadronic_channel/wprime_plus_b/processors/utils/topXfinder.py,Fri Sep 8 17:39:37 2023 +0200
jreyesv063/w_prime_plus_b_hadronic_channel/wprime_plus_b/processors/utils/TopTagger_v1.ipynb,Fri Sep 8 17:39:37 2023 +0200
jreyesv063/w_prime_plus_b_hadronic_channel/wprime_plus_b/processors/utils/analysis_utils.py,Fri Sep 8 17:39:37 2023 +0200
jreyesv063/w_prime_plus_b_hadronic_channel/wprime_plus_b/processors/ttbar_analysis.py,Fri Sep 8 17:39:37 2023 +0200
jreyesv063/w_prime_plus_b_hadronic_channel/wprime_plus_b/selections/ttbar/jet_selection.py,Fri Sep 8 17:39:37 2023 +0200
jreyesv063/w_prime_plus_b_hadronic_channel/wprime_plus_b/selections/ttbar/.ipynb_checkpoints/jet_selection_hA-checkpoint.py,Fri Sep 8 17:39:37 2023 +0200
jreyesv063/w_prime_plus_b_hadronic_channel/wprime_plus_b/selections/ttbar/.ipynb_checkpoints/jet_selection-checkpoint.py,Fri Sep 8 17:39:37 2023 +0200
jreyesv063/w_prime_plus_b_hadronic_channel/wprime_plus_b/selections/ttbar/.ipynb_checkpoints/lepton_selection_hA-checkpoint.py,Fri Sep 8 17:39:37 2023 +0200
jreyesv063/w_prime_plus_b_hadronic_channel/wprime_plus_b/selections/ttbar/.ipynb_checkpoints/lepton_selection-checkpoint.py,Fri Sep 15 02:17:14 2023 +0000
jreyesv063/w_prime_plus_b_hadronic_channel/wprime_plus_b/selections/ttbar/lepton_selection.py,Fri Sep 8 17:39:37 2023 +0200
jreyesv063/w_prime_plus_b_hadronic_channel/wprime_plus_b/selections/ttbar/lepton_selection_hA.py,Fri Sep 8 17:39:37 2023 +0200
jreyesv063/w_prime_plus_b_hadronic_channel/wprime_plus_b/selections/ttbar/jet_selection_hA.py,Fri Sep 8 17:39:37 2023 +0200
jreyesv063/w_prime_plus_b_hadronic_channel/binder/top_finder.ipynb,Fri Sep 8 17:39:37 2023 +0200
jsdancu/icenet/iceid/common.py,Mon Jun 22 04:41:06 2020 +0100
jsdancu/icenet/configs/dqcd/filter.py,Mon Jun 6 13:49:41 2022 +0100
jsdancu/icenet/configs/dqcd/cuts.py,Mon Jun 6 13:49:41 2022 +0100
jsdancu/icenet/icedqcd/graphio.py,Mon Jul 11 22:52:32 2022 +0100
jsdancu/icenet/icehgcal/common.py,Wed Jun 22 11:43:08 2022 +0200
jsdancu/icenet/icehgcal/preprocess.py,Tue Jun 28 12:38:04 2022 +0200
jsdancu/icenet/tests/test_jagged2matrix.py,Tue Jun 7 18:12:03 2022 +0100
jsdancu/icenet/tests/test_nanotree.py,Fri Oct 29 14:16:05 2021 +0100
jsdancu/icenet/icebrk/loop.py,Mon Jun 22 04:41:06 2020 +0100
jsdancu/icenet/icenet/tools/iceroot.py,Sun Sep 19 13:48:47 2021 +0100
jsdancu/icenet/icenet/tools/process.py,Wed Sep 15 11:15:18 2021 +0100
jsdancu/icenet/icenet/tools/plots.py,Mon Jun 22 04:41:06 2020 +0100
jsdancu/icenet/icenet/tools/aux.py,Thu Feb 27 16:45:33 2020 +0000
jsdancu/icenet/icenet/tools/io.py,Thu Feb 27 16:45:33 2020 +0000
jsdancu/icenet/icenet/tools/reweight.py,Sat Sep 18 19:23:19 2021 +0100
juniperfdel/Root-Convert/root_convert.py,Mon Jan 9 15:26:33 2023 -0500
justinjmueller/icarus_numu_ml_selection/systematics/syscalc.py,Mon Feb 12 13:37:07 2024 -0600
justinjmueller/icarus_numu_ml_selection/systematics/sysplot.py,Mon Feb 12 13:37:07 2024 -0600
justinjmueller/icarus_numu_ml_selection/systematics/systools.py,Mon Feb 12 13:37:07 2024 -0600
kage-genotyper/kage/scripts/div.py,Sat Sep 9 19:21:38 2023 +0200
kage-genotyper/kage/tests/test_signatures.py,Thu Sep 14 10:33:27 2023 +0200
kage-genotyper/kage/tests/test_multiallelic_variants.py,Wed Jun 14 11:35:17 2023 +0200
kage-genotyper/kage/tests/test_window_kmers.py,Wed Sep 13 15:56:20 2023 +0200
kage-genotyper/kage/tests/div.py,Fri Aug 18 14:19:42 2023 +0200
kage-genotyper/kage/tests/test_path_variant_indexing.py,Mon May 29 12:40:20 2023 +0200
kage-genotyper/kage/kage/preprocessing/variants.py,Fri Jun 9 10:23:35 2023 +0200
kage-genotyper/kage/kage/indexing/signatures.py,Wed Jun 14 13:36:56 2023 +0200
KayVeeZ/HZZ_Docker/get_data.py,Mon Apr 22 20:43:49 2024 +0100
KayVeeZ/HZZ_Docker/plot_data.py,Mon Apr 22 20:43:49 2024 +0100
KayVeeZ/HZZ_Docker/images/get_data/get_d.py,Mon Apr 22 20:43:49 2024 +0100
KayVeeZ/HZZ_Docker/read_file.py,Mon Apr 22 20:43:49 2024 +0100
KayVeeZ/HZZ_Docker/test_notebook.ipynb,Mon Apr 22 20:43:49 2024 +0100
kon-218/ATLAS-cloud-processing/HZZ_app/scripts/output/output.py,Thu Dec 7 17:47:08 2023 +0000
kon-218/ATLAS-cloud-processing/HZZ_app/scripts/get_data/get_data.py,Thu Dec 7 17:47:08 2023 +0000
kon-218/ATLAS-cloud-processing/HZZ_app/scripts/process/process_data.py,Thu Dec 7 17:47:08 2023 +0000
kon-218/ATLAS-cloud-processing/HZZAnalysis.ipynb,Tue Dec 5 15:05:16 2023 +0000
kratsg/coffea-delphes/coffea_delphes/methods.py,Fri Sep 10 18:16:31 2021 -0700
kratsg/coffea-delphes/example.py,Fri Sep 10 18:16:31 2021 -0700
kratsg/awkward-arrow-cmake-pybind11/test-python.py,Mon Jun 14 12:54:58 2021 -0700
krilangs/ComPhys---Master/Scripts/Classification/Trilepton_classify_Ntuples.py,Fri May 28 12:11:18 2021 +0200
krilangs/ComPhys---Master/Scripts/Classification/Trilepton_read_root.py,Fri May 28 12:11:18 2021 +0200
kylebarron/stackstac/stackstac/prepare.py,Wed Mar 10 18:36:56 2021 -0700
kyungeonchoi/ServiceX_PyROOT_transformer/transformer_uproot.py,Wed Jun 17 17:31:27 2020 -0500
LBJ-Wade/coffea/docs/source/wq-example.py,Wed Dec 16 16:47:46 2020 -0500
LBJ-Wade/coffea/coffea/hist/hist_tools.py,Tue Jun 4 14:58:55 2019 +0200
LBJ-Wade/coffea/coffea/util.py,Tue Jun 4 14:58:55 2019 +0200
LBJ-Wade/coffea/coffea/nanoevents/transforms.py,Wed Aug 12 18:25:58 2020 -0500
LBJ-Wade/coffea/coffea/nanoevents/factory.py,Thu Jul 9 22:14:19 2020 -0500
LBJ-Wade/coffea/coffea/nanoevents/mapping/parquet.py,Wed Dec 23 19:42:47 2020 -0600
LBJ-Wade/coffea/coffea/nanoevents/mapping/uproot.py,Wed Dec 23 19:42:47 2020 -0600
LBJ-Wade/coffea/coffea/nanoevents/mapping/preloaded.py,Wed Dec 23 19:42:47 2020 -0600
LBJ-Wade/coffea/coffea/nanoevents/methods/nanoaod.py,Mon Aug 17 15:51:43 2020 -0500
LBJ-Wade/coffea/coffea/nanoevents/methods/candidate.py,Thu Jul 9 22:14:19 2020 -0500
LBJ-Wade/coffea/coffea/nanoevents/methods/base.py,Thu Jul 9 22:14:19 2020 -0500
LBJ-Wade/coffea/coffea/nanoevents/methods/vector.py,Thu Jul 9 22:14:19 2020 -0500
LBJ-Wade/coffea/coffea/processor/dataframe.py,Tue Jun 4 14:58:55 2019 +0200
LBJ-Wade/coffea/coffea/processor/spark/spark_executor.py,Tue Jun 4 14:58:55 2019 +0200
LBJ-Wade/coffea/coffea/processor/test_items/NanoTestProcessor.py,Tue Jun 4 14:58:55 2019 +0200
LBJ-Wade/coffea/coffea/processor/test_items/NanoEventsProcessor.py,Thu Dec 19 20:42:39 2019 -0600
LBJ-Wade/coffea/coffea/processor/test_items/NanoTestProcessorPandas.py,Wed Nov 11 15:55:44 2020 -0500
LBJ-Wade/coffea/coffea/jetmet_tools/CorrectedMETFactory.py,Wed Dec 9 15:35:47 2020 -0600
LBJ-Wade/coffea/coffea/jetmet_tools/JetResolutionScaleFactor.py,Tue Jun 4 14:58:55 2019 +0200
LBJ-Wade/coffea/coffea/jetmet_tools/JetResolution.py,Tue Jun 4 14:58:55 2019 +0200
LBJ-Wade/coffea/coffea/jetmet_tools/JetCorrectionUncertainty.py,Tue Jun 4 14:58:55 2019 +0200
LBJ-Wade/coffea/coffea/jetmet_tools/CorrectedJetsFactory.py,Wed Dec 9 15:35:47 2020 -0600
LBJ-Wade/coffea/coffea/jetmet_tools/FactorizedJetCorrector.py,Tue Jun 4 14:58:55 2019 +0200
LBJ-Wade/coffea/coffea/lookup_tools/csv_converters.py,Tue Jun 4 14:58:55 2019 +0200
LBJ-Wade/coffea/coffea/lookup_tools/txt_converters.py,Tue Jun 4 14:58:55 2019 +0200
LBJ-Wade/coffea/coffea/lookup_tools/jme_standard_function.py,Tue Jun 4 14:58:55 2019 +0200
LBJ-Wade/coffea/coffea/lookup_tools/jec_uncertainty_lookup.py,Tue Jun 4 14:58:55 2019 +0200
LBJ-Wade/coffea/coffea/lookup_tools/lookup_base.py,Tue Jun 4 14:58:55 2019 +0200
LBJ-Wade/coffea/coffea/lookup_tools/rochester_lookup.py,Fri Jan 10 17:39:24 2020 -0600
LBJ-Wade/coffea/coffea/lookup_tools/jersf_lookup.py,Tue Jun 4 14:58:55 2019 +0200
LBJ-Wade/coffea/coffea/lookup_tools/dense_lookup.py,Tue Jun 4 14:58:55 2019 +0200
LBJ-Wade/coffea/tests/samples/build_rochester.py,Tue Jan 14 09:32:34 2020 -0600
LBJ-Wade/coffea/tests/test_btag.py,Thu Feb 13 18:33:45 2020 -0600
LBJ-Wade/coffea/tests/test_hist_tools.py,Fri Dec 28 13:41:45 2018 +0000
LBJ-Wade/coffea/tests/test_lookup_tools.py,Fri Nov 30 16:02:22 2018 -0600
LBJ-Wade/coffea/tests/dummy_distributions.py,Fri Nov 30 16:32:08 2018 -0600
LBJ-Wade/coffea/tests/test_nanoevents.py,Sun Jul 12 01:15:17 2020 -0500
LBJ-Wade/coffea/tests/test_hist_plot.py,Thu Jun 6 19:24:29 2019 +0200
LBJ-Wade/coffea/tests/test_jetmet_tools.py,Sat Jun 8 00:14:57 2019 +0200
LBJ-Wade/coffea/binder/nanoevents.ipynb,Wed Jun 3 21:04:16 2020 -0500
LBJ-Wade/coffea/binder/histograms.ipynb,Wed May 29 14:03:59 2019 -0500
LBJ-Wade/coffea/binder/processor.ipynb,Mon Jun 8 17:43:45 2020 -0500
LBJ-Wade/coffea/binder/applying_corrections.ipynb,Wed May 29 13:43:18 2019 -0500
LBLmu2e/KKTrain/TrainBkg_with_dropout.ipynb,Thu Oct 19 22:17:47 2023 -0700
LBLmu2e/KKTrain/TrainBkgDiag.ipynb,Thu Feb 16 13:44:25 2023 -0600
LBLmu2e/KKTrain/TrainBkg.ipynb,Fri Nov 4 13:20:49 2022 -0700
LBLmu2e/KKTrain/Multiple_Files_NewNN.ipynb,Wed Dec 7 15:52:00 2022 -0800
LBLmu2e/KKTrain/Plotting_Input_Variables.ipynb,Fri Dec 2 10:39:16 2022 -0800
LBLmu2e/KKTrain/TrainCluster.ipynb,Mon Jan 2 13:54:31 2023 -0800
LBLmu2e/KKTrain/TrainBkg.py,Mon May 1 15:17:59 2023 -0700
LBLmu2e/KKTrain/TrainSign.ipynb,Mon Jan 2 13:54:31 2023 -0800
LBLmu2e/KKTrain/All_Files.ipynb,Sun Nov 13 23:47:59 2022 -0800
ldk111/FASER-2-MPhys-Project-ACTS/thirdparty/OpenDataDetector/ci/hash_root.py,Sun Dec 31 02:29:51 2023 +0000
ldk111/FASER-2-MPhys-Project-ACTS/Examples/Scripts/generic_plotter.py,Sun Dec 31 02:29:51 2023 +0000
ldk111/FASER-2-MPhys-Project-ACTS/Examples/Python/tests/helpers/hash_root.py,Sun Dec 31 02:29:51 2023 +0000
legend-exp/legend-pydataobj/docs/source/notebooks/LH5Files.ipynb,Tue May 23 12:42:22 2023 +0200
legend-exp/legend-pydataobj/tests/lh5/test_lh5_write.py,Tue Mar 26 15:46:53 2024 +0100
legend-exp/legend-pydataobj/tests/lh5/test_lh5_store.py,Fri Nov 24 11:25:50 2023 +0100
legend-exp/legend-pydataobj/tests/types/test_vectorofvectors.py,Mon May 22 22:07:21 2023 +0200
legend-exp/legend-pydataobj/tests/types/test_vovutils.py,Thu Mar 14 11:49:35 2024 +0100
legend-exp/legend-pydataobj/tests/types/test_table.py,Mon May 22 22:07:21 2023 +0200
legend-exp/legend-pydataobj/tests/types/test_arrayofequalsizedarrays.py,Mon May 22 22:07:21 2023 +0200
legend-exp/legend-pydataobj/tests/types/test_array.py,Mon May 22 22:07:21 2023 +0200
legend-exp/legend-pydataobj/tests/types/test_encoded.py,Mon May 22 22:07:21 2023 +0200
legend-exp/legend-pydataobj/src/lgdo/types/waveformtable.py,Fri Nov 24 15:31:48 2023 +0100
legend-exp/legend-pydataobj/src/lgdo/types/table.py,Mon May 22 22:07:21 2023 +0200
legend-exp/legend-pydataobj/src/lgdo/types/encoded.py,Mon May 22 22:07:21 2023 +0200
legend-exp/legend-pydataobj/src/lgdo/types/arrayofequalsizedarrays.py,Mon May 22 22:07:21 2023 +0200
legend-exp/legend-pydataobj/src/lgdo/types/vovutils.py,Thu Mar 14 11:49:35 2024 +0100
legend-exp/legend-pydataobj/src/lgdo/types/lgdo.py,Mon May 22 22:07:21 2023 +0200
legend-exp/legend-pydataobj/src/lgdo/types/vectorofvectors.py,Mon May 22 22:07:21 2023 +0200
legend-exp/legend-pydataobj/src/lgdo/types/array.py,Mon May 22 22:07:21 2023 +0200
leonweber/nessie/tests/test_methods.py,Sat Jan 29 20:52:09 2022 +0100
leonweber/nessie/tests/test_task_support_span_labeling.py,Tue Mar 1 23:12:41 2022 +0100
leonweber/nessie/tests/conftest.py,Wed Feb 2 13:09:44 2022 +0100
leonweber/nessie/tests/test_models.py,Tue Feb 1 11:24:07 2022 +0100
leonweber/nessie/tests/test_evaluation.py,Fri Feb 11 20:09:35 2022 +0100
leonweber/nessie/nessie/helper.py,Sat Feb 12 01:40:06 2022 +0100
leonweber/nessie/nessie/task_support/span_labeling.py,Tue Mar 1 23:12:41 2022 +0100
leonweber/nessie/nessie/dataloader.py,Sat Jan 29 20:52:09 2022 +0100
leonweber/nessie/nessie/models/tagging/maxent_sequence_tagger.py,Tue Feb 1 11:24:07 2022 +0100
leonweber/nessie/nessie/models/tagging/dummy_sequence_classifier.py,Wed Mar 9 18:35:44 2022 +0100
leonweber/nessie/nessie/models/tagging/flair_sequence_tagger.py,Tue Feb 1 11:24:07 2022 +0100
leonweber/nessie/nessie/models/tagging/transformer_sequence_tagger.py,Tue Feb 1 11:24:07 2022 +0100
leonweber/nessie/nessie/models/tagging/handcrafted_crf_sequence_tagger.py,Tue Feb 1 11:24:07 2022 +0100
leonweber/nessie/nessie/models/featurizer.py,Tue Feb 1 11:24:07 2022 +0100
leonweber/nessie/nessie/models/model.py,Tue Feb 1 11:24:07 2022 +0100
leonweber/nessie/nessie/detectors/variational_principle.py,Wed Feb 2 15:11:39 2022 +0100
leonweber/nessie/nessie/detectors/datamap_confidence.py,Thu Feb 3 12:10:16 2022 +0100
leonweber/nessie/nessie/types.py,Sat Jan 29 20:52:09 2022 +0100
leonweber/nessie/notebooks/methods.ipynb,Thu Mar 10 19:03:44 2022 +0100
lgray/dazsle-hbb-recipes/dazsle_hbb_recipes/ids/btag.py,Wed Jan 16 12:14:06 2019 +0100
lgray/dazsle-hbb-recipes/dazsle_hbb_recipes/ids/photons.py,Wed Jan 16 12:14:06 2019 +0100
lgray/dazsle-hbb-recipes/dazsle_hbb_recipes/ids/muons.py,Wed Jan 16 12:14:06 2019 +0100
lgray/dazsle-hbb-recipes/dazsle_hbb_recipes/ids/jets.py,Wed Jan 16 12:14:06 2019 +0100
lgray/dazsle-hbb-recipes/dazsle_hbb_recipes/ids/electrons.py,Wed Jan 16 12:14:06 2019 +0100
lgray/dazsle-hbb-recipes/dazsle_hbb_recipes/ids/taus.py,Wed Jan 16 12:14:06 2019 +0100
lgray/dazsle-hbb-recipes/dazsle_hbb_recipes/ids/jet_vetos.py,Wed Jan 16 12:14:06 2019 +0100
lgray/dazsle-hbb-recipes/dazsle_hbb_recipes/kfactors/top_kfactors.py,Mon Feb 11 23:53:25 2019 -0600
lgray/dazsle-hbb-recipes/dazsle_hbb_recipes/kfactors/vjets_kfactors.py,Wed Jan 16 12:14:06 2019 +0100
lgray/dazsle-hbb-recipes/dazsle_hbb_recipes/weights/trigger_sf.py,Wed Jan 16 12:14:06 2019 +0100
lgray/dazsle-hbb-recipes/dazsle_hbb_recipes/weights/muon_weights.py,Wed Feb 6 11:54:42 2019 -0600
lgray/dazsle-hbb-recipes/dazsle_hbb_recipes/weights/reco_msd_corr.py,Wed Jan 16 12:14:06 2019 +0100
lgray/dazsle-hbb-recipes/dazsle_hbb_recipes/gentools/gentools.py,Wed Jan 23 16:10:42 2019 -0600
lgray/dazsle-hbb-recipes/dazsle_hbb_recipes/plots/muon_control_region.py,Wed Feb 6 11:54:42 2019 -0600
LHCb-Cincinnati/LHE2ROOT/LHE2ROOT.py,Tue May 9 11:42:36 2023 +0200
LHCb-Cincinnati/WWProduction/GenLevelStudies/StackedHist.py,Tue May 21 15:48:15 2024 -0400
LHCb-Cincinnati/WWProduction/GenLevelStudies/pythia/analysis_3l.py,Fri Dec 15 10:18:43 2023 -0500
LHCb-Cincinnati/WWProduction/GenLevelStudies/pythia/analysis_2l.py,Fri Dec 15 10:59:17 2023 -0500
LHCb-Cincinnati/WWProduction/GenLevelStudies/pythia/analysis_Wjets.py,Mon Dec 18 13:02:11 2023 -0500
LHCb-Cincinnati/WWProduction/GenLevelStudies/pythia/pythia_gen_noROOT.py,Fri Dec 15 10:41:50 2023 -0500
LHCb-Cincinnati/WWProduction/GenLevelStudies/madgraph/analysis.py,Tue Aug 9 09:47:05 2022 -0400
LHCb-Cincinnati/WWProduction/GenLevelStudies/madgraph/analysis_lhe.py,Tue May 21 15:48:15 2024 -0400
LLR-ILD/cosmics/example/leaning-tower-of-muons/01_explore_triggered_events.ipynb,Tue Sep 21 15:00:24 2021 +0200
LLR-ILD/cosmics/example/leaning-tower-of-muons/03_hit_energy_mips.ipynb,Tue Sep 21 15:00:24 2021 +0200
LLR-ILD/cosmics/example/leaning-tower-of-muons/04_cosmics_coverage.ipynb,Sun Dec 5 21:46:06 2021 +0100
LLR-ILD/cosmics/example/leaning-tower-of-muons/00_explore_on_event_level.ipynb,Tue Sep 21 15:00:24 2021 +0200
LLR-ILD/cosmics/example/tb-slab-quality/plotting/nslabs_conditioned.py,Fri Jan 21 12:19:13 2022 +0100
LLR-ILD/cosmics/src/cosmics/io/mask_from_build_file.py,Fri Sep 24 11:35:40 2021 +0200
LLR-ILD/cosmics/src/cosmics/io/event_selection.py,Tue Sep 21 14:48:35 2021 +0200
lnoehte/test_uproot_awkward_with_nanoAOD/uproot_nanoAOD_import_test.ipynb,Thu Sep 15 11:10:47 2022 +0200
lobis/geant4-python-application/tests/test_run.py,Fri Dec 15 23:40:19 2023 -0600
lobis/geant4-python-application/tests/test_analysis.py,Fri Dec 15 13:42:38 2023 -0600
lobis/geant4-python-application/src/geant4_python_application/events.py,Fri Dec 15 13:42:38 2023 -0600
lobis/geant4-python-application/src/geant4_python_application/application.py,Wed Dec 6 21:29:14 2023 -0600
lobis/uproot5/tests/test_0912-fix-pandas-and-double-nested-vectors-issue-885.py,Fri Jul 7 09:04:56 2023 +0200
lobis/uproot5/tests/test_0643-reading-vector-pair-TLorentzVector-int.py,Thu Aug 11 21:12:46 2022 +0000
lobis/uproot5/tests/test_0498-create-leaf-branch-in-extend.py,Fri Nov 5 17:51:03 2021 +0000
lobis/uproot5/tests/test_0018-array-fetching-interface.py,Tue Jun 2 19:23:49 2020 -0500
lobis/uproot5/tests/test_0755-dask-awkward-column-projection.py,Thu Oct 20 15:04:58 2022 +0000
lobis/uproot5/tests/test_0126-turn-unknown-emptyarrays-into-known-types.py,Fri Nov 20 14:46:55 2020 -0600
lobis/uproot5/tests/test_0034-generic-objects-in-ttrees.py,Wed Jul 1 22:54:07 2020 -0500
lobis/uproot5/tests/test_0118-fix-name-fetch-again.py,Sat Sep 26 17:39:04 2020 -0500
lobis/uproot5/tests/test_0870-writing-arrays-of-type-unknown-fix-822.py,Thu Apr 6 18:18:36 2023 +0200
lobis/uproot5/tests/test_0053-parents-should-not-be-bases.py,Sun Jul 19 20:08:52 2020 -0500
lobis/uproot5/tests/test_0044-concatenate-function.py,Tue Jul 7 13:33:34 2020 -0500
lobis/uproot5/tests/test_0603-dask-delayed-open.py,Mon Jun 13 14:30:31 2022 +0000
lobis/uproot5/tests/test_0610-awkward-form.py,Thu Sep 8 11:29:30 2022 +0530
lobis/uproot5/tests/test_0442-regular-TClonesArray.py,Mon Sep 20 15:09:59 2021 -0400
lobis/uproot5/tests/test_0414-write-jagged-arrays.py,Thu Aug 19 18:38:46 2021 +0000
lobis/uproot5/tests/test_0303_empty_jagged_array.py,Thu Nov 16 12:51:22 2023 -0600
lobis/uproot5/tests/test_0876-uproot-dask-blind-steps.py,Fri Apr 14 10:10:06 2023 -0500
lobis/uproot5/tests/test_0940-feat-add-TLeafC-string-support.py,Mon Sep 25 18:00:02 2023 +0200
lobis/uproot5/tests/test_0652_dask-for-awkward.py,Thu Aug 11 10:47:41 2022 +0530
lobis/uproot5/tests/test_0033-more-interpretations-2.py,Fri Jun 26 19:51:54 2020 -0500
lobis/uproot5/tests/test_0700-dask-empty-arrays.py,Fri Sep 2 21:54:00 2022 +0530
lobis/uproot5/src/uproot/streamers.py,Wed Mar 31 14:34:32 2021 -0500
lobis/uproot5/src/uproot/writing/_cascadentuple.py,Fri Jan 6 19:42:25 2023 +0000
lobis/uproot5/src/uproot/writing/_cascadetree.py,Thu Aug 19 21:04:38 2021 +0000
lobis/uproot5/src/uproot/writing/identify.py,Thu Aug 19 21:04:38 2021 +0000
lobis/uproot5/src/uproot/_dask.py,Thu Aug 11 10:47:41 2022 +0530
lobis/uproot5/src/uproot/models/TAtt.py,Wed Mar 31 14:34:32 2021 -0500
lobis/uproot5/src/uproot/models/TGraph.py,Wed May 5 20:45:35 2021 +0000
lobis/uproot5/src/uproot/models/TH.py,Wed May 5 20:45:35 2021 +0000
lobis/uproot5/src/uproot/extras.py,Wed Mar 31 14:34:32 2021 -0500
lobis/uproot5/src/uproot/interpretation/objects.py,Wed Mar 31 14:34:32 2021 -0500
lobis/uproot5/src/uproot/interpretation/strings.py,Wed Mar 31 14:34:32 2021 -0500
lobis/uproot5/src/uproot/interpretation/library.py,Wed Mar 31 14:34:32 2021 -0500
LPC-HH/HH4b/src/run.py,Thu Jul 13 21:05:57 2023 -0700
LPC-HH/HH4b/src/HH4b/boosted/v11v12Check.ipynb,Fri Feb 16 12:54:39 2024 -0600
LPC-HH/HH4b/src/HH4b/boosted/v11vsv12_mreg.ipynb,Tue Mar 26 20:07:00 2024 -0500
LPC-HH/HH4b/src/HH4b/boosted/TTCheckvsRun2.ipynb,Sun Mar 31 11:41:36 2024 -0500
LPC-HH/HH4b/src/HH4b/boosted/SignalCheckvsRun2.ipynb,Fri Feb 16 12:54:39 2024 -0600
LPC-HH/HH4b/src/HH4b/boosted/Run3NanoTest.ipynb,Fri Feb 16 12:54:39 2024 -0600
LPC-HH/HH4b/src/HH4b/semiboosted/TruthStudy.ipynb,Fri Feb 16 12:54:39 2024 -0600
LPC-HH/HH4b/src/HH4b/semiboosted/MatchingEfficiency.ipynb,Fri Feb 16 12:54:39 2024 -0600
LPC-HH/HH4b/src/HH4b/semiboosted/CategorizeRecoByGen.ipynb,Fri Feb 16 12:54:39 2024 -0600
LPC-HH/HH4b/src/HH4b/semiboosted/Matching efficiency.ipynb,Fri Feb 16 12:54:39 2024 -0600
LPC-HH/HH4b/src/HH4b/semiboosted/MatchingYields.ipynb,Fri Feb 16 12:54:39 2024 -0600
LPC-HH/HH4b/src/HH4b/semiboosted/predict_spanet_hhh.py,Fri Feb 16 12:54:39 2024 -0600
LPC-HH/HH4b/src/HH4b/semiboosted/ooc.ipynb,Fri Feb 16 12:54:39 2024 -0600
LPC-HH/HH4b/src/HH4b/semiboosted/ooc_genJet_matching.ipynb,Fri Feb 16 12:54:39 2024 -0600
LPC-HH/HH4b/src/HH4b/semiboosted/SPANET_inference.ipynb,Fri Feb 16 12:54:39 2024 -0600
LPC-HH/HH4b/src/HH4b/semiboosted/MatchingYields_Billy.ipynb,Fri Feb 16 12:54:39 2024 -0600
LPC-HH/HH4b/src/HH4b/semiboosted/ooc-semiboosted.ipynb,Fri Feb 16 12:54:39 2024 -0600
LPC-HH/HH4b/src/HH4b/semiboosted/MatchingYields_Oct3.ipynb,Fri Feb 16 12:54:39 2024 -0600
LPC-HH/HH4b/src/HH4b/semiboosted/PairingStudy.ipynb,Fri Feb 16 12:54:39 2024 -0600
LPC-HH/HH4b/src/HH4b/processors/bbbbSkimmer.py,Thu Jul 13 21:05:57 2023 -0700
LPC-HH/HH4b/src/HH4b/processors/objects.py,Sun Jul 16 15:55:44 2023 -0500
LPC-HH/HH4b/src/HH4b/processors/corrections.py,Thu Jul 13 21:05:57 2023 -0700
LPC-HH/HH4b/src/HH4b/processors/matchingSkimmer.py,Tue Aug 8 15:17:00 2023 -0500
LPC-HH/HH4b/src/HH4b/processors/vptProc.py,Fri May 3 07:44:48 2024 -0500
LPC-HH/HH4b/src/HH4b/processors/utils.py,Thu Jul 13 21:05:57 2023 -0700
LPC-HH/HH4b/src/HH4b/processors/GenSelection.py,Thu Jul 13 21:05:57 2023 -0700
LPC-HH/HH4b/src/HH4b/processors/GenSelection.ipynb,Thu Jul 13 21:05:57 2023 -0700
LPC-HH/HH4b/src/HH4b/processors/ttSkimmer.py,Wed May 1 13:51:58 2024 -0500
LPC-HH/HH4b/src/HH4b/combine/binder/VBFPlots.ipynb,Thu Jun 13 20:54:30 2024 -0700
ludomori99/Darkphotons_Run3/offline_analysis/utils/skim_mass.py,Thu Mar 7 10:23:06 2024 -0500
ludomori99/Darkphotons_Run3/offline_analysis/BDT/training_offline.py,Thu Mar 7 10:23:06 2024 -0500
ludomori99/Darkphotons_Run3/offline_analysis/BDT/evaluate_dump/evaluate_dump_BDT.py,Thu Mar 7 10:23:06 2024 -0500
ludomori99/Darkphotons_Run3/offline_analysis/BDT/evaluate_dump/evaluate_dump_MC_BDT.py,Thu Mar 7 10:23:06 2024 -0500
ludomori99/Darkphotons_Run3/offline_analysis/BDT/view_training_compiled.ipynb,Thu Mar 7 10:23:06 2024 -0500
ludomori99/Darkphotons_Run3/offline_analysis/BDT/evaluate_BDT.py,Thu Mar 7 10:23:06 2024 -0500
ludomori99/Darkphotons_Run3/offline_analysis/notebooks/estimate_BDT_sys.ipynb,Thu Mar 7 10:23:06 2024 -0500
ludomori99/Darkphotons_Run3/scouting_analysis/utils/skim_mass.py,Fri Mar 22 13:38:33 2024 -0400
ludomori99/Darkphotons_Run3/scouting_analysis/utils/systematics.py,Fri Mar 22 13:38:33 2024 -0400
ludomori99/Darkphotons_Run3/scouting_analysis/BDT/training_offline.py,Fri Mar 22 13:38:33 2024 -0400
ludomori99/Darkphotons_Run3/scouting_analysis/BDT/evaluate_dump/evaluate_dump_BDT.py,Fri Mar 22 13:38:33 2024 -0400
ludomori99/Darkphotons_Run3/scouting_analysis/BDT/evaluate_dump/evaluate_dump_MC_BDT.py,Fri Mar 22 13:38:33 2024 -0400
ludomori99/Darkphotons_Run3/scouting_analysis/BDT/view_training_compiled.ipynb,Fri Mar 22 13:38:33 2024 -0400
ludomori99/Darkphotons_Run3/scouting_analysis/BDT/evaluate_BDT.py,Fri Mar 22 13:38:33 2024 -0400
ludomori99/Darkphotons_Run3/scouting_analysis/notebooks/estimate_BDT_sys.ipynb,Fri Mar 22 13:38:33 2024 -0400
maplexgitx0302/QCGNN/source/data/opendata.py,Wed May 29 20:05:30 2024 +0800
maplexgitx0302/QCGNN/source/data/mg5data.py,Wed May 29 20:05:30 2024 +0800
maplexgitx0302/QCGNN/source/data/datamodule.py,Mon May 20 12:12:23 2024 +0800
maplexgitx0302/QCGNN/main.ipynb,Sat May 18 11:28:34 2024 +0800
maplexgitx0302/QCGNN/notebooks/dataset_hvt.ipynb,Wed May 29 20:05:30 2024 +0800
maplexgitx0302/QCGNN/notebooks/dataset_jetnet.ipynb,Wed May 29 20:05:30 2024 +0800
maplexgitx0302/QCGNN/notebooks/dataset_top.ipynb,Wed May 29 20:05:30 2024 +0800
maplexgitx0302/QCGNN/main.py,Wed May 29 20:05:30 2024 +0800
maplexgitx0302/QML-QCGNN/source/data/opendata.py,Wed May 29 20:05:30 2024 +0800
maplexgitx0302/QML-QCGNN/source/data/mg5data.py,Wed May 29 20:05:30 2024 +0800
maplexgitx0302/QML-QCGNN/source/data/datamodule.py,Mon May 20 12:12:23 2024 +0800
maplexgitx0302/QML-QCGNN/main.ipynb,Sat May 18 11:28:34 2024 +0800
maplexgitx0302/QML-QCGNN/notebooks/dataset_hvt.ipynb,Wed May 29 20:05:30 2024 +0800
maplexgitx0302/QML-QCGNN/notebooks/dataset_jetnet.ipynb,Wed May 29 20:05:30 2024 +0800
maplexgitx0302/QML-QCGNN/notebooks/slide_fig.ipynb,Mon Jul 15 21:22:16 2024 +0800
maplexgitx0302/QML-QCGNN/notebooks/dataset_top.ipynb,Wed May 29 20:05:30 2024 +0800
maplexgitx0302/QML-CMSSW_2015MiniAOD/LocalWorkspace/g_eflow_2pcgnn.ipynb,Sun Jun 25 21:27:38 2023 +0800
maplexgitx0302/QML-CMSSW_2015MiniAOD/LocalWorkspace/d_mg5_info.ipynb,Fri Aug 4 12:20:20 2023 +0800
maplexgitx0302/QML-CMSSW_2015MiniAOD/LocalWorkspace/old_code/pl_kernel/hep_events.py,Wed Aug 16 09:07:34 2023 +0800
maplexgitx0302/QML-CMSSW_2015MiniAOD/LocalWorkspace/old_code/pl_kernel/demo_jet_info.ipynb,Wed Aug 16 09:07:34 2023 +0800
maplexgitx0302/QML-CMSSW_2015MiniAOD/LocalWorkspace/old_code/pl_kernel/demo_uproot.ipynb,Wed Aug 16 09:07:34 2023 +0800
maplexgitx0302/QML-CMSSW_2015MiniAOD/LocalWorkspace/old_code/pl_kernel/hep_buffer.py,Wed Aug 16 09:07:34 2023 +0800
maplexgitx0302/QML-CMSSW_2015MiniAOD/LocalWorkspace/old_code/pl_kernel/pl_arckernel.ipynb,Wed Aug 16 09:07:34 2023 +0800
maplexgitx0302/QML-CMSSW_2015MiniAOD/LocalWorkspace/old_code/cms_opendata/d_jet_info.ipynb,Wed Aug 16 09:07:34 2023 +0800
maplexgitx0302/QML-CMSSW_2015MiniAOD/LocalWorkspace/old_code/cms_opendata/d_hep_data.py,Wed Aug 16 09:07:34 2023 +0800
maplexgitx0302/QML-CMSSW_2015MiniAOD/LocalWorkspace/a.py,Sat Apr 1 13:31:12 2023 +0800
maplexgitx0302/QML-CMSSW_2015MiniAOD/LocalWorkspace/d_mg5_data.py,Fri Aug 4 12:20:20 2023 +0800
MarcoValente/hh4b_intro/uproot_2_matplotlib.ipynb,Thu May 6 17:34:11 2021 +0200
MarcoValente/whizard-pythia-delphes/notebooks/analysis_distrs.ipynb,Sat Sep 24 02:41:43 2022 +0200
MarcoValente/whizard-pythia-delphes/notebooks/treeloop/looper.py,Fri Aug 19 16:02:52 2022 -0700
MarcoValente/whizard-pythia-delphes/notebooks/HH_analysis.ipynb,Fri Aug 19 16:02:52 2022 -0700
MarcoValente/whizard-pythia-delphes/notebooks/ttbar_analysis.ipynb,Sat Sep 24 02:41:43 2022 +0200
marromlam/phis-scq2/selection/tools/apply_weights.py,Wed Mar 30 16:45:42 2022 +0000
masonproffitt/uproot_tree_utils/tests/test_clone.py,Fri Jul 10 22:10:50 2020 +0200
mattbellis/hepfile/docs/example_nb/awkward_arrays.ipynb,Wed Jun 7 13:45:07 2023 -0400
mattbellis/hepfile/docs/example_nb/root_to_hepfile.ipynb,Mon Jul 24 10:03:28 2023 -0400
mattbellis/hepfile/sandbox/play_with_writing_awkward_to_hepfile.ipynb,Sat Jul 8 01:37:21 2023 -0400
mattbellis/hepfile/sandbox/play_with_fasta.ipynb,Thu Jun 15 11:12:17 2023 -0400
mattbellis/hepfile/sandbox/play_with_awkward_arrays.ipynb,Wed Jun 7 09:58:41 2023 -0400
mattbellis/hepfile/sandbox/try_csvs_to_hepfile.ipynb,Wed Jun 7 23:54:05 2023 -0400
mattbellis/hepfile/sandbox/dict_to_hepfile_testing.ipynb.ipynb,Mon Jun 19 14:48:25 2023 -0400
mattbellis/hepfile/sandbox/play_with_file_headers.ipynb,Wed Jun 21 02:08:30 2023 -0400
mattbellis/hepfile/sandbox/play_with_parallel_processing.ipynb,Fri Jun 23 14:37:23 2023 -0400
mattbellis/hepfile/sandbox/play_with_pandas_dataframes.ipynb,Thu Jul 20 09:58:51 2023 -0400
mattbellis/hepfile/sandbox/timing_tests/real_large_file_test_7GB.ipynb,Tue Jul 18 11:25:55 2023 -0400
mattbellis/hepfile/tests/test_7_df_tools.py,Thu Jun 29 07:23:21 2023 -0400
mattbellis/hepfile/tests/test_4_awkward_tools.py,Wed Jun 14 12:43:22 2023 -0400
mattbellis/hepfile/tests/test_5_dict_tools.py,Wed Jun 14 12:43:22 2023 -0400
mattbellis/hepfile/src/hepfile/df_tools.py,Thu Jun 29 04:31:37 2023 -0400
mattbellis/hepfile/src/hepfile/__init__.py,Mon Jun 21 02:55:03 2021 -0400
mattbellis/hepfile/src/hepfile/awkward_tools.py,Thu Aug 19 02:57:27 2021 -0400
mattbellis/hepfile/src/hepfile/dict_tools.py,Wed Jun 7 13:10:39 2023 -0400
MatthewDKnight/L1EGRates/rate_calculation.py,Mon Jan 24 21:00:49 2022 +0100
matthewfeickert/pyhep-notebook-talk-example/talk.ipynb,Tue Jun 29 03:27:24 2021 -0500
matthewhanson/stackstac/stackstac/prepare.py,Wed Mar 10 18:36:56 2021 -0700
mattiasoldani/succolib/succolib/statistics/collections.py,Fri Feb 9 16:45:40 2024 +0100
mattiasoldani/succolib/succolib/io/root.py,Sat Apr 11 10:53:56 2020 +0200
mattiasoldani/succolib/succolib/io/ascii.py,Sat Apr 11 10:54:10 2020 +0200
mattiasoldani/succolib/succolib/io/datasets.py,Fri Feb 9 16:17:44 2024 +0100
mbileska/wombattest/convert.py,Wed Oct 11 22:15:05 2023 +0200
mfmceneaney/Lambda-GNNs/Basic.py,Thu Jul 8 14:23:19 2021 -0400
mfmceneaney/Lambda-GNNs/create_dataset.py,Mon Jul 26 11:35:26 2021 -0400
mfmceneaney/Lambda-GNNs/create_dataset_archive.py,Wed Jul 28 01:58:44 2021 -0400
mfmceneaney/c12gl/tutorials/create_dataset.py,Tue Oct 18 14:17:34 2022 -0400
mfmceneaney/c12gl/c12gl/preprocessing.py,Wed Jun 29 17:10:11 2022 -0400
mfmceneaney/hipopy/tutorials/read.py,Mon Jan 17 22:01:48 2022 -0500
mfmceneaney/hipopy/tutorials/append1.py,Fri May 13 11:39:29 2022 -0400
mfmceneaney/hipopy/tutorials/append2.py,Fri May 13 11:39:29 2022 -0400
mfmceneaney/hipopy/tutorials/HipopyTutorial.ipynb,Wed Apr 17 14:09:53 2024 -0400
mfmceneaney/hipopy/tutorials/write.py,Mon Jan 17 22:01:48 2022 -0500
mfmceneaney/hipopy/hipopy/hipopy.py,Mon Jan 17 23:51:31 2022 -0500
mgttt/uproot5/tests/test_0643-reading-vector-pair-TLorentzVector-int.py,Thu Aug 11 21:12:46 2022 +0000
mgttt/uproot5/tests/test_0498-create-leaf-branch-in-extend.py,Fri Nov 5 17:51:03 2021 +0000
mgttt/uproot5/tests/test_0018-array-fetching-interface.py,Tue Jun 2 19:23:49 2020 -0500
mgttt/uproot5/tests/test_0126-turn-unknown-emptyarrays-into-known-types.py,Fri Nov 20 14:46:55 2020 -0600
mgttt/uproot5/tests/test_0034-generic-objects-in-ttrees.py,Wed Jul 1 22:54:07 2020 -0500
mgttt/uproot5/tests/test_0118-fix-name-fetch-again.py,Sat Sep 26 17:39:04 2020 -0500
mgttt/uproot5/tests/test_0053-parents-should-not-be-bases.py,Sun Jul 19 20:08:52 2020 -0500
mgttt/uproot5/tests/test_0044-concatenate-function.py,Tue Jul 7 13:33:34 2020 -0500
mgttt/uproot5/tests/test_0662-rntuple-stl-containers.py,Thu Aug 18 17:01:34 2022 -0400
mgttt/uproot5/tests/test_0610-awkward-form.py,Thu Sep 8 11:29:30 2022 +0530
mgttt/uproot5/tests/test_0442-regular-TClonesArray.py,Mon Sep 20 15:09:59 2021 -0400
mgttt/uproot5/tests/test_0414-write-jagged-arrays.py,Thu Aug 19 18:38:46 2021 +0000
mgttt/uproot5/tests/test_0303-empty-jagged-array.py,Fri Mar 12 13:11:32 2021 -0600
mgttt/uproot5/tests/test_0652_dask-for-awkward.py,Thu Aug 11 10:47:41 2022 +0530
mgttt/uproot5/tests/test_0033-more-interpretations-2.py,Fri Jun 26 19:51:54 2020 -0500
mgttt/uproot5/tests/test_0700-dask-empty-arrays.py,Fri Sep 2 21:54:00 2022 +0530
mgttt/uproot5/src/uproot/streamers.py,Wed Mar 31 14:34:32 2021 -0500
mgttt/uproot5/src/uproot/writing/_cascadetree.py,Thu Aug 19 21:04:38 2021 +0000
mgttt/uproot5/src/uproot/writing/identify.py,Thu Aug 19 21:04:38 2021 +0000
mgttt/uproot5/src/uproot/models/TAtt.py,Wed Mar 31 14:34:32 2021 -0500
mgttt/uproot5/src/uproot/models/TGraph.py,Wed May 5 20:45:35 2021 +0000
mgttt/uproot5/src/uproot/models/RNTuple.py,Wed Mar 31 14:34:32 2021 -0500
mgttt/uproot5/src/uproot/models/TH.py,Wed May 5 20:45:35 2021 +0000
mgttt/uproot5/src/uproot/extras.py,Wed Mar 31 14:34:32 2021 -0500
mgttt/uproot5/src/uproot/interpretation/objects.py,Wed Mar 31 14:34:32 2021 -0500
mgttt/uproot5/src/uproot/interpretation/strings.py,Wed Mar 31 14:34:32 2021 -0500
mgttt/uproot5/src/uproot/interpretation/library.py,Wed Mar 31 14:34:32 2021 -0500
mieskolainen/icenet/icebrem/common.py,Fri May 3 18:20:45 2024 +0100
mieskolainen/icenet/sandbox/brem/utils.py,Wed May 29 13:03:57 2024 +0100
mieskolainen/icenet/sandbox/eid/train.py,Wed May 29 13:03:57 2024 +0100
mieskolainen/icenet/configs/dqcd/filter.py,Mon Jun 6 13:49:41 2022 +0100
mieskolainen/icenet/configs/dqcd/cuts.py,Mon Jun 6 13:49:41 2022 +0100
mieskolainen/icenet/icedqcd/graphio.py,Mon Jul 11 22:52:32 2022 +0100
mieskolainen/icenet/icedqcd/deploy.py,Wed Sep 21 17:43:14 2022 +0100
mieskolainen/icenet/icehgcal/preprocess.py,Tue Jun 28 12:38:04 2022 +0200
mieskolainen/icenet/tests/test_jagged2matrix.py,Tue Jun 7 18:12:03 2022 +0100
mieskolainen/icenet/tests/test_nanotree.py,Fri Oct 29 14:16:05 2021 +0100
mieskolainen/icenet/tests/test_uproot.py,Wed Oct 5 17:33:14 2022 -0700
mieskolainen/icenet/icebrk/loop.py,Mon Jun 22 04:41:06 2020 +0100
mieskolainen/icenet/icenet/tools/iceroot.py,Sun Sep 19 13:48:47 2021 +0100
mieskolainen/icenet/icenet/tools/process.py,Wed Sep 15 11:15:18 2021 +0100
mieskolainen/icenet/icenet/tools/plots.py,Mon Jun 22 04:41:06 2020 +0100
mieskolainen/icenet/icenet/tools/aux.py,Thu Feb 27 16:45:33 2020 +0000
mieskolainen/icenet/icenet/tools/io.py,Thu Feb 27 16:45:33 2020 +0000
mieskolainen/icenet/icenet/tools/reweight.py,Sat Sep 18 19:23:19 2021 +0100
milancurcic/clouddrift/tests/raggedarray_tests.py,Thu May 11 15:52:50 2023 -0400
milancurcic/clouddrift/clouddrift/raggedarray.py,Thu May 11 15:52:50 2023 -0400
Ming-Yan/ttbar_coffea/ttbar-heptutorial.ipynb,Thu Oct 20 14:19:41 2022 +0200
mkotyushev/graphnet/examples/02_data/01_read_dataset.py,Thu Dec 15 15:35:12 2022 +0100
mkotyushev/graphnet/src/graphnet/data/utilities/parquet_to_sqlite.py,Wed Aug 31 18:30:40 2022 +0200
mkotyushev/graphnet/src/graphnet/data/parquet/parquet_dataset.py,Tue Jun 28 11:56:36 2022 +0200
mkotyushev/graphnet/src/graphnet/data/parquet/parquet_dataconverter.py,Thu May 12 12:16:38 2022 +0200
mmarchegiani/ttHbb_SPANet/utils/dataset/parquet.py,Tue Mar 19 18:55:56 2024 +0100
mmarchegiani/ttHbb_SPANet/utils/dataset/h5.py,Tue Mar 19 18:55:56 2024 +0100
mmarchegiani/ttHbb_SPANet/notebooks/coffea_to_parquet.ipynb,Wed Jan 31 17:02:29 2024 +0100
mmarchegiani/ttHbb_SPANet/notebooks/predictions.ipynb,Tue Feb 27 19:36:57 2024 +0100
mmarchegiani/ttHbb_SPANet/notebooks/predictions_inclusive.ipynb,Tue Feb 27 19:36:57 2024 +0100
mmarchegiani/ttHbb_SPANet/notebooks/parquet_to_h5.ipynb,Wed Jan 31 16:35:35 2024 +0100
MoAly98/Pythium/misc/legacy/histogramming/Konrad/cross_product_functions.py,Thu Jun 30 10:53:04 2022 +0200
MoAly98/Pythium/configs/tth_config.py,Thu Mar 3 16:38:13 2022 +0000
MoAly98/Pythium/configs/tth_ICvSM_config.py,Mon May 16 10:03:13 2022 +0200
MoAly98/Pythium/tests/histogramming/ndim_functors.py,Sun Jul 3 10:09:27 2022 +0200
MoAly98/Pythium/tests/histogramming/expr_evaluator_test.py,Mon Jun 27 09:20:32 2022 +0200
MoAly98/Pythium/src/pythium/common/functor.py,Sun Jul 3 10:09:27 2022 +0200
MoAly98/Pythium/src/pythium/common/tools.py,Sun Jul 3 10:09:27 2022 +0200
MoAly98/Pythium/src/pythium/common/user_tools.py,Sun Jul 3 10:09:27 2022 +0200
MoAly98/Pythium/src/pythium/sklimming/reader.py,Sun Jul 3 10:09:27 2022 +0200
MoAly98/Pythium/src/pythium/sklimming/writer.py,Sun Jul 3 10:09:27 2022 +0200
MoAly98/Pythium/src/pythium/histogramming/managers.py,Sun Jul 31 19:27:53 2022 +0200
Moelf/UnROOT_RDataFrame_MiniBenchmark/simple_benchmarks/bmark1.py,Thu Sep 9 15:53:36 2021 -0700
Moelf/UnROOT_RDataFrame_MiniBenchmark/composite_benchmarks/Python_uproot.py,Sun May 19 11:47:38 2024 -0400
Moelf/uproot5/tests/test_0414_write_jagged_arrays.py,Wed Dec 6 09:17:41 2023 -0600
Moelf/uproot5/tests/test_0870_writing_arrays_of_type_unknown_fix_822.py,Wed Dec 6 09:17:41 2023 -0600
Moelf/uproot5/tests/test_1085_dask_write.py,Tue Jan 23 09:05:55 2024 +0100
Moelf/uproot5/tests/test_0610_awkward_form.py,Wed Dec 6 09:17:41 2023 -0600
Moelf/uproot5/tests/test_0118_fix_name_fetch_again.py,Wed Dec 6 09:17:41 2023 -0600
Moelf/uproot5/tests/test_1127_fix_allow_colon_in_key_names.py,Thu Feb 15 17:15:18 2024 +0000
Moelf/uproot5/tests/test_0876_uproot_dask_blind_steps.py,Wed Dec 6 09:17:41 2023 -0600
Moelf/uproot5/tests/test_0018_array_fetching_interface.py,Wed Dec 6 09:17:41 2023 -0600
Moelf/uproot5/tests/test_0652_dask_for_awkward.py,Wed Dec 6 09:17:41 2023 -0600
Moelf/uproot5/tests/test_0303_empty_jagged_array.py,Thu Nov 16 12:51:22 2023 -0600
Moelf/uproot5/tests/test_0034_generic_objects_in_ttrees.py,Wed Dec 6 09:17:41 2023 -0600
Moelf/uproot5/tests/test_0126_turn_unknown_emptyarrays_into_known_types.py,Wed Dec 6 09:17:41 2023 -0600
Moelf/uproot5/tests/test_0603_dask_delayed_open.py,Wed Dec 6 09:17:41 2023 -0600
Moelf/uproot5/tests/test_0700_dask_empty_arrays.py,Wed Dec 6 09:17:41 2023 -0600
Moelf/uproot5/tests/test_0643_reading_vector_pair_TLorentzVector_int.py,Wed Dec 6 09:17:41 2023 -0600
Moelf/uproot5/tests/test_0962_RNTuple_update.py,Wed Dec 6 09:17:41 2023 -0600
Moelf/uproot5/tests/test_1058_dask_awkward_report.py,Mon Dec 11 18:35:19 2023 -0600
Moelf/uproot5/tests/test_1063_dask_distributed.py,Wed Dec 13 17:56:43 2023 -0600
Moelf/uproot5/tests/test_0912_fix_pandas_and_double_nested_vectors_issue_885.py,Wed Dec 6 09:17:41 2023 -0600
Moelf/uproot5/tests/test_0755_dask_awkward_column_projection.py,Wed Dec 6 09:17:41 2023 -0600
Moelf/uproot5/tests/test_0442_regular_TClonesArray.py,Wed Dec 6 09:17:41 2023 -0600
Moelf/uproot5/tests/test_0498_create_leaf_branch_in_extend.py,Wed Dec 6 09:17:41 2023 -0600
Moelf/uproot5/tests/test_0940_feat_add_TLeafC_string_support.py,Wed Dec 6 09:17:41 2023 -0600
Moelf/uproot5/tests/test_0044_concatenate_function.py,Wed Dec 6 09:17:41 2023 -0600
Moelf/uproot5/tests/test_0033_more_interpretations_2.py,Wed Dec 6 09:17:41 2023 -0600
Moelf/uproot5/tests/test_0053_parents_should_not_be_bases.py,Wed Dec 6 09:17:41 2023 -0600
Moelf/uproot5/src/uproot/streamers.py,Wed Mar 31 14:34:32 2021 -0500
Moelf/uproot5/src/uproot/writing/_cascadentuple.py,Fri Jan 6 19:42:25 2023 +0000
Moelf/uproot5/src/uproot/writing/_cascadetree.py,Thu Aug 19 21:04:38 2021 +0000
Moelf/uproot5/src/uproot/writing/identify.py,Thu Aug 19 21:04:38 2021 +0000
Moelf/uproot5/src/uproot/writing/_dask_write.py,Tue Jan 23 09:05:55 2024 +0100
Moelf/uproot5/src/uproot/_dask.py,Thu Aug 11 10:47:41 2022 +0530
Moelf/uproot5/src/uproot/models/TAtt.py,Wed Mar 31 14:34:32 2021 -0500
Moelf/uproot5/src/uproot/models/TGraph.py,Wed May 5 20:45:35 2021 +0000
Moelf/uproot5/src/uproot/models/TH.py,Wed May 5 20:45:35 2021 +0000
Moelf/uproot5/src/uproot/extras.py,Wed Mar 31 14:34:32 2021 -0500
Moelf/uproot5/src/uproot/interpretation/objects.py,Wed Mar 31 14:34:32 2021 -0500
Moelf/uproot5/src/uproot/interpretation/strings.py,Wed Mar 31 14:34:32 2021 -0500
Moelf/uproot5/src/uproot/interpretation/library.py,Wed Mar 31 14:34:32 2021 -0500
Moelf/mapyde/scripts/root2hdf5_slepton.py,Fri May 13 10:21:01 2022 -0700
morandiaye/stackstac/stackstac/prepare.py,Wed Mar 10 18:36:56 2021 -0700
Mphaka-Mankgele/Data_Science_in_High_Energy_Physics/dataScience_env/lib/python3.10/site-packages/awkward_cpp/cpu_kernels.py,Sat Mar 9 13:02:13 2024 +0200
Mphaka-Mankgele/Data_Science_in_High_Energy_Physics/dataScience_env/lib/python3.10/site-packages/awkward_cpp/__init__.py,Sat Mar 9 13:02:13 2024 +0200
Mphaka-Mankgele/Data_Science_in_High_Energy_Physics/dataScience_env/lib/python3.10/site-packages/awkward0/type.py,Sat Mar 9 13:02:13 2024 +0200
Mphaka-Mankgele/Data_Science_in_High_Energy_Physics/dataScience_env/lib/python3.10/site-packages/awkward0/persist.py,Sat Mar 9 13:02:13 2024 +0200
Mphaka-Mankgele/Data_Science_in_High_Energy_Physics/dataScience_env/lib/python3.10/site-packages/awkward0/arrow.py,Sat Mar 9 13:02:13 2024 +0200
Mphaka-Mankgele/Data_Science_in_High_Energy_Physics/dataScience_env/lib/python3.10/site-packages/awkward0/pandas.py,Sat Mar 9 13:02:13 2024 +0200
Mphaka-Mankgele/Data_Science_in_High_Energy_Physics/dataScience_env/lib/python3.10/site-packages/awkward0/util.py,Sat Mar 9 13:02:13 2024 +0200
Mphaka-Mankgele/Data_Science_in_High_Energy_Physics/dataScience_env/lib/python3.10/site-packages/awkward0/array/objects.py,Sat Mar 9 13:02:13 2024 +0200
Mphaka-Mankgele/Data_Science_in_High_Energy_Physics/dataScience_env/lib/python3.10/site-packages/awkward0/array/union.py,Sat Mar 9 13:02:13 2024 +0200
Mphaka-Mankgele/Data_Science_in_High_Energy_Physics/dataScience_env/lib/python3.10/site-packages/awkward0/array/base.py,Sat Mar 9 13:02:13 2024 +0200
Mphaka-Mankgele/Data_Science_in_High_Energy_Physics/dataScience_env/lib/python3.10/site-packages/awkward0/array/jagged.py,Sat Mar 9 13:02:13 2024 +0200
Mphaka-Mankgele/Data_Science_in_High_Energy_Physics/dataScience_env/lib/python3.10/site-packages/awkward0/array/table.py,Sat Mar 9 13:02:13 2024 +0200
Mphaka-Mankgele/Data_Science_in_High_Energy_Physics/dataScience_env/lib/python3.10/site-packages/awkward0/array/indexed.py,Sat Mar 9 13:02:13 2024 +0200
Mphaka-Mankgele/Data_Science_in_High_Energy_Physics/dataScience_env/lib/python3.10/site-packages/awkward0/array/masked.py,Sat Mar 9 13:02:13 2024 +0200
Mphaka-Mankgele/Data_Science_in_High_Energy_Physics/dataScience_env/lib/python3.10/site-packages/awkward0/array/chunked.py,Sat Mar 9 13:02:13 2024 +0200
Mphaka-Mankgele/Data_Science_in_High_Energy_Physics/dataScience_env/lib/python3.10/site-packages/awkward0/array/virtual.py,Sat Mar 9 13:02:13 2024 +0200
Mphaka-Mankgele/Data_Science_in_High_Energy_Physics/dataScience_env/lib/python3.10/site-packages/awkward0/generate.py,Sat Mar 9 13:02:13 2024 +0200
Mphaka-Mankgele/Data_Science_in_High_Energy_Physics/dataScience_env/lib/python3.10/site-packages/uproot3_methods/classes/TVector2.py,Sat Mar 9 13:02:13 2024 +0200
Mphaka-Mankgele/Data_Science_in_High_Energy_Physics/dataScience_env/lib/python3.10/site-packages/uproot3_methods/classes/TLorentzVector.py,Sat Mar 9 13:02:13 2024 +0200
Mphaka-Mankgele/Data_Science_in_High_Energy_Physics/dataScience_env/lib/python3.10/site-packages/uproot3_methods/classes/TVector3.py,Sat Mar 9 13:02:13 2024 +0200
Mphaka-Mankgele/Data_Science_in_High_Energy_Physics/dataScience_env/lib/python3.10/site-packages/uproot3_methods/base.py,Sat Mar 9 13:02:13 2024 +0200
Mphaka-Mankgele/Data_Science_in_High_Energy_Physics/dataScience_env/lib/python3.10/site-packages/uproot3_methods/profiles/cms/nanoaod.py,Sat Mar 9 13:02:13 2024 +0200
Mphaka-Mankgele/Data_Science_in_High_Energy_Physics/dataScience_env/lib/python3.10/site-packages/awkward/forms/unmaskedform.py,Sat Mar 9 13:02:13 2024 +0200
Mphaka-Mankgele/Data_Science_in_High_Energy_Physics/dataScience_env/lib/python3.10/site-packages/awkward/forms/unionform.py,Sat Mar 9 13:02:13 2024 +0200
Mphaka-Mankgele/Data_Science_in_High_Energy_Physics/dataScience_env/lib/python3.10/site-packages/awkward/forms/bitmaskedform.py,Sat Mar 9 13:02:13 2024 +0200
Mphaka-Mankgele/Data_Science_in_High_Energy_Physics/dataScience_env/lib/python3.10/site-packages/awkward/forms/bytemaskedform.py,Sat Mar 9 13:02:13 2024 +0200
Mphaka-Mankgele/Data_Science_in_High_Energy_Physics/dataScience_env/lib/python3.10/site-packages/awkward/forms/listoffsetform.py,Sat Mar 9 13:02:13 2024 +0200
Mphaka-Mankgele/Data_Science_in_High_Energy_Physics/dataScience_env/lib/python3.10/site-packages/awkward/forms/indexedoptionform.py,Sat Mar 9 13:02:13 2024 +0200
Mphaka-Mankgele/Data_Science_in_High_Energy_Physics/dataScience_env/lib/python3.10/site-packages/awkward/forms/emptyform.py,Sat Mar 9 13:02:13 2024 +0200
Mphaka-Mankgele/Data_Science_in_High_Energy_Physics/dataScience_env/lib/python3.10/site-packages/awkward/forms/indexedform.py,Sat Mar 9 13:02:13 2024 +0200
Mphaka-Mankgele/Data_Science_in_High_Energy_Physics/dataScience_env/lib/python3.10/site-packages/awkward/forms/listform.py,Sat Mar 9 13:02:13 2024 +0200
Mphaka-Mankgele/Data_Science_in_High_Energy_Physics/dataScience_env/lib/python3.10/site-packages/awkward/forms/recordform.py,Sat Mar 9 13:02:13 2024 +0200
Mphaka-Mankgele/Data_Science_in_High_Energy_Physics/dataScience_env/lib/python3.10/site-packages/awkward/forms/regularform.py,Sat Mar 9 13:02:13 2024 +0200
Mphaka-Mankgele/Data_Science_in_High_Energy_Physics/dataScience_env/lib/python3.10/site-packages/awkward/forms/__init__.py,Sat Mar 9 13:02:13 2024 +0200
Mphaka-Mankgele/Data_Science_in_High_Energy_Physics/dataScience_env/lib/python3.10/site-packages/awkward/forms/form.py,Sat Mar 9 13:02:13 2024 +0200
Mphaka-Mankgele/Data_Science_in_High_Energy_Physics/dataScience_env/lib/python3.10/site-packages/awkward/forms/numpyform.py,Sat Mar 9 13:02:13 2024 +0200
Mphaka-Mankgele/Data_Science_in_High_Energy_Physics/dataScience_env/lib/python3.10/site-packages/awkward/_reducers.py,Sat Mar 9 13:02:13 2024 +0200
Mphaka-Mankgele/Data_Science_in_High_Energy_Physics/dataScience_env/lib/python3.10/site-packages/awkward/_categorical.py,Sat Mar 9 13:02:13 2024 +0200
Mphaka-Mankgele/Data_Science_in_High_Energy_Physics/dataScience_env/lib/python3.10/site-packages/awkward/_util.py,Sat Mar 9 13:02:13 2024 +0200
Mphaka-Mankgele/Data_Science_in_High_Energy_Physics/dataScience_env/lib/python3.10/site-packages/awkward/typetracer.py,Sat Mar 9 13:02:13 2024 +0200
Mphaka-Mankgele/Data_Science_in_High_Energy_Physics/dataScience_env/lib/python3.10/site-packages/awkward/index.py,Sat Mar 9 13:02:13 2024 +0200
Mphaka-Mankgele/Data_Science_in_High_Energy_Physics/dataScience_env/lib/python3.10/site-packages/awkward/contents/bitmaskedarray.py,Sat Mar 9 13:02:13 2024 +0200
Mphaka-Mankgele/Data_Science_in_High_Energy_Physics/dataScience_env/lib/python3.10/site-packages/awkward/contents/listarray.py,Sat Mar 9 13:02:13 2024 +0200
Mphaka-Mankgele/Data_Science_in_High_Energy_Physics/dataScience_env/lib/python3.10/site-packages/awkward/contents/unmaskedarray.py,Sat Mar 9 13:02:13 2024 +0200
Mphaka-Mankgele/Data_Science_in_High_Energy_Physics/dataScience_env/lib/python3.10/site-packages/awkward/contents/numpyarray.py,Sat Mar 9 13:02:13 2024 +0200
Mphaka-Mankgele/Data_Science_in_High_Energy_Physics/dataScience_env/lib/python3.10/site-packages/awkward/contents/content.py,Sat Mar 9 13:02:13 2024 +0200
Mphaka-Mankgele/Data_Science_in_High_Energy_Physics/dataScience_env/lib/python3.10/site-packages/awkward/contents/indexedarray.py,Sat Mar 9 13:02:13 2024 +0200
Mphaka-Mankgele/Data_Science_in_High_Energy_Physics/dataScience_env/lib/python3.10/site-packages/awkward/contents/unionarray.py,Sat Mar 9 13:02:13 2024 +0200
Mphaka-Mankgele/Data_Science_in_High_Energy_Physics/dataScience_env/lib/python3.10/site-packages/awkward/contents/listoffsetarray.py,Sat Mar 9 13:02:13 2024 +0200
Mphaka-Mankgele/Data_Science_in_High_Energy_Physics/dataScience_env/lib/python3.10/site-packages/awkward/contents/indexedoptionarray.py,Sat Mar 9 13:02:13 2024 +0200
Mphaka-Mankgele/Data_Science_in_High_Energy_Physics/dataScience_env/lib/python3.10/site-packages/awkward/contents/bytemaskedarray.py,Sat Mar 9 13:02:13 2024 +0200
Mphaka-Mankgele/Data_Science_in_High_Energy_Physics/dataScience_env/lib/python3.10/site-packages/awkward/contents/__init__.py,Sat Mar 9 13:02:13 2024 +0200
Mphaka-Mankgele/Data_Science_in_High_Energy_Physics/dataScience_env/lib/python3.10/site-packages/awkward/contents/emptyarray.py,Sat Mar 9 13:02:13 2024 +0200
Mphaka-Mankgele/Data_Science_in_High_Energy_Physics/dataScience_env/lib/python3.10/site-packages/awkward/contents/regulararray.py,Sat Mar 9 13:02:13 2024 +0200
Mphaka-Mankgele/Data_Science_in_High_Energy_Physics/dataScience_env/lib/python3.10/site-packages/awkward/contents/recordarray.py,Sat Mar 9 13:02:13 2024 +0200
Mphaka-Mankgele/Data_Science_in_High_Energy_Physics/dataScience_env/lib/python3.10/site-packages/awkward/_behavior.py,Sat Mar 9 13:02:13 2024 +0200
Mphaka-Mankgele/Data_Science_in_High_Energy_Physics/dataScience_env/lib/python3.10/site-packages/awkward/cppyy.py,Sat Mar 9 13:02:13 2024 +0200
Mphaka-Mankgele/Data_Science_in_High_Energy_Physics/dataScience_env/lib/python3.10/site-packages/awkward/_kernels.py,Sat Mar 9 13:02:13 2024 +0200
Mphaka-Mankgele/Data_Science_in_High_Energy_Physics/dataScience_env/lib/python3.10/site-packages/awkward/_regularize.py,Sat Mar 9 13:02:13 2024 +0200
Mphaka-Mankgele/Data_Science_in_High_Energy_Physics/dataScience_env/lib/python3.10/site-packages/awkward/_prettyprint.py,Sat Mar 9 13:02:13 2024 +0200
Mphaka-Mankgele/Data_Science_in_High_Energy_Physics/dataScience_env/lib/python3.10/site-packages/awkward/highlevel.py,Sat Mar 9 13:02:13 2024 +0200
Mphaka-Mankgele/Data_Science_in_High_Energy_Physics/dataScience_env/lib/python3.10/site-packages/awkward/_errors.py,Sat Mar 9 13:02:13 2024 +0200
Mphaka-Mankgele/Data_Science_in_High_Energy_Physics/dataScience_env/lib/python3.10/site-packages/awkward/_broadcasting.py,Sat Mar 9 13:02:13 2024 +0200
Mphaka-Mankgele/Data_Science_in_High_Energy_Physics/dataScience_env/lib/python3.10/site-packages/awkward/_singleton.py,Sat Mar 9 13:02:13 2024 +0200
Mphaka-Mankgele/Data_Science_in_High_Energy_Physics/dataScience_env/lib/python3.10/site-packages/awkward/_slicing.py,Sat Mar 9 13:02:13 2024 +0200
Mphaka-Mankgele/Data_Science_in_High_Energy_Physics/dataScience_env/lib/python3.10/site-packages/awkward/_typetracer.py,Sat Mar 9 13:02:13 2024 +0200
Mphaka-Mankgele/Data_Science_in_High_Energy_Physics/dataScience_env/lib/python3.10/site-packages/awkward/_connect/jax/reducers.py,Sat Mar 9 13:02:13 2024 +0200
Mphaka-Mankgele/Data_Science_in_High_Energy_Physics/dataScience_env/lib/python3.10/site-packages/awkward/_connect/jax/trees.py,Sat Mar 9 13:02:13 2024 +0200
Mphaka-Mankgele/Data_Science_in_High_Energy_Physics/dataScience_env/lib/python3.10/site-packages/awkward/_connect/jax/__init__.py,Sat Mar 9 13:02:13 2024 +0200
Mphaka-Mankgele/Data_Science_in_High_Energy_Physics/dataScience_env/lib/python3.10/site-packages/awkward/_connect/cling.py,Sat Mar 9 13:02:13 2024 +0200
Mphaka-Mankgele/Data_Science_in_High_Energy_Physics/dataScience_env/lib/python3.10/site-packages/awkward/_connect/numba/builder.py,Sat Mar 9 13:02:13 2024 +0200
Mphaka-Mankgele/Data_Science_in_High_Energy_Physics/dataScience_env/lib/python3.10/site-packages/awkward/_connect/numba/growablebuffer.py,Sat Mar 9 13:02:13 2024 +0200
Mphaka-Mankgele/Data_Science_in_High_Energy_Physics/dataScience_env/lib/python3.10/site-packages/awkward/_connect/numba/layoutbuilder.py,Sat Mar 9 13:02:13 2024 +0200
Mphaka-Mankgele/Data_Science_in_High_Energy_Physics/dataScience_env/lib/python3.10/site-packages/awkward/_connect/numba/arrayview_cuda.py,Sat Mar 9 13:02:13 2024 +0200
Mphaka-Mankgele/Data_Science_in_High_Energy_Physics/dataScience_env/lib/python3.10/site-packages/awkward/_connect/numba/layout.py,Sat Mar 9 13:02:13 2024 +0200
Mphaka-Mankgele/Data_Science_in_High_Energy_Physics/dataScience_env/lib/python3.10/site-packages/awkward/_connect/numba/arrayview.py,Sat Mar 9 13:02:13 2024 +0200
Mphaka-Mankgele/Data_Science_in_High_Energy_Physics/dataScience_env/lib/python3.10/site-packages/awkward/_connect/rdataframe/to_rdataframe.py,Sat Mar 9 13:02:13 2024 +0200
Mphaka-Mankgele/Data_Science_in_High_Energy_Physics/dataScience_env/lib/python3.10/site-packages/awkward/_connect/rdataframe/from_rdataframe.py,Sat Mar 9 13:02:13 2024 +0200
Mphaka-Mankgele/Data_Science_in_High_Energy_Physics/dataScience_env/lib/python3.10/site-packages/awkward/_connect/pyarrow.py,Sat Mar 9 13:02:13 2024 +0200
Mphaka-Mankgele/Data_Science_in_High_Energy_Physics/dataScience_env/lib/python3.10/site-packages/awkward/_connect/avro.py,Sat Mar 9 13:02:13 2024 +0200
Mphaka-Mankgele/Data_Science_in_High_Energy_Physics/dataScience_env/lib/python3.10/site-packages/awkward/_connect/numexpr.py,Sat Mar 9 13:02:13 2024 +0200
Mphaka-Mankgele/Data_Science_in_High_Energy_Physics/dataScience_env/lib/python3.10/site-packages/awkward/_connect/cuda/__init__.py,Sat Mar 9 13:02:13 2024 +0200
Mphaka-Mankgele/Data_Science_in_High_Energy_Physics/dataScience_env/lib/python3.10/site-packages/awkward/_connect/hist.py,Sat Mar 9 13:02:13 2024 +0200
Mphaka-Mankgele/Data_Science_in_High_Energy_Physics/dataScience_env/lib/python3.10/site-packages/awkward/_connect/numpy.py,Sat Mar 9 13:02:13 2024 +0200
Mphaka-Mankgele/Data_Science_in_High_Energy_Physics/dataScience_env/lib/python3.10/site-packages/awkward/numba/layoutbuilder.py,Sat Mar 9 13:02:13 2024 +0200
Mphaka-Mankgele/Data_Science_in_High_Energy_Physics/dataScience_env/lib/python3.10/site-packages/awkward/numba/__init__.py,Sat Mar 9 13:02:13 2024 +0200
Mphaka-Mankgele/Data_Science_in_High_Energy_Physics/dataScience_env/lib/python3.10/site-packages/awkward/record.py,Sat Mar 9 13:02:13 2024 +0200
Mphaka-Mankgele/Data_Science_in_High_Energy_Physics/dataScience_env/lib/python3.10/site-packages/awkward/_parameters.py,Sat Mar 9 13:02:13 2024 +0200
Mphaka-Mankgele/Data_Science_in_High_Energy_Physics/dataScience_env/lib/python3.10/site-packages/awkward/_nplikes/typetracer.py,Sat Mar 9 13:02:13 2024 +0200
Mphaka-Mankgele/Data_Science_in_High_Energy_Physics/dataScience_env/lib/python3.10/site-packages/awkward/_nplikes/placeholder.py,Sat Mar 9 13:02:13 2024 +0200
Mphaka-Mankgele/Data_Science_in_High_Energy_Physics/dataScience_env/lib/python3.10/site-packages/awkward/_nplikes/dispatch.py,Sat Mar 9 13:02:13 2024 +0200
Mphaka-Mankgele/Data_Science_in_High_Energy_Physics/dataScience_env/lib/python3.10/site-packages/awkward/_nplikes/array_module.py,Sat Mar 9 13:02:13 2024 +0200
Mphaka-Mankgele/Data_Science_in_High_Energy_Physics/dataScience_env/lib/python3.10/site-packages/awkward/_nplikes/numpylike.py,Sat Mar 9 13:02:13 2024 +0200
Mphaka-Mankgele/Data_Science_in_High_Energy_Physics/dataScience_env/lib/python3.10/site-packages/awkward/_nplikes/cupy.py,Sat Mar 9 13:02:13 2024 +0200
Mphaka-Mankgele/Data_Science_in_High_Energy_Physics/dataScience_env/lib/python3.10/site-packages/awkward/_nplikes/__init__.py,Sat Mar 9 13:02:13 2024 +0200
Mphaka-Mankgele/Data_Science_in_High_Energy_Physics/dataScience_env/lib/python3.10/site-packages/awkward/_nplikes/jax.py,Sat Mar 9 13:02:13 2024 +0200
Mphaka-Mankgele/Data_Science_in_High_Energy_Physics/dataScience_env/lib/python3.10/site-packages/awkward/_nplikes/shape.py,Sat Mar 9 13:02:13 2024 +0200
Mphaka-Mankgele/Data_Science_in_High_Energy_Physics/dataScience_env/lib/python3.10/site-packages/awkward/_nplikes/numpy.py,Sat Mar 9 13:02:13 2024 +0200
Mphaka-Mankgele/Data_Science_in_High_Energy_Physics/dataScience_env/lib/python3.10/site-packages/awkward/_lookup.py,Sat Mar 9 13:02:13 2024 +0200
Mphaka-Mankgele/Data_Science_in_High_Energy_Physics/dataScience_env/lib/python3.10/site-packages/awkward/_v2.py,Sat Mar 9 13:02:13 2024 +0200
Mphaka-Mankgele/Data_Science_in_High_Energy_Physics/dataScience_env/lib/python3.10/site-packages/awkward/_layout.py,Sat Mar 9 13:02:13 2024 +0200
Mphaka-Mankgele/Data_Science_in_High_Energy_Physics/dataScience_env/lib/python3.10/site-packages/awkward/__init__.py,Sat Mar 9 13:02:13 2024 +0200
Mphaka-Mankgele/Data_Science_in_High_Energy_Physics/dataScience_env/lib/python3.10/site-packages/awkward/_do.py,Sat Mar 9 13:02:13 2024 +0200
Mphaka-Mankgele/Data_Science_in_High_Energy_Physics/dataScience_env/lib/python3.10/site-packages/awkward/types/regulartype.py,Sat Mar 9 13:02:13 2024 +0200
Mphaka-Mankgele/Data_Science_in_High_Energy_Physics/dataScience_env/lib/python3.10/site-packages/awkward/types/type.py,Sat Mar 9 13:02:13 2024 +0200
Mphaka-Mankgele/Data_Science_in_High_Energy_Physics/dataScience_env/lib/python3.10/site-packages/awkward/types/numpytype.py,Sat Mar 9 13:02:13 2024 +0200
Mphaka-Mankgele/Data_Science_in_High_Energy_Physics/dataScience_env/lib/python3.10/site-packages/awkward/types/recordtype.py,Sat Mar 9 13:02:13 2024 +0200
Mphaka-Mankgele/Data_Science_in_High_Energy_Physics/dataScience_env/lib/python3.10/site-packages/awkward/types/optiontype.py,Sat Mar 9 13:02:13 2024 +0200
Mphaka-Mankgele/Data_Science_in_High_Energy_Physics/dataScience_env/lib/python3.10/site-packages/awkward/types/arraytype.py,Sat Mar 9 13:02:13 2024 +0200
Mphaka-Mankgele/Data_Science_in_High_Energy_Physics/dataScience_env/lib/python3.10/site-packages/awkward/types/unknowntype.py,Sat Mar 9 13:02:13 2024 +0200
Mphaka-Mankgele/Data_Science_in_High_Energy_Physics/dataScience_env/lib/python3.10/site-packages/awkward/types/scalartype.py,Sat Mar 9 13:02:13 2024 +0200
Mphaka-Mankgele/Data_Science_in_High_Energy_Physics/dataScience_env/lib/python3.10/site-packages/awkward/types/listtype.py,Sat Mar 9 13:02:13 2024 +0200
Mphaka-Mankgele/Data_Science_in_High_Energy_Physics/dataScience_env/lib/python3.10/site-packages/awkward/types/uniontype.py,Sat Mar 9 13:02:13 2024 +0200
Mphaka-Mankgele/Data_Science_in_High_Energy_Physics/dataScience_env/lib/python3.10/site-packages/awkward/types/__init__.py,Sat Mar 9 13:02:13 2024 +0200
Mphaka-Mankgele/Data_Science_in_High_Energy_Physics/dataScience_env/lib/python3.10/site-packages/awkward/jax.py,Sat Mar 9 13:02:13 2024 +0200
Mphaka-Mankgele/Data_Science_in_High_Energy_Physics/dataScience_env/lib/python3.10/site-packages/awkward/_backends/typetracer.py,Sat Mar 9 13:02:13 2024 +0200
Mphaka-Mankgele/Data_Science_in_High_Energy_Physics/dataScience_env/lib/python3.10/site-packages/awkward/_backends/backend.py,Sat Mar 9 13:02:13 2024 +0200
Mphaka-Mankgele/Data_Science_in_High_Energy_Physics/dataScience_env/lib/python3.10/site-packages/awkward/_backends/dispatch.py,Sat Mar 9 13:02:13 2024 +0200
Mphaka-Mankgele/Data_Science_in_High_Energy_Physics/dataScience_env/lib/python3.10/site-packages/awkward/_backends/cupy.py,Sat Mar 9 13:02:13 2024 +0200
Mphaka-Mankgele/Data_Science_in_High_Energy_Physics/dataScience_env/lib/python3.10/site-packages/awkward/_backends/jax.py,Sat Mar 9 13:02:13 2024 +0200
Mphaka-Mankgele/Data_Science_in_High_Energy_Physics/dataScience_env/lib/python3.10/site-packages/awkward/_backends/numpy.py,Sat Mar 9 13:02:13 2024 +0200
Mphaka-Mankgele/Data_Science_in_High_Energy_Physics/dataScience_env/lib/python3.10/site-packages/awkward/behaviors/mixins.py,Sat Mar 9 13:02:13 2024 +0200
Mphaka-Mankgele/Data_Science_in_High_Energy_Physics/dataScience_env/lib/python3.10/site-packages/awkward/behaviors/string.py,Sat Mar 9 13:02:13 2024 +0200
Mphaka-Mankgele/Data_Science_in_High_Energy_Physics/dataScience_env/lib/python3.10/site-packages/awkward/behaviors/categorical.py,Sat Mar 9 13:02:13 2024 +0200
Mphaka-Mankgele/Data_Science_in_High_Energy_Physics/dataScience_env/lib/python3.10/site-packages/awkward/operations/ak_run_lengths.py,Sat Mar 9 13:02:13 2024 +0200
Mphaka-Mankgele/Data_Science_in_High_Energy_Physics/dataScience_env/lib/python3.10/site-packages/awkward/operations/ak_num.py,Sat Mar 9 13:02:13 2024 +0200
Mphaka-Mankgele/Data_Science_in_High_Energy_Physics/dataScience_env/lib/python3.10/site-packages/awkward/operations/ak_drop_none.py,Sat Mar 9 13:02:13 2024 +0200
Mphaka-Mankgele/Data_Science_in_High_Energy_Physics/dataScience_env/lib/python3.10/site-packages/awkward/operations/ak_to_dataframe.py,Sat Mar 9 13:02:13 2024 +0200
Mphaka-Mankgele/Data_Science_in_High_Energy_Physics/dataScience_env/lib/python3.10/site-packages/awkward/operations/ak_unflatten.py,Sat Mar 9 13:02:13 2024 +0200
Mphaka-Mankgele/Data_Science_in_High_Energy_Physics/dataScience_env/lib/python3.10/site-packages/awkward/operations/ak_from_regular.py,Sat Mar 9 13:02:13 2024 +0200
Mphaka-Mankgele/Data_Science_in_High_Energy_Physics/dataScience_env/lib/python3.10/site-packages/awkward/operations/ak_from_numpy.py,Sat Mar 9 13:02:13 2024 +0200
Mphaka-Mankgele/Data_Science_in_High_Energy_Physics/dataScience_env/lib/python3.10/site-packages/awkward/operations/ak_min.py,Sat Mar 9 13:02:13 2024 +0200
Mphaka-Mankgele/Data_Science_in_High_Energy_Physics/dataScience_env/lib/python3.10/site-packages/awkward/operations/ak_with_name.py,Sat Mar 9 13:02:13 2024 +0200
Mphaka-Mankgele/Data_Science_in_High_Energy_Physics/dataScience_env/lib/python3.10/site-packages/awkward/operations/ak_count_nonzero.py,Sat Mar 9 13:02:13 2024 +0200
Mphaka-Mankgele/Data_Science_in_High_Energy_Physics/dataScience_env/lib/python3.10/site-packages/awkward/operations/ak_is_none.py,Sat Mar 9 13:02:13 2024 +0200
Mphaka-Mankgele/Data_Science_in_High_Energy_Physics/dataScience_env/lib/python3.10/site-packages/awkward/operations/ak_from_arrow.py,Sat Mar 9 13:02:13 2024 +0200
Mphaka-Mankgele/Data_Science_in_High_Energy_Physics/dataScience_env/lib/python3.10/site-packages/awkward/operations/ak_categories.py,Sat Mar 9 13:02:13 2024 +0200
Mphaka-Mankgele/Data_Science_in_High_Energy_Physics/dataScience_env/lib/python3.10/site-packages/awkward/operations/ak_merge_union_of_records.py,Sat Mar 9 13:02:13 2024 +0200
Mphaka-Mankgele/Data_Science_in_High_Energy_Physics/dataScience_env/lib/python3.10/site-packages/awkward/operations/ak_broadcast_fields.py,Sat Mar 9 13:02:13 2024 +0200
Mphaka-Mankgele/Data_Science_in_High_Energy_Physics/dataScience_env/lib/python3.10/site-packages/awkward/operations/ak_type.py,Sat Mar 9 13:02:13 2024 +0200
Mphaka-Mankgele/Data_Science_in_High_Energy_Physics/dataScience_env/lib/python3.10/site-packages/awkward/operations/ak_mean.py,Sat Mar 9 13:02:13 2024 +0200
Mphaka-Mankgele/Data_Science_in_High_Energy_Physics/dataScience_env/lib/python3.10/site-packages/awkward/operations/ak_enforce_type.py,Sat Mar 9 13:02:13 2024 +0200
Mphaka-Mankgele/Data_Science_in_High_Energy_Physics/dataScience_env/lib/python3.10/site-packages/awkward/operations/ak_to_list.py,Sat Mar 9 13:02:13 2024 +0200
Mphaka-Mankgele/Data_Science_in_High_Energy_Physics/dataScience_env/lib/python3.10/site-packages/awkward/operations/ak_count.py,Sat Mar 9 13:02:13 2024 +0200
Mphaka-Mankgele/Data_Science_in_High_Energy_Physics/dataScience_env/lib/python3.10/site-packages/awkward/operations/ak_with_parameter.py,Sat Mar 9 13:02:13 2024 +0200
Mphaka-Mankgele/Data_Science_in_High_Energy_Physics/dataScience_env/lib/python3.10/site-packages/awkward/operations/ak_from_categorical.py,Sat Mar 9 13:02:13 2024 +0200
Mphaka-Mankgele/Data_Science_in_High_Energy_Physics/dataScience_env/lib/python3.10/site-packages/awkward/operations/ak_to_arrow.py,Sat Mar 9 13:02:13 2024 +0200
Mphaka-Mankgele/Data_Science_in_High_Energy_Physics/dataScience_env/lib/python3.10/site-packages/awkward/operations/ak_firsts.py,Sat Mar 9 13:02:13 2024 +0200
Mphaka-Mankgele/Data_Science_in_High_Energy_Physics/dataScience_env/lib/python3.10/site-packages/awkward/operations/ak_corr.py,Sat Mar 9 13:02:13 2024 +0200
Mphaka-Mankgele/Data_Science_in_High_Energy_Physics/dataScience_env/lib/python3.10/site-packages/awkward/operations/ak_argcombinations.py,Sat Mar 9 13:02:13 2024 +0200
Mphaka-Mankgele/Data_Science_in_High_Energy_Physics/dataScience_env/lib/python3.10/site-packages/awkward/operations/ak_fields.py,Sat Mar 9 13:02:13 2024 +0200
Mphaka-Mankgele/Data_Science_in_High_Energy_Physics/dataScience_env/lib/python3.10/site-packages/awkward/operations/ak_to_arrow_table.py,Sat Mar 9 13:02:13 2024 +0200
Mphaka-Mankgele/Data_Science_in_High_Energy_Physics/dataScience_env/lib/python3.10/site-packages/awkward/operations/ak_without_parameters.py,Sat Mar 9 13:02:13 2024 +0200
Mphaka-Mankgele/Data_Science_in_High_Energy_Physics/dataScience_env/lib/python3.10/site-packages/awkward/operations/ak_concatenate.py,Sat Mar 9 13:02:13 2024 +0200
Mphaka-Mankgele/Data_Science_in_High_Energy_Physics/dataScience_env/lib/python3.10/site-packages/awkward/operations/ak_to_layout.py,Sat Mar 9 13:02:13 2024 +0200
Mphaka-Mankgele/Data_Science_in_High_Energy_Physics/dataScience_env/lib/python3.10/site-packages/awkward/operations/ak_singletons.py,Sat Mar 9 13:02:13 2024 +0200
Mphaka-Mankgele/Data_Science_in_High_Energy_Physics/dataScience_env/lib/python3.10/site-packages/awkward/operations/ak_sum.py,Sat Mar 9 13:02:13 2024 +0200
Mphaka-Mankgele/Data_Science_in_High_Energy_Physics/dataScience_env/lib/python3.10/site-packages/awkward/operations/ak_is_categorical.py,Sat Mar 9 13:02:13 2024 +0200
Mphaka-Mankgele/Data_Science_in_High_Energy_Physics/dataScience_env/lib/python3.10/site-packages/awkward/operations/ak_to_rdataframe.py,Sat Mar 9 13:02:13 2024 +0200
Mphaka-Mankgele/Data_Science_in_High_Energy_Physics/dataScience_env/lib/python3.10/site-packages/awkward/operations/ak_from_parquet.py,Sat Mar 9 13:02:13 2024 +0200
Mphaka-Mankgele/Data_Science_in_High_Energy_Physics/dataScience_env/lib/python3.10/site-packages/awkward/operations/ak_combinations.py,Sat Mar 9 13:02:13 2024 +0200
Mphaka-Mankgele/Data_Science_in_High_Energy_Physics/dataScience_env/lib/python3.10/site-packages/awkward/operations/ak_to_categorical.py,Sat Mar 9 13:02:13 2024 +0200
Mphaka-Mankgele/Data_Science_in_High_Energy_Physics/dataScience_env/lib/python3.10/site-packages/awkward/operations/ak_to_parquet.py,Sat Mar 9 13:02:13 2024 +0200
Mphaka-Mankgele/Data_Science_in_High_Energy_Physics/dataScience_env/lib/python3.10/site-packages/awkward/operations/ak_to_jax.py,Sat Mar 9 13:02:13 2024 +0200
Mphaka-Mankgele/Data_Science_in_High_Energy_Physics/dataScience_env/lib/python3.10/site-packages/awkward/operations/ak_nan_to_none.py,Sat Mar 9 13:02:13 2024 +0200
Mphaka-Mankgele/Data_Science_in_High_Energy_Physics/dataScience_env/lib/python3.10/site-packages/awkward/operations/ak_from_cupy.py,Sat Mar 9 13:02:13 2024 +0200
Mphaka-Mankgele/Data_Science_in_High_Energy_Physics/dataScience_env/lib/python3.10/site-packages/awkward/operations/ak_argsort.py,Sat Mar 9 13:02:13 2024 +0200
Mphaka-Mankgele/Data_Science_in_High_Energy_Physics/dataScience_env/lib/python3.10/site-packages/awkward/operations/ak_validity_error.py,Sat Mar 9 13:02:13 2024 +0200
Mphaka-Mankgele/Data_Science_in_High_Energy_Physics/dataScience_env/lib/python3.10/site-packages/awkward/operations/ak_pad_none.py,Sat Mar 9 13:02:13 2024 +0200
Mphaka-Mankgele/Data_Science_in_High_Energy_Physics/dataScience_env/lib/python3.10/site-packages/awkward/operations/ak_argcartesian.py,Sat Mar 9 13:02:13 2024 +0200
Mphaka-Mankgele/Data_Science_in_High_Energy_Physics/dataScience_env/lib/python3.10/site-packages/awkward/operations/ak_to_buffers.py,Sat Mar 9 13:02:13 2024 +0200
Mphaka-Mankgele/Data_Science_in_High_Energy_Physics/dataScience_env/lib/python3.10/site-packages/awkward/operations/ak_copy.py,Sat Mar 9 13:02:13 2024 +0200
Mphaka-Mankgele/Data_Science_in_High_Energy_Physics/dataScience_env/lib/python3.10/site-packages/awkward/operations/ak_covar.py,Sat Mar 9 13:02:13 2024 +0200
Mphaka-Mankgele/Data_Science_in_High_Energy_Physics/dataScience_env/lib/python3.10/site-packages/awkward/operations/ak_to_json.py,Sat Mar 9 13:02:13 2024 +0200
Mphaka-Mankgele/Data_Science_in_High_Energy_Physics/dataScience_env/lib/python3.10/site-packages/awkward/operations/ak_nan_to_num.py,Sat Mar 9 13:02:13 2024 +0200
Mphaka-Mankgele/Data_Science_in_High_Energy_Physics/dataScience_env/lib/python3.10/site-packages/awkward/operations/ak_from_json.py,Sat Mar 9 13:02:13 2024 +0200
Mphaka-Mankgele/Data_Science_in_High_Energy_Physics/dataScience_env/lib/python3.10/site-packages/awkward/operations/ak_ones_like.py,Sat Mar 9 13:02:13 2024 +0200
Mphaka-Mankgele/Data_Science_in_High_Energy_Physics/dataScience_env/lib/python3.10/site-packages/awkward/operations/ak_values_astype.py,Sat Mar 9 13:02:13 2024 +0200
Mphaka-Mankgele/Data_Science_in_High_Energy_Physics/dataScience_env/lib/python3.10/site-packages/awkward/operations/ak_zeros_like.py,Sat Mar 9 13:02:13 2024 +0200
Mphaka-Mankgele/Data_Science_in_High_Energy_Physics/dataScience_env/lib/python3.10/site-packages/awkward/operations/ak_unzip.py,Sat Mar 9 13:02:13 2024 +0200
Mphaka-Mankgele/Data_Science_in_High_Energy_Physics/dataScience_env/lib/python3.10/site-packages/awkward/operations/ak_to_packed.py,Sat Mar 9 13:02:13 2024 +0200
Mphaka-Mankgele/Data_Science_in_High_Energy_Physics/dataScience_env/lib/python3.10/site-packages/awkward/operations/ak_to_backend.py,Sat Mar 9 13:02:13 2024 +0200
Mphaka-Mankgele/Data_Science_in_High_Energy_Physics/dataScience_env/lib/python3.10/site-packages/awkward/operations/ak_prod.py,Sat Mar 9 13:02:13 2024 +0200
Mphaka-Mankgele/Data_Science_in_High_Energy_Physics/dataScience_env/lib/python3.10/site-packages/awkward/operations/ak_backend.py,Sat Mar 9 13:02:13 2024 +0200
Mphaka-Mankgele/Data_Science_in_High_Energy_Physics/dataScience_env/lib/python3.10/site-packages/awkward/operations/ak_sort.py,Sat Mar 9 13:02:13 2024 +0200
Mphaka-Mankgele/Data_Science_in_High_Energy_Physics/dataScience_env/lib/python3.10/site-packages/awkward/operations/ak_from_jax.py,Sat Mar 9 13:02:13 2024 +0200
Mphaka-Mankgele/Data_Science_in_High_Energy_Physics/dataScience_env/lib/python3.10/site-packages/awkward/operations/ak_from_buffers.py,Sat Mar 9 13:02:13 2024 +0200
Mphaka-Mankgele/Data_Science_in_High_Energy_Physics/dataScience_env/lib/python3.10/site-packages/awkward/operations/ak_var.py,Sat Mar 9 13:02:13 2024 +0200
Mphaka-Mankgele/Data_Science_in_High_Energy_Physics/dataScience_env/lib/python3.10/site-packages/awkward/operations/ak_from_arrow_schema.py,Sat Mar 9 13:02:13 2024 +0200
Mphaka-Mankgele/Data_Science_in_High_Energy_Physics/dataScience_env/lib/python3.10/site-packages/awkward/operations/ak_zip.py,Sat Mar 9 13:02:13 2024 +0200
Mphaka-Mankgele/Data_Science_in_High_Energy_Physics/dataScience_env/lib/python3.10/site-packages/awkward/operations/ak_is_valid.py,Sat Mar 9 13:02:13 2024 +0200
Mphaka-Mankgele/Data_Science_in_High_Energy_Physics/dataScience_env/lib/python3.10/site-packages/awkward/operations/ak_parameters.py,Sat Mar 9 13:02:13 2024 +0200
Mphaka-Mankgele/Data_Science_in_High_Energy_Physics/dataScience_env/lib/python3.10/site-packages/awkward/operations/ak_to_numpy.py,Sat Mar 9 13:02:13 2024 +0200
Mphaka-Mankgele/Data_Science_in_High_Energy_Physics/dataScience_env/lib/python3.10/site-packages/awkward/operations/ak_ptp.py,Sat Mar 9 13:02:13 2024 +0200
Mphaka-Mankgele/Data_Science_in_High_Energy_Physics/dataScience_env/lib/python3.10/site-packages/awkward/operations/ak_merge_option_of_records.py,Sat Mar 9 13:02:13 2024 +0200
Mphaka-Mankgele/Data_Science_in_High_Energy_Physics/dataScience_env/lib/python3.10/site-packages/awkward/operations/ak_any.py,Sat Mar 9 13:02:13 2024 +0200
Mphaka-Mankgele/Data_Science_in_High_Energy_Physics/dataScience_env/lib/python3.10/site-packages/awkward/operations/ak_mask.py,Sat Mar 9 13:02:13 2024 +0200
Mphaka-Mankgele/Data_Science_in_High_Energy_Physics/dataScience_env/lib/python3.10/site-packages/awkward/operations/ak_is_tuple.py,Sat Mar 9 13:02:13 2024 +0200
Mphaka-Mankgele/Data_Science_in_High_Energy_Physics/dataScience_env/lib/python3.10/site-packages/awkward/operations/ak_transform.py,Sat Mar 9 13:02:13 2024 +0200
Mphaka-Mankgele/Data_Science_in_High_Energy_Physics/dataScience_env/lib/python3.10/site-packages/awkward/operations/ak_fill_none.py,Sat Mar 9 13:02:13 2024 +0200
Mphaka-Mankgele/Data_Science_in_High_Energy_Physics/dataScience_env/lib/python3.10/site-packages/awkward/operations/ak_strings_astype.py,Sat Mar 9 13:02:13 2024 +0200
Mphaka-Mankgele/Data_Science_in_High_Energy_Physics/dataScience_env/lib/python3.10/site-packages/awkward/operations/ak_moment.py,Sat Mar 9 13:02:13 2024 +0200
Mphaka-Mankgele/Data_Science_in_High_Energy_Physics/dataScience_env/lib/python3.10/site-packages/awkward/operations/ak_from_rdataframe.py,Sat Mar 9 13:02:13 2024 +0200
Mphaka-Mankgele/Data_Science_in_High_Energy_Physics/dataScience_env/lib/python3.10/site-packages/awkward/operations/ak_to_cupy.py,Sat Mar 9 13:02:13 2024 +0200
Mphaka-Mankgele/Data_Science_in_High_Energy_Physics/dataScience_env/lib/python3.10/site-packages/awkward/operations/__init__.py,Sat Mar 9 13:02:13 2024 +0200
Mphaka-Mankgele/Data_Science_in_High_Energy_Physics/dataScience_env/lib/python3.10/site-packages/awkward/operations/ak_from_avro_file.py,Sat Mar 9 13:02:13 2024 +0200
Mphaka-Mankgele/Data_Science_in_High_Energy_Physics/dataScience_env/lib/python3.10/site-packages/awkward/operations/ak_broadcast_arrays.py,Sat Mar 9 13:02:13 2024 +0200
Mphaka-Mankgele/Data_Science_in_High_Energy_Physics/dataScience_env/lib/python3.10/site-packages/awkward/operations/ak_std.py,Sat Mar 9 13:02:13 2024 +0200
Mphaka-Mankgele/Data_Science_in_High_Energy_Physics/dataScience_env/lib/python3.10/site-packages/awkward/operations/ak_to_regular.py,Sat Mar 9 13:02:13 2024 +0200
Mphaka-Mankgele/Data_Science_in_High_Energy_Physics/dataScience_env/lib/python3.10/site-packages/awkward/operations/ak_isclose.py,Sat Mar 9 13:02:13 2024 +0200
Mphaka-Mankgele/Data_Science_in_High_Energy_Physics/dataScience_env/lib/python3.10/site-packages/awkward/operations/ak_full_like.py,Sat Mar 9 13:02:13 2024 +0200
Mphaka-Mankgele/Data_Science_in_High_Energy_Physics/dataScience_env/lib/python3.10/site-packages/awkward/operations/ak_local_index.py,Sat Mar 9 13:02:13 2024 +0200
Mphaka-Mankgele/Data_Science_in_High_Energy_Physics/dataScience_env/lib/python3.10/site-packages/awkward/operations/ak_all.py,Sat Mar 9 13:02:13 2024 +0200
Mphaka-Mankgele/Data_Science_in_High_Energy_Physics/dataScience_env/lib/python3.10/site-packages/awkward/operations/ak_max.py,Sat Mar 9 13:02:13 2024 +0200
Mphaka-Mankgele/Data_Science_in_High_Energy_Physics/dataScience_env/lib/python3.10/site-packages/awkward/operations/ak_argmax.py,Sat Mar 9 13:02:13 2024 +0200
Mphaka-Mankgele/Data_Science_in_High_Energy_Physics/dataScience_env/lib/python3.10/site-packages/awkward/operations/ak_where.py,Sat Mar 9 13:02:13 2024 +0200
Mphaka-Mankgele/Data_Science_in_High_Energy_Physics/dataScience_env/lib/python3.10/site-packages/awkward/operations/ak_softmax.py,Sat Mar 9 13:02:13 2024 +0200
Mphaka-Mankgele/Data_Science_in_High_Energy_Physics/dataScience_env/lib/python3.10/site-packages/awkward/operations/ak_metadata_from_parquet.py,Sat Mar 9 13:02:13 2024 +0200
Mphaka-Mankgele/Data_Science_in_High_Energy_Physics/dataScience_env/lib/python3.10/site-packages/awkward/operations/ak_flatten.py,Sat Mar 9 13:02:13 2024 +0200
Mphaka-Mankgele/Data_Science_in_High_Energy_Physics/dataScience_env/lib/python3.10/site-packages/awkward/operations/ak_without_field.py,Sat Mar 9 13:02:13 2024 +0200
Mphaka-Mankgele/Data_Science_in_High_Energy_Physics/dataScience_env/lib/python3.10/site-packages/awkward/operations/ak_almost_equal.py,Sat Mar 9 13:02:13 2024 +0200
Mphaka-Mankgele/Data_Science_in_High_Energy_Physics/dataScience_env/lib/python3.10/site-packages/awkward/operations/ak_ravel.py,Sat Mar 9 13:02:13 2024 +0200
Mphaka-Mankgele/Data_Science_in_High_Energy_Physics/dataScience_env/lib/python3.10/site-packages/awkward/operations/ak_from_iter.py,Sat Mar 9 13:02:13 2024 +0200
Mphaka-Mankgele/Data_Science_in_High_Energy_Physics/dataScience_env/lib/python3.10/site-packages/awkward/operations/ak_cartesian.py,Sat Mar 9 13:02:13 2024 +0200
Mphaka-Mankgele/Data_Science_in_High_Energy_Physics/dataScience_env/lib/python3.10/site-packages/awkward/operations/ak_linear_fit.py,Sat Mar 9 13:02:13 2024 +0200
Mphaka-Mankgele/Data_Science_in_High_Energy_Physics/dataScience_env/lib/python3.10/site-packages/awkward/operations/ak_argmin.py,Sat Mar 9 13:02:13 2024 +0200
Mphaka-Mankgele/Data_Science_in_High_Energy_Physics/dataScience_env/lib/python3.10/site-packages/awkward/operations/ak_with_field.py,Sat Mar 9 13:02:13 2024 +0200
Mphaka-Mankgele/Data_Science_in_High_Energy_Physics/dataScience_env/lib/python3.10/site-packages/awkward/_dispatch.py,Sat Mar 9 13:02:13 2024 +0200
Mphaka-Mankgele/Data_Science_in_High_Energy_Physics/dataScience_env/lib/python3.10/site-packages/uproot3/_help.py,Sat Mar 9 13:02:13 2024 +0200
Mphaka-Mankgele/Data_Science_in_High_Energy_Physics/dataScience_env/lib/python3.10/site-packages/uproot3/interp/interp.py,Sat Mar 9 13:02:13 2024 +0200
Mphaka-Mankgele/Data_Science_in_High_Energy_Physics/dataScience_env/lib/python3.10/site-packages/uproot3/_connect/_pandas.py,Sat Mar 9 13:02:13 2024 +0200
Mphaka-Mankgele/Data_Science_in_High_Energy_Physics/dataScience_env/lib/python3.10/site-packages/uproot3/write/objects/TTree.py,Sat Mar 9 13:02:13 2024 +0200
Mphaka-Mankgele/Data_Science_in_High_Energy_Physics/dataScience_env/lib/python3.10/site-packages/uproot3/tree.py,Sat Mar 9 13:02:13 2024 +0200
mroeschke/awkward-pandas/tests/test_base.py,Fri Jul 22 12:14:14 2022 -0500
mroeschke/awkward-pandas/tests/test_accessor.py,Fri Jul 22 12:14:14 2022 -0500
mroeschke/awkward-pandas/tests/test_package.py,Thu Jul 7 15:34:09 2022 -0400
mroeschke/awkward-pandas/demo/awkward-pandas-demo.ipynb,Fri Aug 12 10:56:01 2022 -0500
mroeschke/awkward-pandas/src/awkward_pandas/io.py,Fri Aug 5 12:45:21 2022 -0500
mroeschke/awkward-pandas/src/awkward_pandas/strings.py,Fri Aug 19 15:32:28 2022 -0500
mroeschke/awkward-pandas/src/awkward_pandas/dtype.py,Tue Jul 19 10:10:43 2022 -0500
mroeschke/awkward-pandas/src/awkward_pandas/__init__.py,Thu Jul 7 15:34:09 2022 -0400
mroeschke/awkward-pandas/src/awkward_pandas/accessor.py,Fri Jul 22 12:14:14 2022 -0500
mroeschke/awkward-pandas/src/awkward_pandas/array.py,Tue Jul 19 11:05:21 2022 -0500
msuriar/missile-tid/tid/awkward.py,Mon Sep 6 13:50:28 2021 -0400
munozariasjm/vandy-ml-tagger/vandy_taggers/utils/dataset_conversion.py,Fri Mar 10 17:12:16 2023 -0500
munozariasjm/vandy-ml-tagger/vandy_taggers/utils/data_parser.py,Fri Mar 10 17:12:16 2023 -0500
nantes-m2-rps-exp/qqbar2mumu-2022/notebooks/akward.ipynb,Thu Dec 1 10:49:49 2022 +0100
nantes-m2-rps-exp/qqbar2mumu-2022/notebooks/analyze-more-data.ipynb,Tue Dec 28 11:09:30 2021 +0100
nantes-m2-rps-exp/qqbar2mumu-2022/notebooks/muon-eta-distribution.ipynb,Tue Dec 28 11:09:30 2021 +0100
neko-0/pyssrl/src/pyssrl/histmaker.py,Thu Mar 21 20:26:36 2024 -0700
nhartman94/np-tutorial/Lecture-notes-blank.ipynb,Tue Oct 31 05:10:32 2023 +0100
nikoladze/physlite_experiments/physlite_experiments/scripts/read_few_columns.py,Tue Feb 2 16:08:57 2021 +0100
nikoladze/physlite_experiments/physlite_experiments/scripts/run_analysis_example.py,Thu Mar 11 17:37:37 2021 +0100
nikoladze/physlite_experiments/physlite_experiments/scripts/convert_to_basic_root.py,Tue Feb 2 16:08:57 2021 +0100
nikoladze/physlite_experiments/physlite_experiments/scripts/to_parquet.py,Tue Feb 2 16:08:57 2021 +0100
nikoladze/physlite_experiments/physlite_experiments/deserialization_hacks.py,Tue Feb 2 16:08:57 2021 +0100
nikoladze/physlite_experiments/physlite_experiments/proper_xrdfile.py,Tue Feb 2 16:08:57 2021 +0100
nikoladze/physlite_experiments/physlite_experiments/utils.py,Tue Feb 23 14:39:19 2021 +0100
nikoladze/physlite_experiments/physlite_experiments/behavior.py,Tue Feb 2 16:08:57 2021 +0100
nikoladze/physlite_experiments/physlite_experiments/analysis_example.py,Tue Feb 9 10:52:17 2021 +0100
nikoladze/physlite_experiments/physlite_experiments/physlite_events.py,Tue Feb 2 16:08:57 2021 +0100
nikoladze/physlite_experiments/tests/deserialization_hacks.py,Wed May 26 14:40:51 2021 +0200
nikoladze/physlite_experiments/notebooks/vis_basket_data.ipynb,Wed May 4 14:35:38 2022 +0200
nikoladze/physlite_experiments/notebooks/benchmark_data_formats.ipynb,Tue Feb 2 16:08:57 2021 +0100
nikoladze/physlite_experiments/notebooks/met_reco_first_steps.ipynb,Thu Apr 6 16:31:53 2023 +0200
nikoladze/physlite_experiments/notebooks/xaod_rdf.ipynb,Sun May 15 19:34:03 2022 +0200
nikoladze/physlite_experiments/notebooks/flat_root_benchmark.ipynb,Thu Feb 25 15:24:38 2021 +0100
nikoladze/physlite_experiments/notebooks/dask_demo_lrz.ipynb,Wed Mar 17 21:46:47 2021 +0100
nikoladze/physlite_experiments/notebooks/columnar_vs_st.ipynb,Tue Feb 2 16:08:57 2021 +0100
nikoladze/physlite_experiments/notebooks/optional_daod_content.ipynb,Fri Jul 23 12:25:21 2021 +0200
nikoladze/physlite_experiments/notebooks/coffea_nanoevents.ipynb,Tue Jun 15 21:10:38 2021 +0200
nikoladze/physlite_experiments/notebooks/physlite_correctionlib.ipynb,Thu Dec 15 20:41:10 2022 +0100
nikoladze/physlite_experiments/notebooks/physlite_experiments.ipynb,Tue Feb 2 16:08:57 2021 +0100
nikoladze/physlite_experiments/k8s/image/dask_test_k8s.ipynb,Wed Mar 24 14:09:10 2021 +0100
nkanima/root_exporter/exporter/root_exporter.py,Wed May 24 10:10:43 2023 +0800
nobrainmonkey/eic-project/regressiononly/functions/Clusterer.py,Tue Jan 9 13:13:41 2024 -0500
nobrainmonkey/eic-project/regressiononly/functions/plotting.py,Tue Jan 9 13:13:41 2024 -0500
nobrainmonkey/eic-project/regressiononly/generator_common.py,Tue Jan 9 13:13:41 2024 -0500
nobrainmonkey/eic-project/regressiononly/notebooks/.ipynb_checkpoints/hitQA-checkpoint.ipynb,Tue Jan 9 13:13:41 2024 -0500
nobrainmonkey/eic-project/regressiononly/notebooks/hitQA.ipynb,Tue Jan 9 13:13:41 2024 -0500
nobrainmonkey/eic-project/regressiononly/notebooks/Plot_Gradients.ipynb,Tue Jan 9 13:13:41 2024 -0500
NTUHEP-QML/QCGNN/source/data/opendata.py,Wed May 29 20:05:30 2024 +0800
NTUHEP-QML/QCGNN/source/data/mg5data.py,Wed May 29 20:05:30 2024 +0800
NTUHEP-QML/QCGNN/source/data/datamodule.py,Mon May 20 12:12:23 2024 +0800
NTUHEP-QML/QCGNN/main.ipynb,Sat May 18 11:28:34 2024 +0800
NTUHEP-QML/QCGNN/notebooks/dataset_hvt.ipynb,Wed May 29 20:05:30 2024 +0800
NTUHEP-QML/QCGNN/notebooks/dataset_jetnet.ipynb,Wed May 29 20:05:30 2024 +0800
NTUHEP-QML/QCGNN/notebooks/dataset_top.ipynb,Wed May 29 20:05:30 2024 +0800
NTUHEP-QML/QCGNN/main.py,Wed May 29 20:05:30 2024 +0800
nVentis/MEM_HEP/notebooks/misclustering.ipynb,Sat Dec 23 16:47:01 2023 +0100
nVentis/MEM_HEP/notebooks/misclustering copy.ipynb,Fri Jan 26 09:52:11 2024 +0100
ob-trading/portable-es/portable_es/portable_es.py,Sun Oct 25 23:33:08 2020 +0000
ojoS2/HandsOnFile/src/HandsOnFile/funcoes_em_estudo.py,Tue Jul 9 17:25:13 2024 -0300
open-physics/jet-physics-and-machine-learning/src/sample.py,Thu Jun 29 10:24:55 2023 +0200
open-physics/high-energy-physics/src/jets/fastjet_tutorial.py,Tue Mar 28 13:54:58 2023 +0200
oshadura/coffea-bench/tests/coffea_bench_3.ipynb,Tue Jul 20 17:58:45 2021 +0200
oshadura/coffea-bench/tests/test_coffea_processor_adlexample1.ipynb,Tue Jun 29 19:47:55 2021 +0200
oshadura/coffea-bench/tests/coffea_bench_6.ipynb,Tue Jul 20 17:58:45 2021 +0200
oshadura/coffea-bench/tests/coffea_bench_1.ipynb,Tue Jul 20 17:58:45 2021 +0200
oshadura/coffea-bench/tests/coffea_bench_5.ipynb,Tue Jul 20 17:58:45 2021 +0200
oshadura/coffea-bench/tests/coffea_bench_7.ipynb,Tue Jul 20 17:58:45 2021 +0200
oshadura/coffea-bench/tests/coffea_bench_4.ipynb,Tue Jul 20 17:58:45 2021 +0200
oshadura/coffea-bench/tests/coffea_bench_2.ipynb,Tue Jul 20 17:58:45 2021 +0200
oshadura/coffea-bench/tests/coffea_bench_8.ipynb,Tue Jul 20 17:58:45 2021 +0200
oshadura/2023-07-24-coffea-casa/example8.ipynb,Mon Jul 24 01:31:27 2023 +0000
oshadura/2023-07-24-coffea-casa/zpeak_example.ipynb,Mon Jul 24 01:31:27 2023 +0000
oXyut/particlenet-toptagging/2_preprocessing.ipynb,Mon Jan 23 11:44:20 2023 +0900
panda-luminosity-detector-group/LMD-Alignment/jupyter/alignCampaignSensors.ipynb,Fri Jan 5 14:30:28 2024 +0100
panda-luminosity-detector-group/LMD-Alignment/src/alignment/readers/lumiPairReader.py,Wed Jan 17 15:11:34 2024 +0100
parnassus-hep/cms-flow/eval.py,Thu May 30 20:16:48 2024 +0300
pband1256/GNN_preprocessing/ParticleNet/tf-keras/keras_train.ipynb,Thu Jun 4 17:45:07 2020 -0400
pband1256/GNN_preprocessing/ParticleNet/tf-keras/convert_dataset.ipynb,Thu Jun 4 17:45:07 2020 -0400
PeterMJacobs/JETSCAPE-analysis/tests/test_parsing.py,Tue Apr 27 13:11:36 2021 +0200
PeterMJacobs/JETSCAPE-analysis/jetscape_analysis/analysis/reader/parse_ascii.py,Thu Oct 8 22:56:55 2020 -0700
PeterMJacobs/JETSCAPE-analysis/testing_outputs/finalStateWriter/compare.py,Mon Jun 21 14:09:52 2021 +0200
philippemiron/clouddrift/tests/raggedarray_tests.py,Thu May 11 15:52:50 2023 -0400
philippemiron/clouddrift/clouddrift/raggedarray.py,Thu May 11 15:52:50 2023 -0400
phinate/redoing-neos/neos-grid.ipynb,Tue Jan 24 12:28:41 2023 +0100
phinate/interpolation-with-flows/generate-flow-samples.py,Wed Mar 8 21:18:29 2023 +0000
phinate/interpolation-with-flows/flow_interp/data.py,Wed Mar 8 19:06:45 2023 +0000
phinate/interpolation-with-flows/train-flow.py,Fri Mar 3 09:48:54 2023 +0000
phinate/interpolation-with-flows/load_files.py,Fri Mar 3 09:48:54 2023 +0000
pixalytics-ltd/stackstac/stackstac/prepare.py,Wed Mar 10 18:36:56 2021 -0700
plasorak/LiquidO-Plots/truth_dumper.py,Thu Feb 1 17:07:58 2024 +0100
plasorak/LiquidO-Plots/nuclear_remnant.py,Fri Feb 23 14:30:37 2024 +0000
plasorak/LiquidO-Plots/movie-maker.py,Fri Jan 26 15:19:18 2024 +0000
plasorak/LiquidO-Plots/time-profile.py,Fri Feb 23 15:25:18 2024 +0100
playonverbs/sigmazerosearch/sigmazerosearch/alg/muon.py,Mon Apr 22 11:43:25 2024 -0500
playonverbs/sigmazerosearch/sigmazerosearch/loader/loader.py,Wed Feb 28 01:05:25 2024 +0000
playonverbs/sigmazerosearch/sigmazerosearch/utils.py,Wed Feb 28 01:05:25 2024 +0000
playonverbs/sigmazerosearch/sigmazerosearch/types/selection.py,Wed Feb 28 01:05:25 2024 +0000
playonverbs/sigmazerosearch/examples/usage.py,Wed Feb 28 01:05:25 2024 +0000
pnnoc/r3k/prepare_inputs.py,Sat Apr 20 16:29:56 2024 -0600
pnnoc/IRIS_HEP_AGC/ttbar_analysis_pipeline.ipynb,Thu Jun 27 08:51:29 2024 -0600
pnnoc/IRIS_HEP_AGC/jetassignment_training.ipynb,Thu Jun 27 08:51:29 2024 -0600
pnnoc/IRIS_HEP_AGC/GAT.ipynb,Thu Jun 27 08:52:51 2024 -0600
pnnoc/IRIS_HEP_AGC/jetassignment_labels.ipynb,Sun Jul 21 18:33:33 2024 -0600
pnnoc/IRIS_HEP_AGC/ml_test.ipynb,Thu Jun 27 08:51:29 2024 -0600
pnnoc/IRIS_HEP_AGC/spanet.ipynb,Mon Jul 15 08:29:38 2024 -0600
pnnoc/IRIS_HEP_AGC/GAT3.ipynb,Tue Jul 9 17:00:33 2024 -0600
pnnoc/IRIS_HEP_AGC/test.ipynb,Thu Jun 27 08:51:29 2024 -0600
pnnoc/IRIS_HEP_AGC/cms-open-data-ttbar/ttbar_analysis_pipeline.ipynb,Thu Jun 6 14:31:26 2024 -0600
pnnoc/IRIS_HEP_AGC/cms-open-data-ttbar/jetassignment_training.ipynb,Thu Jun 6 14:31:26 2024 -0600
pnnoc/IRIS_HEP_AGC/cms-open-data-ttbar/utils/ml.py,Thu Jun 6 14:31:26 2024 -0600
pnnoc/IRIS_HEP_AGC/cms-open-data-ttbar/utils/systematics.py,Thu Jun 6 14:31:26 2024 -0600
pnnoc/IRIS_HEP_AGC/cms-open-data-ttbar/ttbar_analysis_pipeline.py,Thu Jun 6 14:31:26 2024 -0600
pnnoc/IRIS_HEP_AGC/cms-open-data-ttbar/jetassignment_training.py,Thu Jun 6 14:31:26 2024 -0600
pnnoc/IRIS_HEP_AGC/ml.py,Thu Jun 27 08:51:29 2024 -0600
PocketCoffea/PocketCoffea/pocket_coffea/scripts/config_template.py,Tue Jul 2 10:57:19 2024 +0200
PocketCoffea/PocketCoffea/pocket_coffea/utils/skim.py,Sat Dec 3 10:42:55 2022 +0100
PocketCoffea/PocketCoffea/pocket_coffea/utils/utils.py,Thu Apr 20 08:24:29 2023 +0200
PocketCoffea/PocketCoffea/pocket_coffea/utils/plot_utils.py,Fri Nov 11 08:45:15 2022 +0100
PocketCoffea/PocketCoffea/pocket_coffea/workflows/base.py,Thu Nov 10 09:47:55 2022 +0100
PocketCoffea/PocketCoffea/pocket_coffea/workflows/tthbb_base_processor.py,Thu Nov 10 18:19:28 2022 +0100
PocketCoffea/PocketCoffea/pocket_coffea/workflows/semileptonic_triggerSF.py,Thu Nov 10 09:47:55 2022 +0100
PocketCoffea/PocketCoffea/pocket_coffea/workflows/genweights.py,Tue Mar 7 08:46:26 2023 +0100
PocketCoffea/PocketCoffea/pocket_coffea/lib/categorization.py,Wed Jan 11 18:52:52 2023 +0100
PocketCoffea/PocketCoffea/pocket_coffea/lib/columns_manager.py,Sun Nov 20 18:13:32 2022 +0100
PocketCoffea/PocketCoffea/pocket_coffea/lib/deltaR_matching.py,Thu Nov 10 09:47:55 2022 +0100
PocketCoffea/PocketCoffea/pocket_coffea/lib/jets.py,Thu Nov 10 09:47:55 2022 +0100
PocketCoffea/PocketCoffea/pocket_coffea/lib/hist_manager.py,Mon Nov 14 17:16:30 2022 +0100
PocketCoffea/PocketCoffea/pocket_coffea/lib/scale_factors.py,Thu Nov 10 09:47:55 2022 +0100
PocketCoffea/PocketCoffea/pocket_coffea/lib/cut_definition.py,Thu Nov 10 09:47:55 2022 +0100
PocketCoffea/PocketCoffea/pocket_coffea/lib/triggers.py,Thu Nov 10 09:47:55 2022 +0100
PocketCoffea/PocketCoffea/pocket_coffea/lib/cut_functions.py,Thu Nov 10 09:47:55 2022 +0100
PocketCoffea/PocketCoffea/pocket_coffea/lib/weights/weights_manager.py,Mon Mar 18 14:06:25 2024 +0100
PocketCoffea/PocketCoffea/pocket_coffea/lib/weights/weights.py,Mon Mar 18 14:06:25 2024 +0100
PocketCoffea/PocketCoffea/pocket_coffea/lib/reconstruction.py,Thu Nov 10 09:47:55 2022 +0100
PocketCoffea/PocketCoffea/pocket_coffea/lib/leptons.py,Thu Nov 10 09:47:55 2022 +0100
PocketCoffea/PocketCoffea/tests/test_hlt_cut.py,Thu Nov 17 15:00:20 2022 +0100
PocketCoffea/PocketCoffea/tests/test_full_configs/test_custom_weights/custom_cut_functions.py,Thu Jul 25 12:48:39 2024 +0200
PocketCoffea/PocketCoffea/tests/test_full_configs/test_custom_weights/workflow.py,Thu Jul 25 12:48:39 2024 +0200
PocketCoffea/PocketCoffea/tests/test_full_configs/test_new_weights/custom_cut_functions.py,Mon Jul 8 10:08:02 2024 +0200
PocketCoffea/PocketCoffea/tests/test_full_configs/test_new_weights/workflow.py,Mon Jul 8 10:08:02 2024 +0200
PocketCoffea/PocketCoffea/tests/test_weights/test_weights_impl.py,Tue Jul 2 14:47:21 2024 +0200
PocketCoffea/PocketCoffea/tests/test_weights/test_weight_general.py,Mon Jul 1 14:54:21 2024 +0200
PocketCoffea/PocketCoffea/tests/test_categorization.py,Mon Jan 23 12:01:59 2023 +0100
PocketCoffea/PocketCoffea/notebooks/SingleMuon/check_sf_leptons.ipynb,Tue Feb 21 09:04:38 2023 +0100
PocketCoffea/PocketCoffea/notebooks/TestCategorization.ipynb,Tue Jan 24 15:51:24 2023 +0100
PocketCoffea/PocketCoffea/notebooks/electronID.ipynb,Wed Mar 23 23:29:15 2022 +0100
PocketCoffea/PocketCoffea/notebooks/parton_matching.ipynb,Thu Mar 3 15:25:50 2022 +0100
PocketCoffea/PocketCoffea/notebooks/parton_matching_performance_test.ipynb,Thu May 19 13:56:09 2022 +0200
PocketCoffea/PocketCoffea/notebooks/Hist_migration.ipynb,Fri Sep 16 16:01:53 2022 +0200
PocketCoffea/PocketCoffea/notebooks/concatenate.ipynb,Wed Mar 23 23:29:15 2022 +0100
PocketCoffea/PocketCoffea/notebooks/JetPUId.ipynb,Fri Sep 2 17:41:38 2022 +0200
PocketCoffea/PocketCoffea/notebooks/jec.ipynb,Fri Apr 22 23:42:26 2022 +0200
PocketCoffea/PocketCoffea/notebooks/Tutorial.ipynb,Mon Nov 21 11:34:34 2022 +0100
PocketCoffea/PocketCoffea/notebooks/parton_matching_testnumba.ipynb,Fri Sep 16 16:01:53 2022 +0200
PocketCoffea/PocketCoffea/notebooks/save_vectors.ipynb,Mon Apr 11 15:51:58 2022 +0200
PocketCoffea/PocketCoffea/notebooks/jer.ipynb,Wed Jun 1 18:16:41 2022 +0200
PocketCoffea/PocketCoffea/notebooks/jer_test_nanomatched.ipynb,Fri Jun 17 22:20:06 2022 +0200
PocketCoffea/PocketCoffea/notebooks/parton_matching_bpartons.ipynb,Fri Sep 16 16:01:53 2022 +0200
PocketCoffea/PocketCoffea/notebooks/triggers.ipynb,Wed Jun 15 01:28:50 2022 +0200
PocketCoffea/PocketCoffea/notebooks/JetTagging/JetTagging_initial_debug.ipynb,Wed Oct 5 14:54:19 2022 +0200
PocketCoffea/PocketCoffea/notebooks/JetTagging/Dataset_realistic_combinatorial.ipynb,Tue Jan 31 15:41:43 2023 +0100
PocketCoffea/PocketCoffea/notebooks/JetTagging/JetTagging_dataset.ipynb,Wed Oct 5 14:54:19 2022 +0200
PocketCoffea/PocketCoffea/notebooks/JetTagging/InitialPlots.ipynb,Tue Jan 31 13:36:29 2023 +0100
PocketCoffea/PocketCoffea/notebooks/parton_matching_v2.ipynb,Thu May 19 13:56:09 2022 +0200
PocketCoffea/PocketCoffea/notebooks/ttbb.ipynb,Mon Mar 7 16:55:15 2022 +0100
PocketCoffea/PocketCoffea/notebooks/BtagSF.ipynb,Tue Aug 9 17:04:05 2022 +0200
PocketCoffea/PocketCoffea/notebooks/lepton_weights.ipynb,Wed May 18 14:19:11 2022 +0200
PocketCoffea/PocketCoffea/notebooks/jer_test.ipynb,Wed Jun 8 16:22:47 2022 +0200
PocketCoffea/PocketCoffea/notebooks/hist.ipynb,Tue Sep 6 22:43:03 2022 +0200
PocketCoffea/PocketCoffea/notebooks/Jet_selection.ipynb,Wed May 18 15:34:17 2022 +0200
PocketCoffea/PocketCoffea/config/tests/custom_cut_functions.py,Sat Apr 27 20:35:51 2024 +0200
PocketCoffea/PocketCoffea/config/tests/preselection_cuts.py,Sat Apr 27 20:35:51 2024 +0200
pone-software/apollo/apollo/data/events.py,Mon Nov 7 13:32:01 2022 +0100
pone-software/apollo/apollo/data/noise.py,Mon Nov 7 13:32:01 2022 +0100
pone-software/ananke/ananke/services/collection/exporters.py,Mon Feb 27 17:11:37 2023 +0100
pone-software/olympus/examples/simulate_events.ipynb,Fri Feb 11 11:09:16 2022 +0000
pone-software/olympus/olympus/event_generation/photon_propagation/norm_flow_photons.py,Fri Jan 21 18:40:39 2022 +0000
Princeton-AD/cicada/convert-root-to-h5.py,Thu Dec 7 16:37:35 2023 +0100
Princeton-AD/wombat/convert.py,Wed Oct 11 22:15:05 2023 +0200
pviscone/root2torch/root2torch/additional_data.py,Fri Jun 2 03:09:28 2023 +0200
pviscone/Vcb_ditopDecay/utils/coffea_utils/coffea_utils.py,Tue Apr 18 19:59:46 2023 +0200
pviscone/Vcb_ditopDecay/tasks/Muons/classify_bLept_jet/Jet_level/save_Jet_features.py,Wed Apr 12 19:01:35 2023 +0200
pviscone/Vcb_ditopDecay/tasks/Muons/classify_bLept_jet/Event_level/save_event_dataframe.py,Fri Mar 10 12:54:47 2023 +0100
pviscone/Vcb_ditopDecay/tasks/Muons/classify_bLept_jet/Event_level/utils.py,Wed Mar 29 16:19:58 2023 +0200
pviscone/Vcb_ditopDecay/tasks/Muons/ranking/ranking.py,Thu Feb 16 15:20:35 2023 +0100
pviscone/Vcb_ditopDecay/tasks/Muons/neutrino_reco/jet_matching.py,Fri Feb 17 13:10:56 2023 +0100
pviscone/Vcb_ditopDecay/tasks/Muons/neutrino_reco/neutrino_reco.py,Fri Feb 17 12:34:46 2023 +0100
pviscone/Vcb_ditopDecay/tasks/Muons/neutrino_reco/plots.py,Thu Nov 2 13:00:19 2023 +0100
pviscone/Vcb_ditopDecay/tasks/Muons/neutrino_reco/pt.py,Thu Nov 2 13:00:19 2023 +0100
pviscone/Vcb_ditopDecay/tasks/Muons/neutrino_reco/selections.py,Thu Nov 2 13:00:19 2023 +0100
pviscone/Vcb_ditopDecay/tasks/thesis_plots/events.py,Thu Oct 12 20:30:18 2023 +0200
pviscone/Vcb_ditopDecay/tasks/thesis_plots/chap2/plots_jet.py,Fri Nov 3 17:45:10 2023 +0100
pviscone/Vcb_ditopDecay/tasks/thesis_plots/chap2/selections.py,Fri Nov 3 17:45:10 2023 +0100
pviscone/Vcb_ditopDecay/tasks/thesis_plots/chap1/event_selection/cuts.py,Wed Oct 25 15:17:10 2023 +0200
pviscone/Vcb_ditopDecay/tasks/thesis_plots/events23.py,Wed Oct 25 15:17:10 2023 +0200
pviscone/Vcb_ditopDecay/tasks/combine/systematics/compute_norm.py,Tue Sep 5 01:30:39 2023 +0200
pviscone/Vcb_ditopDecay/tasks/combine/systematics/compute_normWeight.py,Fri Sep 1 18:52:50 2023 +0200
pviscone/Vcb_ditopDecay/tasks/combine/systematics/root2score/vary.py,Tue Jul 18 02:14:14 2023 +0200
pviscone/Vcb_ditopDecay/tasks/combine/systematics/root2score/rdf2torch/additional_data.py,Tue Jul 18 02:14:14 2023 +0200
pviscone/Vcb_ditopDecay/tasks/combine/systematics/root2score/rdf2torch/ak_parser.py,Tue Jul 18 02:14:14 2023 +0200
pviscone/Vcb_ditopDecay/tasks/inspect/mistag.py,Wed Sep 13 18:53:38 2023 +0200
pviscone/Vcb_ditopDecay/tasks/inspect/combinatorial_mass.py,Thu Oct 12 20:29:46 2023 +0200
pviscone/Vcb_ditopDecay/tasks/inspect/btag_lf.py,Wed Sep 20 14:23:43 2023 +0200
pviscone/Vcb_ditopDecay/tasks/inspect/mistag_coffea.py,Thu Sep 14 12:43:31 2023 +0200
pviscone/Vcb_ditopDecay/tasks/inspect/cuts.py,Thu Oct 12 20:29:46 2023 +0200
pviscone/Vcb_ditopDecay/tasks/Others/preselection/preselection.py,Thu Apr 20 12:56:24 2023 +0200
pviscone/Vcb_ditopDecay/Miscellaneous/MET/MetPhi_check.py,Sat Apr 1 21:44:53 2023 +0200
python-graphblas/python-graphblas/graphblas/io/_awkward.py,Wed Apr 26 09:35:16 2023 -0500
python-graphblas/python-graphblas/graphblas/io/__init__.py,Wed Apr 26 09:35:16 2023 -0500
python-graphblas/python-graphblas/graphblas/tests/test_io.py,Tue Apr 12 13:00:21 2022 -0500
qbuat/taunet/taunet/utils.py,Tue May 10 02:14:17 2022 +0200
qbuat/taunet/taunet/database.py,Sat May 7 00:02:17 2022 +0200
qismib/QuaKe/src/quake/dataset/generate_utils.py,Tue Mar 1 09:17:12 2022 +0100
r08222011/QML_CMSSW_2015MiniAOD/LocalWorkspace/g_eflow_2pcgnn.ipynb,Sun Jun 25 21:27:38 2023 +0800
r08222011/QML_CMSSW_2015MiniAOD/LocalWorkspace/d_mg5_info.ipynb,Fri Aug 4 12:20:20 2023 +0800
r08222011/QML_CMSSW_2015MiniAOD/LocalWorkspace/old_code/pl_kernel/hep_events.py,Wed Aug 16 09:07:34 2023 +0800
r08222011/QML_CMSSW_2015MiniAOD/LocalWorkspace/old_code/pl_kernel/demo_jet_info.ipynb,Wed Aug 16 09:07:34 2023 +0800
r08222011/QML_CMSSW_2015MiniAOD/LocalWorkspace/old_code/pl_kernel/demo_uproot.ipynb,Wed Aug 16 09:07:34 2023 +0800
r08222011/QML_CMSSW_2015MiniAOD/LocalWorkspace/old_code/pl_kernel/hep_buffer.py,Wed Aug 16 09:07:34 2023 +0800
r08222011/QML_CMSSW_2015MiniAOD/LocalWorkspace/old_code/pl_kernel/pl_arckernel.ipynb,Wed Aug 16 09:07:34 2023 +0800
r08222011/QML_CMSSW_2015MiniAOD/LocalWorkspace/old_code/cms_opendata/d_jet_info.ipynb,Wed Aug 16 09:07:34 2023 +0800
r08222011/QML_CMSSW_2015MiniAOD/LocalWorkspace/old_code/cms_opendata/d_hep_data.py,Wed Aug 16 09:07:34 2023 +0800
r08222011/QML_CMSSW_2015MiniAOD/LocalWorkspace/a.py,Sat Apr 1 13:31:12 2023 +0800
r08222011/QML_CMSSW_2015MiniAOD/LocalWorkspace/d_mg5_data.py,Fri Aug 4 12:20:20 2023 +0800
rachsmith1/NDIVE/diffvert/evaluation/data_graphs.ipynb,Tue Oct 17 18:22:45 2023 -0700
rachsmith1/NDIVE/diffvert/evaluation/vertexing_visualization.ipynb,Tue Oct 17 18:22:45 2023 -0700
radiradev/generator_translation/src/utils/funcs.py,Thu Sep 15 11:02:34 2022 +0200
radiradev/generator_translation/src/preprocess_root.py,Wed Sep 28 16:11:23 2022 +0200
radiradev/generator_translation/src/root_dataloader.py,Tue Jul 12 17:57:42 2022 +0200
radiradev/generator_translation/reweight.py,Thu Sep 15 11:02:34 2022 +0200
raggleton/UHH2-integration/scripts/compareTreeDumps.py,Fri Jan 25 18:33:45 2019 +0100
raggleton/UHH2-integration/scripts/dumpNtuple.py,Thu Jan 24 13:51:03 2019 +0100
ramonbrugman/uproot4/tests/test_0018-array-fetching-interface.py,Tue Jun 2 19:23:49 2020 -0500
ramonbrugman/uproot4/tests/test_0126-turn-unknown-emptyarrays-into-known-types.py,Fri Nov 20 14:46:55 2020 -0600
ramonbrugman/uproot4/tests/test_0034-generic-objects-in-ttrees.py,Wed Jul 1 22:54:07 2020 -0500
ramonbrugman/uproot4/tests/test_0118-fix-name-fetch-again.py,Sat Sep 26 17:39:04 2020 -0500
ramonbrugman/uproot4/tests/test_0053-parents-should-not-be-bases.py,Sun Jul 19 20:08:52 2020 -0500
ramonbrugman/uproot4/tests/test_0044-concatenate-function.py,Tue Jul 7 13:33:34 2020 -0500
ramonbrugman/uproot4/tests/test_0045-lazy-arrays-1.py,Wed Jul 8 20:48:37 2020 -0500
ramonbrugman/uproot4/tests/test_0033-more-interpretations-2.py,Fri Jun 26 19:51:54 2020 -0500
ramonbrugman/uproot4/uproot/streamers.py,Tue Dec 1 15:41:51 2020 -0600
ramonbrugman/uproot4/uproot/extras.py,Tue Dec 1 15:41:51 2020 -0600
ramonbrugman/uproot4/uproot/interpretation/objects.py,Tue Dec 1 15:41:51 2020 -0600
ramonbrugman/uproot4/uproot/interpretation/library.py,Tue Dec 1 15:41:51 2020 -0600
raymondEhlers/pybind11-awkward-array-test/pybind11_awkward/__init__.py,Tue Oct 6 23:46:35 2020 +0200
raymondEhlers/pybind11-awkward-array-test/tests/test_simple.py,Tue Mar 2 17:43:20 2021 +0100
raymondEhlers/JETSCAPE-analysis/tests/test_parsing.py,Tue Apr 27 13:11:36 2021 +0200
raymondEhlers/JETSCAPE-analysis/jetscape_analysis/analysis/reader/parse_ascii.py,Thu Oct 8 22:56:55 2020 -0700
raymondEhlers/pyfastjet/tests/test_fastjet.py,Tue Nov 19 15:46:47 2019 +0100
raymondEhlers/pyfastjet/pyfastjet/__init__.py,Tue Sep 29 15:59:34 2020 +0200
RedOffset6/distributed_hzz/.ipynb_checkpoints/HZZAnalysis-checkpoint.ipynb,Sat Dec 23 17:09:21 2023 +0000
RedOffset6/distributed_hzz/manager/manager.py,Sat Dec 23 17:02:35 2023 +0000
RedOffset6/distributed_hzz/worker/worker.py,Sat Dec 23 17:02:58 2023 +0000
RedOffset6/distributed_hzz/HZZAnalysis.ipynb,Fri Dec 22 16:29:12 2023 +0000
RichardScottOZ/stackstac/stackstac/prepare.py,Wed Mar 10 18:36:56 2021 -0700
rjones30/gluex_moments_analysis/gluex_moments_analysis/buildMomentsMatrix.py,Sat Jul 8 14:23:53 2023 -0400
rkansal47/JetNet-Old/jetnet/utils/utils.py,Sat Sep 18 08:53:59 2021 -0700
rkansal47/HHbbVV/src/runCoffeaCasa.ipynb,Mon Nov 8 17:15:47 2021 -0800
rkansal47/HHbbVV/src/runJetHTTriggerEfficiencies.ipynb,Mon Nov 8 17:15:47 2021 -0800
rkansal47/HHbbVV/src/run.py,Mon Nov 8 17:15:47 2021 -0800
rkansal47/HHbbVV/src/HHbbVV/VBF_binder/VBFgenselection.ipynb,Thu Oct 26 10:25:45 2023 -0500
rkansal47/HHbbVV/src/HHbbVV/VBF_binder/VBFKinematicsStudyRK.ipynb,Fri Mar 15 17:18:14 2024 -0500
rkansal47/HHbbVV/src/HHbbVV/VBF_binder/VBFKinematicsStudy.ipynb,Thu Mar 14 18:07:11 2024 -0500
rkansal47/HHbbVV/src/HHbbVV/postprocessing/corrections.py,Fri Feb 17 15:41:12 2023 +0100
rkansal47/HHbbVV/src/HHbbVV/postprocessing/pickle_scripts/ControlPlots.py,Mon Aug 1 11:12:34 2022 +0200
rkansal47/HHbbVV/src/HHbbVV/postprocessing/pickle_scripts/HybridAnalysis.py,Mon Aug 1 11:12:34 2022 +0200
rkansal47/HHbbVV/src/HHbbVV/corrections/TriggerSFs.ipynb,Mon Oct 10 06:38:16 2022 -0500
rkansal47/HHbbVV/src/HHbbVV/processors/TaggerInference.py,Mon Nov 8 17:14:15 2021 -0800
rkansal47/HHbbVV/src/HHbbVV/processors/corrections.py,Mon Nov 8 17:14:15 2021 -0800
rkansal47/HHbbVV/src/HHbbVV/processors/debug_scores_rk.ipynb,Tue Jan 31 10:25:39 2023 +0100
rkansal47/HHbbVV/src/HHbbVV/processors/TaggerInputSkimmer.py,Fri Mar 11 19:24:30 2022 -0600
rkansal47/HHbbVV/src/HHbbVV/processors/XHYProcessor.py,Fri Mar 10 02:29:53 2023 +0530
rkansal47/HHbbVV/src/HHbbVV/processors/SemiResolvedVetoGenStudy.ipynb,Thu Feb 22 16:45:39 2024 -0600
rkansal47/HHbbVV/src/HHbbVV/processors/JetHTTriggerEfficienciesProcessor.py,Mon Nov 8 17:14:15 2021 -0800
rkansal47/HHbbVV/src/HHbbVV/processors/bbVVSkimmer.py,Mon Nov 8 17:14:15 2021 -0800
rkansal47/HHbbVV/src/HHbbVV/processors/utils.py,Wed Nov 10 15:35:20 2021 -0800
rkansal47/HHbbVV/src/HHbbVV/processors/GenSelection.py,Wed Feb 9 12:55:10 2022 -0800
rkansal47/HHbbVV/src/HHbbVV/processors/TTScaleFactorsSkimmer.py,Fri Nov 18 18:02:21 2022 +0100
rkansal47/HHbbVV/src/HHbbVV/processors/GenSelection.ipynb,Thu Mar 2 20:02:51 2023 +0100
rkansal47/HHbbVV/src/HHbbVV/scale_factors/gen_clustering.ipynb,Thu Oct 20 11:14:10 2022 +0200
rkansal47/HHbbVV/src/HHbbVV/scale_factors/top_reweighting.ipynb,Mon Nov 14 07:11:30 2022 -0600
rkansal47/HHbbVV/src/HHbbVV/scale_factors/VV_reweighting.ipynb,Thu Feb 2 05:07:17 2023 -0600
rkansal47/HHbbVV/src/HHbbVV/tagger/high_mass_check.ipynb,Wed Jun 7 13:49:42 2023 -0500
rkansal47/HHbbVV/src/binder/VBFPlots.ipynb,Mon May 13 21:38:04 2024 -0700
rkansal47/HHbbVV/src/binder/plotTrigEffs.ipynb,Mon Nov 8 17:14:15 2021 -0800
rmg55/stackstac/stackstac/prepare.py,Wed Mar 10 18:36:56 2021 -0700
robintw/stackstac/stackstac/prepare.py,Wed Mar 10 18:36:56 2021 -0700
Robsution/CICADASectioned/convert-root-to-h5.py,Thu Dec 7 16:37:35 2023 +0100
Robsution/CICADASectioned/forked-convert-root-to-h5.py,Mon Jul 8 14:55:39 2024 +0200
rodralva/HNL_lan_ana_macros/.ipynb_checkpoints/test-checkpoint.ipynb,Fri Mar 1 16:31:25 2024 -0600
rodralva/HNL_lan_ana_macros/test.ipynb,Wed Dec 6 16:26:48 2023 -0300
rodralva/HNL_lan_ana_macros/BDT_test.ipynb,Fri Mar 1 16:31:25 2024 -0600
rodralva/HNL_lan_ana_macros/aux_functions.py,Wed Dec 6 16:26:48 2023 -0300
rodralva/HNL_lan_ana_macros/cut_functions.py,Wed Dec 6 16:26:48 2023 -0300
rodralva/HNL_lan_ana_macros/cuts.py,Wed Dec 6 17:31:30 2023 -0300
roy-cruz/PURSUE-scikithep/notebooks/nb5_vecthist.ipynb,Sun Jun 2 23:27:57 2024 -0500
roy-cruz/PURSUE-scikithep/notebooks/nb1_uprootIO.ipynb,Sun Jun 2 18:35:46 2024 -0500
roy-cruz/PURSUE-scikithep/notebooks/nb3_combinatronics.ipynb,Sun Jun 2 18:35:46 2024 -0500
roy-cruz/PURSUE-scikithep/notebooks/project-workbook.ipynb,Sun Jun 2 18:35:46 2024 -0500
roy-cruz/PURSUE-scikithep/notebooks/nb4_dimuons.ipynb,Sun Jun 2 18:35:46 2024 -0500
RUB-EP1/pawian-tools/src/pawian/data.py,Fri Aug 14 19:55:08 2020 +0200
ruelasvh/hh/hh/nonresonantresolved/processbatches.py,Wed Nov 1 20:56:03 2023 +0100
ruelasvh/hh/hh/nonresonantresolved/fillhists.py,Wed Nov 1 20:56:03 2023 +0100
ruelasvh/hh/hh/nonresonantresolved/selection.py,Wed Nov 1 20:56:03 2023 +0100
ruelasvh/hh/hh/shared/utils.py,Wed Nov 1 20:56:03 2023 +0100
ruelasvh/hh/hh/dump/processbatches.py,Wed Nov 1 20:56:03 2023 +0100
ruelasvh/hh/cli/dump.py,Fri Sep 1 13:54:49 2023 +0200
ruelasvh/plot-hh4b-analysis/hh/nonresonantresolved/processbatches.py,Wed Nov 1 20:56:03 2023 +0100
ruelasvh/plot-hh4b-analysis/hh/nonresonantresolved/fillhists.py,Wed Nov 1 20:56:03 2023 +0100
ruelasvh/plot-hh4b-analysis/hh/nonresonantresolved/selection.py,Wed Nov 1 20:56:03 2023 +0100
ruelasvh/plot-hh4b-analysis/hh/shared/utils.py,Wed Nov 1 20:56:03 2023 +0100
ruelasvh/plot-hh4b-analysis/hh/dump/processbatches.py,Wed Nov 1 20:56:03 2023 +0100
ruelasvh/plot-hh4b-analysis/cli/dump.py,Fri Sep 1 13:54:49 2023 +0200
rutvij26/React_Projects/Production_Schedule_Backend/flask_api.py,Fri Jul 15 20:45:52 2022 -0400
SamuelLarkin/nessie/tests/test_methods.py,Sat Jan 29 20:52:09 2022 +0100
SamuelLarkin/nessie/tests/test_task_support_span_labeling.py,Tue Mar 1 23:12:41 2022 +0100
SamuelLarkin/nessie/tests/conftest.py,Wed Feb 2 13:09:44 2022 +0100
SamuelLarkin/nessie/tests/test_models.py,Tue Feb 1 11:24:07 2022 +0100
SamuelLarkin/nessie/tests/test_evaluation.py,Fri Feb 11 20:09:35 2022 +0100
SamuelLarkin/nessie/nessie/helper.py,Sat Feb 12 01:40:06 2022 +0100
SamuelLarkin/nessie/nessie/task_support/span_labeling.py,Tue Mar 1 23:12:41 2022 +0100
SamuelLarkin/nessie/nessie/dataloader.py,Sat Jan 29 20:52:09 2022 +0100
SamuelLarkin/nessie/nessie/models/tagging/maxent_sequence_tagger.py,Tue Feb 1 11:24:07 2022 +0100
SamuelLarkin/nessie/nessie/models/tagging/dummy_sequence_classifier.py,Wed Mar 9 18:35:44 2022 +0100
SamuelLarkin/nessie/nessie/models/tagging/flair_sequence_tagger.py,Tue Feb 1 11:24:07 2022 +0100
SamuelLarkin/nessie/nessie/models/tagging/transformer_sequence_tagger.py,Tue Feb 1 11:24:07 2022 +0100
SamuelLarkin/nessie/nessie/models/tagging/handcrafted_crf_sequence_tagger.py,Tue Feb 1 11:24:07 2022 +0100
SamuelLarkin/nessie/nessie/models/featurizer.py,Tue Feb 1 11:24:07 2022 +0100
SamuelLarkin/nessie/nessie/models/model.py,Tue Feb 1 11:24:07 2022 +0100
SamuelLarkin/nessie/nessie/detectors/variational_principle.py,Wed Feb 2 15:11:39 2022 +0100
SamuelLarkin/nessie/nessie/detectors/datamap_confidence.py,Thu Feb 3 12:10:16 2022 +0100
SamuelLarkin/nessie/nessie/types.py,Sat Jan 29 20:52:09 2022 +0100
SamuelLarkin/nessie/notebooks/methods.ipynb,Thu Mar 10 19:03:44 2022 +0100
Saransh-cpp/cuda-histogram/tests/test_hist_tools.py,Fri Jul 5 00:44:42 2024 +0530
Saransh-cpp/cuda-histogram/src/cuda_histogram/hist.py,Tue Jul 23 20:41:43 2024 +0530
Saransh-cpp/cuda-histogram/src/cuda_histogram/axis/__init__.py,Tue Jul 23 20:41:43 2024 +0530
Saransh-cpp/PyHEP22-Constructing-HEP-vectors-and-analyzing-HEP-data-using-Vector/talk.ipynb,Wed Sep 7 14:55:44 2022 +0530
SBNSoftware/sbncode/sbncode/NuMuSelection/jupyter-ana/sbnd-overlay-eff.ipynb,Fri Jan 22 16:13:17 2021 -0600
SBNSoftware/sbncode/sbncode/NuMuSelection/jupyter-ana/sbnd-overlay-primarytrack-ana.ipynb,Fri Jan 22 16:13:17 2021 -0600
SBNSoftware/sbncode/sbncode/NuMuSelection/jupyter-ana/sbnd-CRT-Veto-Study.ipynb,Fri Jan 22 16:13:17 2021 -0600
SBNSoftware/sbncode/sbncode/NuMuSelection/jupyter-ana/sbnd-combined-ana.ipynb,Fri Jan 22 16:13:17 2021 -0600
SBNSoftware/sbncode/sbncode/NuMuSelection/jupyter-ana/sbnd-overlay-ana.ipynb,Fri Jan 22 16:13:17 2021 -0600
SBNSoftware/sbncode/sbncode/NuMuSelection/jupyter-ana/helpers.py,Fri Jan 22 16:13:17 2021 -0600
SBNSoftware/sbncode/sbncode/TPCReco/CalorimetryAnalysis/CaloAna_Demo.ipynb,Fri Jan 22 16:02:27 2021 -0600
scikit-hep/fastjet/tests/test_008-dask.py,Fri Apr 14 08:55:10 2023 -0500
scikit-hep/fastjet/tests/test_002-exclusive_jets.py,Sat Jun 5 18:04:51 2021 +0530
scikit-hep/fastjet/tests/test_005_sorting.py,Sat Jun 12 14:29:02 2021 +0530
scikit-hep/fastjet/tests/test_004-exclusive_single-out.py,Tue Jun 8 12:06:31 2021 +0530
scikit-hep/fastjet/tests/test_006-jet_input.py,Thu Jun 17 16:02:53 2021 +0530
scikit-hep/fastjet/tests/test_001-basic_clustering.py,Thu Jun 3 12:31:44 2021 +0530
scikit-hep/fastjet/tests/test_006-misc.py,Mon Jun 21 11:41:01 2021 +0530
scikit-hep/fastjet/tests/test_007-general.py,Sat Jul 24 15:29:07 2021 +0530
scikit-hep/fastjet/tests/test_003-vector.py,Sat Jun 5 18:04:51 2021 +0530
scikit-hep/fastjet/src/fastjet/_generalevent.py,Sat Jul 24 15:29:07 2021 +0530
scikit-hep/fastjet/src/fastjet/_multievent.py,Sun May 30 12:54:55 2021 +0530
scikit-hep/fastjet/src/fastjet/_utils.py,Sat Jun 12 14:29:02 2021 +0530
scikit-hep/fastjet/src/fastjet/__init__.py,Thu Apr 15 10:17:35 2021 -0500
scikit-hep/fastjet/src/fastjet/_pyjet.py,Tue Jun 29 12:07:23 2021 +0530
scikit-hep/fastjet/src/fastjet/_singleevent.py,Sun May 30 12:54:55 2021 +0530
scikit-hep/awkward/docs/conf.py,Fri Nov 18 15:03:23 2022 +0000
scikit-hep/awkward/docs/getting-started/uproot-awkward-columnar-hats.ipynb,Fri Apr 26 18:49:55 2024 -0500
scikit-hep/awkward/docs/getting-started/thinking-in-arrays.ipynb,Fri Apr 26 18:49:55 2024 -0500
scikit-hep/awkward/docs/getting-started/jagged-ragged-awkward-arrays.ipynb,Fri Apr 26 18:49:55 2024 -0500
scikit-hep/awkward/docs/user-guide/how-to-use-in-cpp-cppyy.ipynb,Tue Nov 14 10:31:36 2023 +0000
scikit-hep/awkward/docs/user-guide/how-to-use-in-numba-cuda.ipynb,Fri Mar 3 16:04:42 2023 +0000
scikit-hep/awkward/tests-cuda/test_3136_cuda_reducers.py,Tue Jun 25 10:30:36 2024 -0500
scikit-hep/awkward/tests-cuda/test_1276_cupy_interop.py,Mon Feb 20 11:32:46 2023 -0600
scikit-hep/awkward/tests-cuda/test_3130_cuda_listarray_getitem_next.py,Wed May 29 20:27:14 2024 +0000
scikit-hep/awkward/tests-cuda/test_3150_combinations_n_equal_2.py,Fri Jul 19 17:06:13 2024 +0200
scikit-hep/awkward/tests-cuda/test_2922a_new_cuda_kernels.py,Thu Mar 28 14:10:29 2024 -0500
scikit-hep/awkward/tests-cuda/test_1276_cuda_num.py,Mon Feb 20 11:32:46 2023 -0600
scikit-hep/awkward/tests-cuda/test_3149_complex_reducers.py,Fri Jul 19 17:59:15 2024 +0200
scikit-hep/awkward/tests-cuda/test_1381_check_errors.py,Mon Feb 20 11:32:46 2023 -0600
scikit-hep/awkward/tests-cuda/test_3140_cuda_jagged_and_masked_getitem.py,Wed Jun 5 17:15:00 2024 +0200
scikit-hep/awkward/tests-cuda/test_3065a_cuda_kernels.py,Thu Apr 4 12:09:24 2024 +0200
scikit-hep/awkward/tests-cuda/test_2922b_new_cuda_kernels.py,Thu Mar 28 14:10:29 2024 -0500
scikit-hep/awkward/tests-cuda/test_3140_cuda_slicing.py,Wed Jun 5 17:15:00 2024 +0200
scikit-hep/awkward/tests-cuda/test_3162_block_boundary_reducers.py,Fri Jul 19 17:59:15 2024 +0200
scikit-hep/awkward/tests-cuda/test_3136_cuda_argmin_and_argmax.py,Tue Jun 25 10:30:36 2024 -0500
scikit-hep/awkward/tests-cuda/test_3115_array_typed_cuda_jit.py,Mon May 20 23:06:00 2024 -0500
scikit-hep/awkward/tests-cuda/test_2649_dlpack_support.py,Tue May 28 14:15:20 2024 +0000
scikit-hep/awkward/tests-cuda/test_2327_array_interface.py,Tue May 28 14:15:20 2024 +0000
scikit-hep/awkward/tests-cuda/test_1809_array_cuda_jit.py,Mon Feb 20 11:32:46 2023 -0600
scikit-hep/awkward/tests-cuda/test_1300_same_for_numba_cuda.py,Thu Feb 23 17:52:43 2023 +0000
scikit-hep/awkward/tests-cuda/test_3141_cuda_misc.py,Fri Jun 7 09:39:10 2024 +0200
scikit-hep/awkward/tests-cuda/test_3065b_cuda_kernels.py,Thu Apr 4 12:09:24 2024 +0200
scikit-hep/awkward/tests-cuda/test_1276_from_cupy.py,Mon Feb 20 11:32:46 2023 -0600
scikit-hep/awkward/tests-cuda/test_3162_cuda_generic_reducer_operation.py,Tue Jun 25 12:19:17 2024 -0500
scikit-hep/awkward/tests-cuda/test_3086_cuda_concatenate.py,Thu May 2 15:11:01 2024 +0000
scikit-hep/awkward/tests-cuda/test_3065c_cuda_kernels.py,Thu Apr 4 12:09:24 2024 +0200
scikit-hep/awkward/tests-cuda/test_1276_cuda_transfers.py,Mon Feb 20 11:32:46 2023 -0600
scikit-hep/awkward/studies/DifferentiableArray-for-JAX.py,Tue Feb 23 02:21:30 2021 +0000
scikit-hep/awkward/studies/type-parser-2/parser.py,Thu Jun 23 17:34:57 2022 -0500
scikit-hep/awkward/studies/awkward_cupy_perfscript.py,Mon Mar 21 09:24:19 2022 -0500
scikit-hep/awkward/studies/chep-2019/make-numerical-json.py,Mon Nov 4 07:35:47 2019 +1030
scikit-hep/awkward/studies/chep-2019/chep2019-studies.py,Mon Nov 4 07:35:47 2019 +1030
scikit-hep/awkward/studies/chep-2019/read-numerical-json.py,Mon Nov 4 07:35:47 2019 +1030
scikit-hep/awkward/studies/chep-2019/chep2019-studies-2.py,Mon Nov 4 07:35:47 2019 +1030
scikit-hep/awkward/studies/avro-experiments.ipynb,Fri Jun 10 09:09:33 2022 -0500
scikit-hep/awkward/studies/TypedArrayBuilder-forth-test.py,Tue Mar 2 14:09:17 2021 +0000
scikit-hep/awkward/studies/awkward-forth-performance/forth-read-jagged2-avro.py,Fri Jan 22 22:36:33 2021 -0600
scikit-hep/awkward/studies/awkward-forth-performance/pyarrow-read-jaggedN-parquet.py,Fri Jan 22 22:36:33 2021 -0600
scikit-hep/awkward/studies/awkward-forth-performance/forth-read-jagged2-root.py,Fri Jan 22 22:36:33 2021 -0600
scikit-hep/awkward/studies/awkward-forth-performance/forth-read-jagged1-root.py,Fri Jan 22 22:36:33 2021 -0600
scikit-hep/awkward/studies/awkward-forth-performance/forth-read-jagged1-avro.py,Fri Jan 22 22:36:33 2021 -0600
scikit-hep/awkward/studies/awkward-forth-performance/forth-read-jagged3-root.py,Fri Jan 22 22:36:33 2021 -0600
scikit-hep/awkward/studies/awkward-forth-performance/forth-root-parallel.py,Sun Jan 24 15:35:13 2021 -0600
scikit-hep/awkward/studies/awkward-forth-performance/make-data/make_jagged2_avro.py,Fri Jan 22 22:36:33 2021 -0600
scikit-hep/awkward/studies/awkward-forth-performance/make-data/make_jagged2_parquet.py,Fri Jan 22 22:36:33 2021 -0600
scikit-hep/awkward/studies/awkward-forth-performance/make-data/make_jagged1_parquet.py,Fri Jan 22 22:36:33 2021 -0600
scikit-hep/awkward/studies/awkward-forth-performance/make-data/make_jagged3_avro.py,Fri Jan 22 22:36:33 2021 -0600
scikit-hep/awkward/studies/awkward-forth-performance/make-data/make_jagged1_avro.py,Fri Jan 22 22:36:33 2021 -0600
scikit-hep/awkward/studies/awkward-forth-performance/make-data/make_jagged0_avro.py,Fri Jan 22 22:36:33 2021 -0600
scikit-hep/awkward/studies/awkward-forth-performance/make-data/make_jagged0_parquet.py,Fri Jan 22 22:36:33 2021 -0600
scikit-hep/awkward/studies/awkward-forth-performance/make-data/make_jagged3_parquet.py,Fri Jan 22 22:36:33 2021 -0600
scikit-hep/awkward/studies/awkward-forth-performance/forth-read-jagged3-avro.py,Fri Jan 22 22:36:33 2021 -0600
scikit-hep/awkward/studies/awkward-forth-performance/forth-read-jaggedN-parquet.py,Fri Jan 22 22:36:33 2021 -0600
scikit-hep/awkward/studies/awkward-forth-performance/forth-read-jagged0-avro.py,Fri Jan 22 22:36:33 2021 -0600
scikit-hep/awkward/studies/awkward-forth-performance/forth-read-jagged0-root.py,Fri Jan 22 22:36:33 2021 -0600
scikit-hep/awkward/studies/awkward-forth/virtual-machine.py,Mon Jan 4 12:09:47 2021 -0600
scikit-hep/awkward/studies/cudf-to-awkward.py,Fri Feb 16 17:36:11 2024 -0600
scikit-hep/awkward/studies/templated-LayoutBuilder/prototype-in-python.py,Tue Jul 26 00:10:16 2022 +0200
scikit-hep/awkward/studies/jax_sum.py,Mon Apr 19 18:13:25 2021 +0000
scikit-hep/awkward/studies/type-parser-1.5/parser.py,Fri Jan 12 10:47:34 2024 -0600
scikit-hep/awkward/studies/type-parser/parser.py,Sun Feb 28 21:58:28 2021 +0000
scikit-hep/awkward/studies/lazy-parquet-with-form.py,Fri Jan 29 23:49:56 2021 -0600
scikit-hep/awkward/studies/scalar.py,Wed May 18 15:21:17 2022 +0000
scikit-hep/awkward/studies/jax_getitem.py,Wed Mar 24 16:59:36 2021 +0000
scikit-hep/awkward/dev/generate-tests.py,Mon Aug 24 08:38:07 2020 -0500
scikit-hep/awkward/dev/generate-kernel-signatures.py,Mon Jun 28 19:12:16 2021 -0500
scikit-hep/awkward/tests/test_2856_export_remove_structure_and_prettyprint.py,Tue Jun 18 14:58:49 2024 -0600
scikit-hep/awkward/tests/test_1709_ak_array_constructor_behavior.py,Fri Dec 30 17:01:09 2022 +0000
scikit-hep/awkward/tests/test_2650_arrow_array_highlevel.py,Tue Aug 15 23:11:35 2023 +0100
scikit-hep/awkward/tests/test_1000_fixes_argmax_for_ListOffsetArray_with_nonzero_start.py,Fri Dec 30 17:01:09 2022 +0000
scikit-hep/awkward/tests/test_0835_datetime_type_pandas.py,Fri Dec 30 17:01:09 2022 +0000
scikit-hep/awkward/tests/test_2928_nested_cartesian_record.py,Thu Jan 11 08:48:36 2024 +0000
scikit-hep/awkward/tests/test_2293_unflatten_typetracer.py,Thu Mar 9 00:20:52 2023 +0000
scikit-hep/awkward/tests/test_1447_jax_autodiff_slices_ufuncs.py,Fri Dec 30 17:01:09 2022 +0000
scikit-hep/awkward/tests/test_1904_drop_none.py,Fri Dec 30 17:01:09 2022 +0000
scikit-hep/awkward/tests/test_2759_update_class_consistently.py,Mon Oct 16 12:08:16 2023 -0500
scikit-hep/awkward/tests/test_1791_reduce_trailing_sublist.py,Fri Dec 30 17:01:09 2022 +0000
scikit-hep/awkward/tests/test_1794_run_lengths_empty_sublist.py,Fri Dec 30 17:01:09 2022 +0000
scikit-hep/awkward/tests/test_1677_array_builder_in_numba.py,Fri Dec 30 17:01:09 2022 +0000
scikit-hep/awkward/tests/test_2772_parquet_extn_array_metadata.py,Mon May 27 13:10:57 2024 -0600
scikit-hep/awkward/tests/test_1671_categorical_type.py,Fri Dec 30 17:01:09 2022 +0000
scikit-hep/awkward/tests/test_1928_replace_simplify_method_with_classmethod_constructor.py,Fri Dec 30 17:01:09 2022 +0000
scikit-hep/awkward/tests/test_2425_forms_from_type.py,Wed Apr 26 08:23:33 2023 +0000
scikit-hep/awkward/tests/test_0493_zeros_ones_full_like.py,Fri Dec 30 17:01:09 2022 +0000
scikit-hep/awkward/tests/test_2765_slice_from_typetracer.py,Fri Oct 27 10:31:37 2023 +0100
scikit-hep/awkward/tests/test_2365_enforce_type.py,Fri May 5 15:31:49 2023 +0000
scikit-hep/awkward/tests/test_2656_unflatten_axis_typetracer.py,Thu Aug 17 20:55:43 2023 +0100
scikit-hep/awkward/tests/test_0124_strings_in_numba.py,Fri Dec 30 17:01:09 2022 +0000
scikit-hep/awkward/tests/test_3028_mask_bitmaskedarray.py,Tue Feb 20 17:02:30 2024 -0600
scikit-hep/awkward/tests/test_3059_boolean_kernels.py,Sat Apr 20 21:38:58 2024 +0200
scikit-hep/awkward/tests/test_1613_generator_tolayout_records.py,Fri Dec 30 17:01:09 2022 +0000
scikit-hep/awkward/tests/test_2108_fill_none_indexed.py,Thu Jan 12 13:46:55 2023 -0600
scikit-hep/awkward/tests/test_0331_pandas_indexedarray.py,Fri Dec 30 17:01:09 2022 +0000
scikit-hep/awkward/tests/test_2340_unknown_type_to_arrow_and_back.py,Mon Apr 29 11:30:28 2024 -0600
scikit-hep/awkward/tests/test_1829_to_from_rdataframe_bool.py,Fri Dec 30 17:01:09 2022 +0000
scikit-hep/awkward/tests/test_1504_typetracer_like.py,Fri Dec 30 17:01:09 2022 +0000
scikit-hep/awkward/tests/test_0499_getitem_indexedarray_bug.py,Fri Dec 30 17:01:09 2022 +0000
scikit-hep/awkward/tests/test_2769_argsort_all_none.py,Tue Oct 24 17:02:06 2023 +0000
scikit-hep/awkward/tests/test_1735_from_numpy_mask.py,Fri Dec 30 17:01:09 2022 +0000
scikit-hep/awkward/tests/test_1440_start_v2_to_parquet.py,Fri Dec 30 17:01:09 2022 +0000
scikit-hep/awkward/tests/test_2246_slice_not_packed.py,Thu Feb 16 06:57:26 2023 +0000
scikit-hep/awkward/tests/test_2250_full_like_bool.py,Thu Feb 16 22:25:31 2023 +0000
scikit-hep/awkward/tests/test_1826_ravel_preserve_none.py,Fri Dec 30 17:01:09 2022 +0000
scikit-hep/awkward/tests/test_2188_values_astype_turns_EmptyArray_into_NumpyArray.py,Sat Feb 4 00:23:25 2023 +0000
scikit-hep/awkward/tests/test_1405_slicing_untested_cases.py,Fri Dec 30 17:01:09 2022 +0000
scikit-hep/awkward/tests/test_2104_numpy_merge_option.py,Thu Jan 12 13:42:54 2023 -0600
scikit-hep/awkward/tests/test_2803_string_formatter.py,Tue Nov 7 21:43:47 2023 +0000
scikit-hep/awkward/tests/test_1586_concatenate_should_preserve_regulararray.py,Fri Dec 30 17:01:09 2022 +0000
scikit-hep/awkward/tests/test_0028_add_dressed_types.py,Fri Dec 30 17:01:09 2022 +0000
scikit-hep/awkward/tests/test_1790_reduce_regulararray.py,Fri Dec 30 17:01:09 2022 +0000
scikit-hep/awkward/tests/test_0930_bug_in_unionarray_purelist_parameter.py,Fri Dec 30 17:01:09 2022 +0000
scikit-hep/awkward/tests/test_1867_pass_behavior_through_combinations.py,Fri Dec 30 17:01:09 2022 +0000
scikit-hep/awkward/tests/test_2266_fix_nan_to_num.py,Thu Feb 23 16:11:02 2023 +0000
scikit-hep/awkward/tests/test_0527_fix_unionarray_ufuncs_and_parameters_in_merging.py,Fri Dec 30 17:01:09 2022 +0000
scikit-hep/awkward/tests/test_0334_fully_broadcastable_where.py,Fri Dec 30 17:01:09 2022 +0000
scikit-hep/awkward/tests/test_2918_fix_var_axis_not_minus_one.py,Fri Jan 12 17:01:50 2024 +0000
scikit-hep/awkward/tests/test_2364_empty_list_of_string.py,Wed May 10 09:50:39 2023 +0100
scikit-hep/awkward/tests/test_2683_to_and_from_feather.py,Tue Sep 19 03:12:21 2023 +0000
scikit-hep/awkward/tests/test_2226_slice_regulararray_typetracer.py,Tue Feb 7 23:45:58 2023 +0000
scikit-hep/awkward/tests/test_2837_ufunc_attrs_behavior.py,Thu Nov 16 22:10:37 2023 +0000
scikit-hep/awkward/tests/test_2067_to_buffers_byteorder.py,Tue Jan 10 10:17:14 2023 +0000
scikit-hep/awkward/tests/test_0107_assign_fields_to_records.py,Fri Dec 30 17:01:09 2022 +0000
scikit-hep/awkward/tests/test_1753_indexedarray_merge_kernel.py,Fri Dec 30 17:01:09 2022 +0000
scikit-hep/awkward/tests/test_0794_ak_cartesian_on_empty_array.py,Fri Dec 30 17:01:09 2022 +0000
scikit-hep/awkward/tests/test_0511_copy_and_deepcopy.py,Fri Dec 30 17:01:09 2022 +0000
scikit-hep/awkward/tests/test_1449_v2_to_json_from_json_functions.py,Fri Dec 30 17:01:09 2022 +0000
scikit-hep/awkward/tests/test_0404_array_validity_check.py,Fri Dec 30 17:01:09 2022 +0000
scikit-hep/awkward/tests/test_0773_typeparser.py,Fri Dec 30 17:01:09 2022 +0000
scikit-hep/awkward/tests/test_0906_arrow_fixed_size_list_type.py,Fri Dec 30 17:01:09 2022 +0000
scikit-hep/awkward/tests/test_0982_missing_case_in_nonlocal_reducers.py,Fri Dec 30 17:01:09 2022 +0000
scikit-hep/awkward/tests/test_0914_types_and_forms.py,Fri Dec 30 17:01:09 2022 +0000
scikit-hep/awkward/tests/test_2258_from_rdataframe_with_arguments.py,Wed Feb 22 15:40:51 2023 +0000
scikit-hep/awkward/tests/test_0163_negative_axis_wrap.py,Fri Dec 30 17:01:09 2022 +0000
scikit-hep/awkward/tests/test_0889_ptp.py,Fri Dec 30 17:01:09 2022 +0000
scikit-hep/awkward/tests/test_0975_mask_multidimensional_numpy_array.py,Fri Dec 30 17:01:09 2022 +0000
scikit-hep/awkward/tests/test_2082_broadcast_zero_size.py,Fri Jan 6 23:08:22 2023 +0000
scikit-hep/awkward/tests/test_0401_add_categorical_type_for_arrow_dictionary.py,Fri Dec 30 17:01:09 2022 +0000
scikit-hep/awkward/tests/test_1193_is_none_nested_option.py,Fri Dec 30 17:01:09 2022 +0000
scikit-hep/awkward/tests/test_1766_record_form_fields.py,Fri Dec 30 17:01:09 2022 +0000
scikit-hep/awkward/tests/test_0079_argchoose_and_choose.py,Fri Dec 30 17:01:09 2022 +0000
scikit-hep/awkward/tests/test_0559_fix_booleans_in_numba.py,Fri Dec 30 17:01:09 2022 +0000
scikit-hep/awkward/tests/test_2426_is_equal_to.py,Tue Apr 25 13:44:47 2023 -0500
scikit-hep/awkward/tests/test_1703_fill_none_typetracer.py,Fri Dec 30 17:01:09 2022 +0000
scikit-hep/awkward/tests/test_2346_broadcast_depth_limit.py,Thu Mar 30 20:19:42 2023 +0100
scikit-hep/awkward/tests/test_2304_index_typetracer.py,Fri Mar 10 16:36:59 2023 +0000
scikit-hep/awkward/tests/test_2898_to_parquet_dataset.py,Wed Mar 20 21:36:28 2024 +0000
scikit-hep/awkward/tests/test_0582_propagate_context_in_broadcast_and_apply.py,Fri Dec 30 17:01:09 2022 +0000
scikit-hep/awkward/tests/test_2518_datetime_units_as_parameter.py,Sat Jun 10 16:52:33 2023 +0000
scikit-hep/awkward/tests/test_0072_fillna_operation.py,Tue Mar 17 13:53:52 2020 -0500
scikit-hep/awkward/tests/test_0723_ensure_that_jagged_slice_fits_array_length.py,Fri Dec 30 17:01:09 2022 +0000
scikit-hep/awkward/tests/test_3154_parquet_subcolumn_select.py,Mon Jun 24 15:19:14 2024 -0600
scikit-hep/awkward/tests/test_2329_cartesian_broadcasting_fixes.py,Tue Mar 21 15:06:59 2023 +0000
scikit-hep/awkward/tests/test_0014_finish_up_getitem.py,Fri Dec 30 17:01:09 2022 +0000
scikit-hep/awkward/tests/test_2806_attrs_typetracer.py,Wed Nov 8 22:02:18 2023 +0000
scikit-hep/awkward/tests/test_2306_cppyy_jit.py,Mon Aug 14 14:36:02 2023 +0100
scikit-hep/awkward/tests/test_0992_correct_ptp_unmasking.py,Fri Dec 30 17:01:09 2022 +0000
scikit-hep/awkward/tests/test_1943_regular_indexing.py,Fri Dec 30 17:01:09 2022 +0000
scikit-hep/awkward/tests/test_0766_prevent_combinations_of_characters.py,Fri Dec 30 17:01:09 2022 +0000
scikit-hep/awkward/tests/test_0021_emptyarray.py,Fri Dec 30 17:01:09 2022 +0000
scikit-hep/awkward/tests/test_1240_v2_implementation_of_numba_1.py,Fri Dec 30 17:01:09 2022 +0000
scikit-hep/awkward/tests/test_0089_numpy_functions.py,Fri Dec 30 17:01:09 2022 +0000
scikit-hep/awkward/tests/test_1298_allow_nan_to_num_arguments_to_be_arrays.py,Fri Dec 30 17:01:09 2022 +0000
scikit-hep/awkward/tests/test_0397_arrays_as_constants_in_numba.py,Fri Dec 30 17:01:09 2022 +0000
scikit-hep/awkward/tests/test_0023_regular_array.py,Fri Dec 30 17:01:09 2022 +0000
scikit-hep/awkward/tests/test_1030_mixin_class_name.py,Fri Dec 30 17:01:09 2022 +0000
scikit-hep/awkward/tests/test_2663_broadcast_tuples.py,Mon Aug 21 17:00:25 2023 -0500
scikit-hep/awkward/tests/test_0339_highlevel_sorting_function.py,Fri Dec 30 17:01:09 2022 +0000
scikit-hep/awkward/tests/test_2638_mean_and_count_grads.py,Mon Mar 4 23:24:00 2024 +0000
scikit-hep/awkward/tests/test_2616_use_pyarrow_for_strings.py,Tue Aug 8 18:00:23 2023 +0000
scikit-hep/awkward/tests/test_2724_expected_from_buffers_recursive.py,Tue Oct 3 15:33:53 2023 +0000
scikit-hep/awkward/tests/test_0273_path_for_with_field.py,Fri Dec 30 17:01:09 2022 +0000
scikit-hep/awkward/tests/test_1183_bugs_found_by_dask_project_2.py,Fri Dec 30 17:01:09 2022 +0000
scikit-hep/awkward/tests/test_0224_arrow_to_awkward.py,Fri Dec 30 17:01:09 2022 +0000
scikit-hep/awkward/tests/test_0910_unflatten_counts_relation.py,Fri Dec 30 17:01:09 2022 +0000
scikit-hep/awkward/tests/test_1747_bytemaskedarray_mergemany.py,Fri Dec 30 17:01:09 2022 +0000
scikit-hep/awkward/tests/test_0835_datetime_type.py,Fri Dec 30 17:01:09 2022 +0000
scikit-hep/awkward/tests/test_1944_to_numpy_empty_record_array.py,Fri Dec 30 17:01:09 2022 +0000
scikit-hep/awkward/tests/test_0916_datetime_values_astype.py,Fri Dec 30 17:01:09 2022 +0000
scikit-hep/awkward/tests/test_1006_packed_regular_array_zero_size.py,Fri Dec 30 17:01:09 2022 +0000
scikit-hep/awkward/tests/test_1071_mask_identity_false_should_not_return_option_type.py,Fri Dec 30 17:01:09 2022 +0000
scikit-hep/awkward/tests/test_0815_broadcast_union_types_to_all_possibilities.py,Fri Dec 30 17:01:09 2022 +0000
scikit-hep/awkward/tests/test_0070_argmin_and_argmax.py,Fri Dec 30 17:01:09 2022 +0000
scikit-hep/awkward/tests/test_1017_numpyarray_broadcast.py,Fri Dec 30 17:01:09 2022 +0000
scikit-hep/awkward/tests/test_2917_round.py,Wed Mar 20 22:28:15 2024 +0000
scikit-hep/awkward/tests/test_0674_categorical_validation.py,Fri Dec 30 17:01:09 2022 +0000
scikit-hep/awkward/tests/test_1136_regulararray_zeros_in_shape.py,Fri Dec 30 17:01:09 2022 +0000
scikit-hep/awkward/tests/test_2192_union_absorb_indexed.py,Sun Jun 18 18:34:04 2023 +0100
scikit-hep/awkward/tests/test_0018_fromiter_fillable.py,Fri Dec 30 17:01:09 2022 +0000
scikit-hep/awkward/tests/test_1125_to_arrow_from_arrow.py,Fri Dec 30 17:01:09 2022 +0000
scikit-hep/awkward/tests/test_1508_awkward_from_rdataframe.py,Fri Dec 30 17:01:09 2022 +0000
scikit-hep/awkward/tests/test_1116_project_maskedarrays.py,Fri Dec 30 17:01:09 2022 +0000
scikit-hep/awkward/tests/test_2373_unzip_touching.py,Fri Apr 7 18:59:39 2023 +0000
scikit-hep/awkward/tests/test_1132_utility_methods_for_highlevel_functions.py,Fri Dec 30 17:01:09 2022 +0000
scikit-hep/awkward/tests/test_1345_avro_reader.py,Fri Dec 30 17:01:09 2022 +0000
scikit-hep/awkward/tests/test_2120_missing_field_error.py,Fri Jan 13 18:40:07 2023 +0000
scikit-hep/awkward/tests/test_0447_preserve_regularness_in_reduce.py,Fri Dec 30 17:01:09 2022 +0000
scikit-hep/awkward/tests/test_2623_optiontype_outside_record_strings.py,Wed Aug 9 13:49:34 2023 +0000
scikit-hep/awkward/tests/test_2889_test_chunked_array.py,Mon Dec 11 16:02:29 2023 +0000
scikit-hep/awkward/tests/test_2267_broadcast_fields.py,Mon Feb 27 18:32:57 2023 +0000
scikit-hep/awkward/tests/test_0020_support_unsigned_indexes.py,Fri Dec 30 17:01:09 2022 +0000
scikit-hep/awkward/tests/test_1604_preserve_form_in_concatenate.py,Fri Dec 30 17:01:09 2022 +0000
scikit-hep/awkward/tests/test_0896_content_classes_refactoring.py,Fri Dec 30 17:01:09 2022 +0000
scikit-hep/awkward/tests/test_1765_add_ioanas_test_of_to_arraylib.py,Fri Dec 30 17:01:09 2022 +0000
scikit-hep/awkward/tests/test_0958_new_forms_must_accept_old_form_json.py,Fri Dec 30 17:01:09 2022 +0000
scikit-hep/awkward/tests/test_1559_fix_ufuncs_records_1439.py,Sat Sep 24 13:48:20 2022 +0100
scikit-hep/awkward/tests/test_1688_pack_categorical.py,Fri Dec 30 17:01:09 2022 +0000
scikit-hep/awkward/tests/test_0879_non_primitive_with_field.py,Fri Dec 30 17:01:09 2022 +0000
scikit-hep/awkward/tests/test_1320_mask_identity_defaults.py,Fri Dec 30 17:01:09 2022 +0000
scikit-hep/awkward/tests/test_0788_indexedarray_carrying_recordarray_parameters.py,Fri Dec 30 17:01:09 2022 +0000
scikit-hep/awkward/tests/test_1106_argminmax_axis_None_missing_values.py,Fri Dec 30 17:01:09 2022 +0000
scikit-hep/awkward/tests/test_2055_array_builder_check.py,Sun Jan 1 20:50:39 2023 +0000
scikit-hep/awkward/tests/test_0013_error_handling_struct.py,Fri Dec 30 17:01:09 2022 +0000
scikit-hep/awkward/tests/test_2857_full_like_scalar.py,Thu Nov 30 10:29:29 2023 +0000
scikit-hep/awkward/tests/test_1318_array_function_types.py,Tue Jan 3 18:28:13 2023 +0000
scikit-hep/awkward/tests/test_1300_awkward_to_cpp_converter_with_cling.py,Fri Dec 30 17:01:09 2022 +0000
scikit-hep/awkward/tests/test_0593_preserve_nullability_in_arrow_and_parquet.py,Fri Dec 30 17:01:09 2022 +0000
scikit-hep/awkward/tests/test_1960_awkward_from_rdataframe.py,Fri Dec 30 17:01:09 2022 +0000
scikit-hep/awkward/tests/test_2240_simplify_merge_as_union.py,Mon Feb 20 10:06:39 2023 -0600
scikit-hep/awkward/tests/test_0945_argsort_sort_nan_array.py,Fri Dec 30 17:01:09 2022 +0000
scikit-hep/awkward/tests/test_2424_almost_equal_union_record.py,Tue Apr 25 19:50:51 2023 +0100
scikit-hep/awkward/tests/test_1271_fix_4D_reducers.py,Fri Dec 30 17:01:09 2022 +0000
scikit-hep/awkward/tests/test_1930_unflatten_counts_checks.py,Fri Dec 30 17:01:09 2022 +0000
scikit-hep/awkward/tests/test_2115_fix_up_typetracers.py,Fri Jan 13 00:17:37 2023 +0000
scikit-hep/awkward/tests/test_0496_provide_local_index.py,Fri Dec 30 17:01:09 2022 +0000
scikit-hep/awkward/tests/test_1049_concatenate_single_array.py,Fri Dec 30 17:01:09 2022 +0000
scikit-hep/awkward/tests/test_1607_no_reducers_on_records.py,Sat Sep 24 13:48:20 2022 +0100
scikit-hep/awkward/tests/test_2968_to_parquet_row_groups.py,Wed Jan 31 10:41:14 2024 +0100
scikit-hep/awkward/tests/test_0758_ak_zip_scallars.py,Fri Dec 30 17:01:09 2022 +0000
scikit-hep/awkward/tests/test_2374_cartesian_touching.py,Sat Apr 8 17:51:37 2023 +0100
scikit-hep/awkward/tests/test_2259_run_lengths_typetracer.py,Wed Feb 22 09:14:05 2023 -0600
scikit-hep/awkward/tests/test_2294_view_unknown_scalar.py,Thu Mar 9 14:34:56 2023 +0000
scikit-hep/awkward/tests/test_0290_bug_fixes_for_hats.py,Fri Dec 30 17:01:09 2022 +0000
scikit-hep/awkward/tests/test_0828_arrow_datatype_null.py,Fri Dec 30 17:01:09 2022 +0000
scikit-hep/awkward/tests/test_1961_ak_without_field.py,Fri Dec 30 17:01:09 2022 +0000
scikit-hep/awkward/tests/test_2665_out_of_band_pickle.py,Wed Aug 23 15:05:44 2023 +0000
scikit-hep/awkward/tests/test_1007_from_buffers_empty_ndarray.py,Fri Dec 30 17:01:09 2022 +0000
scikit-hep/awkward/tests/test_2549_list_nominal_type.py,Thu Jun 29 23:21:49 2023 +0100
scikit-hep/awkward/tests/test_1374_to_rdataframe.py,Fri Dec 30 17:01:09 2022 +0000
scikit-hep/awkward/tests/test_2501_positional_record_reducer.py,Tue Jun 6 19:55:15 2023 -0500
scikit-hep/awkward/tests/test_1135_rpad_operation.py,Fri Dec 30 17:01:09 2022 +0000
scikit-hep/awkward/tests/test_2754_highlevel_behavior_missing.py,Fri Oct 13 19:32:21 2023 +0000
scikit-hep/awkward/tests/test_1940_ak_backend.py,Fri Dec 30 17:01:09 2022 +0000
scikit-hep/awkward/tests/test_2319_from_buffers_array.py,Fri Mar 17 00:40:19 2023 +0000
scikit-hep/awkward/tests/test_2654_divmod.py,Thu Aug 17 18:17:37 2023 +0100
scikit-hep/awkward/tests/test_0449_merge_many_arrays_in_one_pass.py,Fri Dec 30 17:01:09 2022 +0000
scikit-hep/awkward/tests/test_2101_pickle_behavior_class.py,Thu Jan 12 08:33:27 2023 +0000
scikit-hep/awkward/tests/test_2027_add_data_touch_reporting_to_TypeTracerArray.py,Fri Dec 30 17:01:09 2022 +0000
scikit-hep/awkward/tests/test_2058_merge_numpy_array.py,Fri Jan 6 14:04:57 2023 +0000
scikit-hep/awkward/tests/test_2649_dlpack_support.py,Wed Aug 16 21:27:05 2023 +0100
scikit-hep/awkward/tests/test_2047_ak_transform_regular_to_jagged.py,Fri Dec 30 18:28:41 2022 +0000
scikit-hep/awkward/tests/test_2815_return_scalar_firsts.py,Mon Nov 13 16:12:22 2023 +0000
scikit-hep/awkward/tests/test_2070_to_layout_string.py,Tue Jan 10 17:03:30 2023 +0000
scikit-hep/awkward/tests/test_2296_duplicate_field.py,Wed May 10 09:51:26 2023 +0100
scikit-hep/awkward/tests/test_2503_deprecate_to_numpyform.py,Fri Jun 9 13:12:55 2023 +0100
scikit-hep/awkward/tests/test_1059_localindex.py,Fri Dec 30 17:01:09 2022 +0000
scikit-hep/awkward/tests/test_2240_merge_union_parameters.py,Wed Feb 15 21:01:21 2023 +0000
scikit-hep/awkward/tests/test_2023_from_rdataframe.py,Fri Dec 30 17:01:09 2022 +0000
scikit-hep/awkward/tests/test_2630_akstr_to_categorical.py,Wed Aug 9 22:02:58 2023 +0100
scikit-hep/awkward/tests/test_2234_from_rdataframe_keep_order.py,Mon Feb 20 10:06:23 2023 -0600
scikit-hep/awkward/tests/test_2487_broadcast_list_offsets.py,Mon Jun 5 13:04:53 2023 -0500
scikit-hep/awkward/tests/test_1294_to_and_from_parquet.py,Fri Dec 30 17:01:09 2022 +0000
scikit-hep/awkward/tests/test_2672_touch_data.py,Fri Aug 25 14:52:45 2023 +0100
scikit-hep/awkward/tests/test_1477_generator_entry_type_as_rvec.py,Fri Dec 30 17:01:09 2022 +0000
scikit-hep/awkward/tests/test_2395_copy_asarray_touch.py,Wed Apr 12 13:59:25 2023 -0500
scikit-hep/awkward/tests/test_2727_remove_structure_regular.py,Thu Sep 28 17:22:51 2023 +0000
scikit-hep/awkward/tests/test_2471_flatten_string.py,Fri May 26 18:51:52 2023 +0100
scikit-hep/awkward/tests/test_1568_fix_lengths_empty_regular_slices.py,Fri Dec 30 17:01:09 2022 +0000
scikit-hep/awkward/tests/test_1399_from_jax.py,Fri Dec 30 17:01:09 2022 +0000
scikit-hep/awkward/tests/test_0652_tests_of_complex_numbers.py,Fri Dec 30 17:01:09 2022 +0000
scikit-hep/awkward/tests/test_1567_fix_longlong_in_Index.py,Fri Dec 30 17:01:09 2022 +0000
scikit-hep/awkward/tests/test_0912_packed.py,Fri Dec 30 17:01:09 2022 +0000
scikit-hep/awkward/tests/test_2327_array_interface.py,Mon Mar 20 17:06:11 2023 +0000
scikit-hep/awkward/tests/test_3097_UnmaskedArray_missing_nextcarry_outindex.py,Fri May 3 19:51:12 2024 +0000
scikit-hep/awkward/tests/test_0905_leading_zeros_in_unflatten.py,Fri Dec 30 17:01:09 2022 +0000
scikit-hep/awkward/tests/test_0150_flatten.py,Fri Dec 30 17:01:09 2022 +0000
scikit-hep/awkward/tests/test_1149_datetime_sort.py,Fri Dec 30 17:01:09 2022 +0000
scikit-hep/awkward/tests/test_0080_flatpandas_multiindex_rows_and_columns.py,Fri Dec 30 17:01:09 2022 +0000
scikit-hep/awkward/tests/test_2785_ak_num_typetracer_axis_0.py,Wed Nov 1 12:22:47 2023 +0000
scikit-hep/awkward/tests/test_0193_is_none_axis_parameter.py,Fri Dec 30 17:01:09 2022 +0000
scikit-hep/awkward/tests/test_2595_transform_termination.py,Fri Aug 4 09:01:42 2023 +0000
scikit-hep/awkward/tests/test_1978_akRecord_constructor_should_retain_type.py,Fri Dec 30 17:01:09 2022 +0000
scikit-hep/awkward/tests/test_0866_getitem_field_and_flatten_unions.py,Fri Dec 30 17:01:09 2022 +0000
scikit-hep/awkward/tests/test_2660_expected_container_keys_from_form.py,Wed Aug 23 14:54:21 2023 +0000
scikit-hep/awkward/tests/test_1936_with_field_broadcasting.py,Fri Dec 30 17:01:09 2022 +0000
scikit-hep/awkward/tests/test_0730_unflatten_axis_parameter.py,Fri Dec 30 17:01:09 2022 +0000
scikit-hep/awkward/tests/test_0583_implement_unflatten_function.py,Fri Dec 30 17:01:09 2022 +0000
scikit-hep/awkward/tests/test_1490_jax_reducers_combinations.py,Fri Dec 30 17:01:09 2022 +0000
scikit-hep/awkward/tests/test_0927_numpy_array_nbytes.py,Fri Dec 30 17:01:09 2022 +0000
scikit-hep/awkward/tests/test_2713_from_buffers_allow_noncanonical.py,Mon Sep 18 14:15:05 2023 -0500
scikit-hep/awkward/tests/test_3098_ak_where_with_arrays_containing_optionals.py,Fri Jul 19 10:39:55 2024 -0600
scikit-hep/awkward/tests/test_2008_ak_type_layout.py,Fri Dec 30 17:01:09 2022 +0000
scikit-hep/awkward/tests/test_0504_block_ufuncs_for_strings.py,Fri Dec 30 17:01:09 2022 +0000
scikit-hep/awkward/tests/test_2305_nep_18_lazy_conversion.py,Tue Apr 18 16:23:55 2023 +0100
scikit-hep/awkward/tests/test_1578_to_arrow_empty_recordarray.py,Fri Dec 30 17:01:09 2022 +0000
scikit-hep/awkward/tests/test_0835_datetime_type_pyarrow.py,Fri Dec 30 17:01:09 2022 +0000
scikit-hep/awkward/tests/test_2484_reduce_starts_empty.py,Mon Jun 5 12:55:52 2023 -0500
scikit-hep/awkward/tests/test_0127b_tomask_operation_numba.py,Fri Dec 30 17:01:09 2022 +0000
scikit-hep/awkward/tests/test_2793_nep_50_gradual_support.py,Tue Oct 31 12:46:31 2023 +0000
scikit-hep/awkward/tests/test_2355_to_backend_record.py,Tue Apr 4 14:58:56 2023 -0500
scikit-hep/awkward/tests/test_0863_is_none_numpy_array.py,Fri Dec 30 17:01:09 2022 +0000
scikit-hep/awkward/tests/test_3118_prevent_exponential_memory_growth_in_unionarray.py,Tue May 28 09:43:46 2024 -0500
scikit-hep/awkward/tests/test_0093_simplify_uniontypes_and_optiontypes.py,Fri Dec 30 17:01:09 2022 +0000
scikit-hep/awkward/tests/test_2410_string_broadcast.py,Tue Apr 18 20:20:15 2023 +0100
scikit-hep/awkward/tests/test_2407_broadcast_no_arrays.py,Tue Apr 18 15:04:51 2023 +0100
scikit-hep/awkward/tests/test_2646_from_parquet_highlevel.py,Tue Aug 15 22:25:13 2023 +0000
scikit-hep/awkward/tests/test_2368_type_is_equal.py,Fri Apr 7 19:49:22 2023 +0000
scikit-hep/awkward/tests/test_0713_getitem_field_should_simplify_optiontype.py,Fri Dec 30 17:01:09 2022 +0000
scikit-hep/awkward/tests/test_1565_axis_wrap_if_negative_record.py,Fri Dec 30 17:01:09 2022 +0000
scikit-hep/awkward/tests/test_2433_copy_behaviors.py,Wed Jun 26 11:58:25 2024 -0500
scikit-hep/awkward/tests/test_0546_fill_none_replacement_value_type.py,Fri Dec 30 17:01:09 2022 +0000
scikit-hep/awkward/tests/test_2181_with_name_len.py,Tue Jan 31 11:31:30 2023 -0600
scikit-hep/awkward/tests/test_2361_typetracer_asarray_nd.py,Wed Apr 5 18:55:56 2023 +0000
scikit-hep/awkward/tests/test_0819_issue.py,Fri Dec 30 17:01:09 2022 +0000
scikit-hep/awkward/tests/test_2564_string_broadcast_regular.py,Tue Jul 4 00:05:52 2023 +0100
scikit-hep/awkward/tests/test_2571_awkward_ListOffsetArray_reduce_local_nextparents_64.py,Wed Jul 5 18:40:12 2023 +0000
scikit-hep/awkward/tests/test_0979_where_multidimentional_numpy_array.py,Fri Dec 30 17:01:09 2022 +0000
scikit-hep/awkward/tests/test_1672_broadcast_parameters.py,Fri Dec 30 17:01:09 2022 +0000
scikit-hep/awkward/tests/test_2671_typetracer_with_report_deprecated_length.py,Sun Aug 27 12:47:19 2023 +0000
scikit-hep/awkward/tests/test_1642_from_iter_of_tuples.py,Fri Dec 30 17:01:09 2022 +0000
scikit-hep/awkward/tests/test_0127_tomask_operation.py,Fri Dec 30 17:01:09 2022 +0000
scikit-hep/awkward/tests/test_2693_to_buffers_placeholders.py,Tue Sep 5 16:08:51 2023 +0000
scikit-hep/awkward/tests/test_1784_reduce_leading_sublist.py,Fri Dec 30 17:01:09 2022 +0000
scikit-hep/awkward/tests/test_0437_stream_of_many_json_files.py,Fri Dec 30 17:01:09 2022 +0000
scikit-hep/awkward/tests/test_0590_allow_regulararray_size_zero.py,Fri Dec 30 17:01:09 2022 +0000
scikit-hep/awkward/tests/test_0557_min_max_initial_argument.py,Fri Dec 30 17:01:09 2022 +0000
scikit-hep/awkward/tests/test_1300b_same_for_numba.py,Fri Dec 30 17:01:09 2022 +0000
scikit-hep/awkward/tests/test_2229_getitem_range_slice.py,Thu Feb 9 14:47:50 2023 -0600
scikit-hep/awkward/tests/test_2934_argmin_argmax_bool.py,Thu Jan 11 14:02:51 2024 +0000
scikit-hep/awkward/tests/test_0984_ravel.py,Fri Dec 30 17:01:09 2022 +0000
scikit-hep/awkward/tests/test_2071_unflatten_non_packed_counts.py,Tue Jan 10 08:08:10 2023 +0000
scikit-hep/awkward/tests/test_1619_from_parquet_empty_field.py,Fri Dec 30 17:01:09 2022 +0000
scikit-hep/awkward/tests/test_2947_to_list_numpy_integer.py,Wed Jul 31 16:43:58 2024 +0100
scikit-hep/awkward/tests/test_1502_getitem_jagged_issue1406.py,Fri Dec 30 17:01:09 2022 +0000
scikit-hep/awkward/tests/test_2417_bytemasked_singletons.py,Thu Apr 20 16:08:49 2023 +0100
scikit-hep/awkward/tests/test_0850_argsort_mask_array.py,Fri Dec 30 17:01:09 2022 +0000
scikit-hep/awkward/tests/test_2808_dtype_ufunc_bool.py,Thu Nov 9 11:50:52 2023 +0000
scikit-hep/awkward/tests/test_0286_broadcast_single_value_with_field.py,Fri Dec 30 17:01:09 2022 +0000
scikit-hep/awkward/tests/test_2495_concatenate_typetracer.py,Wed Jun 7 22:29:30 2023 +0100
scikit-hep/awkward/tests/test_1707_broadcast_parameters_ufunc.py,Fri Dec 30 17:01:09 2022 +0000
scikit-hep/awkward/tests/test_2408_layoutbuilder_in_numba.py,Thu Jun 29 20:53:04 2023 +0000
scikit-hep/awkward/tests/test_0198_tutorial_documentation_1.py,Fri Dec 30 17:01:09 2022 +0000
scikit-hep/awkward/tests/test_1781_rdataframe_snapshot.py,Fri Dec 30 17:01:09 2022 +0000
scikit-hep/awkward/tests/test_0011_listarray.py,Fri Dec 30 17:01:09 2022 +0000
scikit-hep/awkward/tests/test_1762_jax_behavior_support.py,Fri Dec 30 17:01:09 2022 +0000
scikit-hep/awkward/tests/test_2202_filter_multiple_columns_from_rdataframe.py,Mon Feb 6 10:51:39 2023 -0600
scikit-hep/awkward/tests/test_1074_combinations.py,Fri Dec 30 17:01:09 2022 +0000
scikit-hep/awkward/tests/test_2064_fill_none_record.py,Thu Jan 5 22:06:05 2023 +0000
scikit-hep/awkward/tests/test_2632_unflatten_length.py,Thu Aug 10 11:42:27 2023 -0500
scikit-hep/awkward/tests/test_2078_array_function_wrap.py,Fri Jan 6 08:03:12 2023 +0000
scikit-hep/awkward/tests/test_0222_count_with_axis0.py,Fri Dec 30 17:01:09 2022 +0000
scikit-hep/awkward/tests/test_2444_minimal_listarray.py,Wed May 3 12:52:55 2023 +0100
scikit-hep/awkward/tests/test_2866_getitem_attrs.py,Fri Dec 1 21:09:45 2023 +0000
scikit-hep/awkward/tests/test_1625_multiple_columns_from_rdataframe.py,Fri Dec 30 17:01:09 2022 +0000
scikit-hep/awkward/tests/test_2719_typetracer_buffer_key.py,Fri Sep 22 21:11:57 2023 +0100
scikit-hep/awkward/tests/test_1399_to_jax.py,Fri Dec 30 17:01:09 2022 +0000
scikit-hep/awkward/tests/test_1344_broadcast_arrays_depth_limit.py,Fri Dec 30 17:01:09 2022 +0000
scikit-hep/awkward/tests/test_2550_validity_error_recursive.py,Thu Jun 29 16:34:26 2023 -0500
scikit-hep/awkward/tests/test_0572_numba_array_ndim.py,Fri Dec 30 17:01:09 2022 +0000
scikit-hep/awkward/tests/test_2096_ak_scalar_type.py,Fri Jan 13 00:33:22 2023 +0000
scikit-hep/awkward/tests/test_0903_ArrayView_expects_contiguous_NumpyArrays.py,Fri Dec 30 17:01:09 2022 +0000
scikit-hep/awkward/tests/test_2682_custom_pickler.py,Fri Sep 1 21:13:25 2023 +0100
scikit-hep/awkward/tests/test_2556_jax_tracer_error.py,Wed Feb 14 10:50:38 2024 +0100
scikit-hep/awkward/tests/test_1137_num.py,Fri Dec 30 17:01:09 2022 +0000
scikit-hep/awkward/tests/test_2125_type_of_scalar.py,Mon Jan 16 21:35:54 2023 +0000
scikit-hep/awkward/tests/test_1539_isnone_axis_check_issue1417.py,Fri Dec 30 17:01:09 2022 +0000
scikit-hep/awkward/tests/test_3033_flatten_bitmaskedarray.py,Mon Feb 26 07:57:26 2024 -0600
scikit-hep/awkward/tests/test_1134_from_buffers_to_buffers.py,Fri Dec 30 17:01:09 2022 +0000
scikit-hep/awkward/tests/test_0803_argsort_fix_type.py,Fri Dec 30 17:01:09 2022 +0000
scikit-hep/awkward/tests/test_0138_emptyarray_type.py,Fri Dec 30 17:01:09 2022 +0000
scikit-hep/awkward/tests/test_2536_select_columns.py,Thu Jun 22 14:55:16 2023 +0100
scikit-hep/awkward/tests/test_0077_zip_operation.py,Fri Dec 30 17:01:09 2022 +0000
scikit-hep/awkward/tests/test_0410_fix_argminmax_positions_for_missing_values.py,Fri Dec 30 17:01:09 2022 +0000
scikit-hep/awkward/tests/test_2678_same_backend.py,Tue Aug 29 16:02:29 2023 +0100
scikit-hep/awkward/tests/test_1055_fill_none_numpy_dimension.py,Fri Dec 30 17:01:09 2022 +0000
scikit-hep/awkward/tests/test_2631_vectorised_to_numpy_strings.py,Fri Aug 11 12:11:41 2023 +0000
scikit-hep/awkward/tests/test_0884_index_and_identifier_refactoring.py,Fri Dec 30 17:01:09 2022 +0000
scikit-hep/awkward/tests/test_2236_merge_union_of_records_option.py,Tue Feb 14 10:19:13 2023 +0000
scikit-hep/awkward/tests/test_0315_integerindex.py,Fri Dec 30 17:01:09 2022 +0000
scikit-hep/awkward/tests/test_2214_offset_bool_index.py,Tue Feb 7 11:56:38 2023 -0600
scikit-hep/awkward/tests/test_0355_mixins.py,Fri Dec 30 17:01:09 2022 +0000
scikit-hep/awkward/tests/test_1142_numbers_to_type.py,Fri Dec 30 17:01:09 2022 +0000
scikit-hep/awkward/tests/test_2770_serialize_and_deserialize_behaviour_for_numba.py,Thu Oct 26 18:35:36 2023 +0100
scikit-hep/awkward/tests/test_2651_parameter_union.py,Wed Aug 16 23:21:48 2023 +0000
scikit-hep/awkward/tests/test_1192_iterables_in___array_function__.py,Fri Dec 30 17:01:09 2022 +0000
scikit-hep/awkward/tests/test_0008_slices_and_getitem.py,Fri Dec 30 17:01:09 2022 +0000
scikit-hep/awkward/tests/test_2349_growablebuffer_in_numba.py,Mon Apr 3 15:47:14 2023 +0200
scikit-hep/awkward/tests/test_0057_introducing_forms.py,Fri Dec 30 17:01:09 2022 +0000
scikit-hep/awkward/tests/test_0806_empty_lists_cartesian_fix.py,Fri Dec 30 17:01:09 2022 +0000
scikit-hep/awkward/tests/test_0019_use_json_library.py,Fri Dec 30 17:01:09 2022 +0000
scikit-hep/awkward/tests/test_2085_empty_if_typetracer.py,Wed May 10 16:50:11 2023 +0100
scikit-hep/awkward/tests/test_2591_nan_to_num.py,Fri Jul 28 10:58:02 2023 -0500
scikit-hep/awkward/tests/test_2714_from_buffers_placeholders.py,Tue Sep 19 00:19:00 2023 +0200
scikit-hep/awkward/tests/test_1850_bytemasked_array_to_bytemaskedarray.py,Fri Dec 30 17:01:09 2022 +0000
scikit-hep/awkward/tests/test_2603_custom_behaviors_with_jax.py,Tue Mar 5 16:11:31 2024 +0000
scikit-hep/awkward/tests/test_3060_indexoption_to_numpy_record_array.py,Mon Mar 25 14:24:49 2024 -0500
scikit-hep/awkward/tests/test_0348_form_keys.py,Fri Dec 30 17:01:09 2022 +0000
scikit-hep/awkward/tests/test_2490_reduce_regulararray_positional.py,Mon Jun 5 19:40:29 2023 +0000
scikit-hep/awkward/tests/test_1110_type_tracer_1.py,Fri Dec 30 17:01:09 2022 +0000
scikit-hep/awkward/tests/test_0084_start_unionarray.py,Fri Dec 30 17:01:09 2022 +0000
scikit-hep/awkward/tests/test_1189_fix_singletons_for_non_optional_data.py,Fri Dec 30 17:01:09 2022 +0000
scikit-hep/awkward/tests/test_1154_arrow_tables_should_preserve_parameters.py,Fri Dec 30 17:01:09 2022 +0000
scikit-hep/awkward/tests/test_0078_argcross_and_cross.py,Fri Dec 30 17:01:09 2022 +0000
scikit-hep/awkward/tests/test_1593_empty_slice_list_record.py,Fri Dec 30 17:01:09 2022 +0000
scikit-hep/awkward/tests/test_1072_sort.py,Fri Dec 30 17:01:09 2022 +0000
scikit-hep/awkward/tests/test_1644_concatenate_zeros_length.py,Fri Dec 30 17:01:09 2022 +0000
scikit-hep/awkward/tests/test_1057_akarray_and_akfrom_numpy_should_not_accept_zero_dimensional_arrays.py,Mon Jun 24 15:46:04 2024 -0600
scikit-hep/awkward/tests/test_2179_parameter_merging_rules.py,Fri Feb 3 22:18:36 2023 +0000
scikit-hep/awkward/tests/test_2763_to_layout_granularity.py,Thu Oct 26 09:50:24 2023 +0000
scikit-hep/awkward/tests/test_2219_flatten_empty.py,Tue Feb 7 11:28:45 2023 -0600
scikit-hep/awkward/tests/test_1764_jax_jacobian.py,Fri Dec 30 17:01:09 2022 +0000
scikit-hep/awkward/tests/test_2020_reduce_axis_none.py,Fri Dec 30 21:46:09 2022 +0000
scikit-hep/awkward/tests/test_0898_unzip_heterogeneous_records.py,Fri Dec 30 17:01:09 2022 +0000
scikit-hep/awkward/tests/test_1031_start_getitem_next.py,Fri Dec 30 17:01:09 2022 +0000
scikit-hep/awkward/tests/test_1403_from_numpy_strings.py,Fri Dec 30 17:01:09 2022 +0000
scikit-hep/awkward/tests/test_0024_use_regular_array.py,Fri Dec 30 17:01:09 2022 +0000
scikit-hep/awkward/tests/test_1066_to_numpy_masked_structured_array.py,Fri Dec 30 17:01:09 2022 +0000
scikit-hep/awkward/tests/test_2051_arraybuilder_behavior_propagation.py,Sat Dec 31 16:57:19 2022 +0000
scikit-hep/awkward/tests/test_0166_0167_0170_random_issues.py,Fri Dec 30 17:01:09 2022 +0000
scikit-hep/awkward/tests/test_0549_numba_array_asarray.py,Fri Dec 30 17:01:09 2022 +0000
scikit-hep/awkward/tests/test_1379_reducers_with_axis_None_and_typetracers.py,Fri Dec 30 17:01:09 2022 +0000
scikit-hep/awkward/tests/test_2021_check_TypeTracerArray_in_ak_where.py,Fri Dec 30 17:01:09 2022 +0000
scikit-hep/awkward/tests/test_1620_layout_builders.py,Fri Dec 30 17:01:09 2022 +0000
scikit-hep/awkward/tests/test_1914_improved_axis_to_posaxis.py,Fri Dec 30 17:01:09 2022 +0000
scikit-hep/awkward/tests/test_1400_with_name_record.py,Fri Dec 30 17:01:09 2022 +0000
scikit-hep/awkward/tests/test_1031b_start_getitem_next_specialized.py,Fri Dec 30 17:01:09 2022 +0000
scikit-hep/awkward/tests/test_2799_numba_ufunc_resolution.py,Mon Nov 6 16:17:26 2023 +0000
scikit-hep/awkward/tests/test_2076_ak_unzip_record.py,Thu Jan 5 18:42:18 2023 -0600
scikit-hep/awkward/tests/test_1686_UnionArray_simplified_preserve_parameters.py,Fri Dec 30 17:01:09 2022 +0000
scikit-hep/awkward/tests/test_2860_enforce_concatenated_form.py,Tue Dec 5 19:08:04 2023 +0000
scikit-hep/awkward/tests/test_2548_record_form_fields.py,Tue Jun 27 15:24:42 2023 -0500
scikit-hep/awkward/tests/test_1473_from_rdataframe.py,Fri Dec 30 17:01:09 2022 +0000
scikit-hep/awkward/tests/test_0119_numexpr_and_broadcast_arrays.py,Fri Dec 30 17:01:09 2022 +0000
scikit-hep/awkward/tests/test_2198_almost_equal.py,Fri Feb 3 22:18:36 2023 +0000
scikit-hep/awkward/tests/test_0736_implement_argsort_for_strings.py,Fri Dec 30 17:01:09 2022 +0000
scikit-hep/awkward/tests/test_2418_union_broadcast_unknown.py,Thu Apr 20 18:21:20 2023 +0100
scikit-hep/awkward/tests/test_3189_requesting_form_should_not_touch_shape.py,Wed Jul 31 16:39:56 2024 +0000
scikit-hep/awkward/tests/test_0395_fix_numba_indexedarray.py,Fri Dec 30 17:01:09 2022 +0000
scikit-hep/awkward/tests/test_1260_simplify_masked_option_types.py,Fri Dec 30 17:01:09 2022 +0000
scikit-hep/awkward/tests/test_2185_merge_union_of_records.py,Thu Feb 2 00:35:41 2023 +0000
scikit-hep/awkward/tests/test_2411_cartesian_axis_validation.py,Wed Apr 19 20:47:13 2023 +0100
scikit-hep/awkward/tests/test_0264_reduce_last_empty.py,Fri Dec 30 17:01:09 2022 +0000
scikit-hep/awkward/tests/test_1685_IndexedArray_project_parameters.py,Fri Dec 30 17:01:09 2022 +0000
scikit-hep/awkward/tests/test_2757_attrs_metadata.py,Wed Nov 8 16:23:06 2023 +0000
scikit-hep/awkward/tests/test_2560_minimal_listarray.py,Mon Jul 3 13:05:20 2023 -0500
scikit-hep/awkward/tests/test_2512_record_array_carry.py,Sat Jun 10 16:45:01 2023 +0000
scikit-hep/awkward/tests/test_1453_write_single_records_to_parquet.py,Fri Dec 30 17:01:09 2022 +0000
scikit-hep/awkward/tests/test_0049_distinguish_record_and_recordarray_behaviors.py,Fri Dec 30 17:01:09 2022 +0000
scikit-hep/awkward/tests/test_1233_ak_with_name.py,Fri Dec 30 17:01:09 2022 +0000
scikit-hep/awkward/tests/test_2653_slice_listoffsetarray.py,Wed Aug 16 23:25:06 2023 +0000
scikit-hep/awkward/tests/test_1991_missed_a_NumpyArray_raw_call_without_underscore.py,Fri Dec 30 17:01:09 2022 +0000
scikit-hep/awkward/tests/test_2263_to_packed_list.py,Wed Feb 22 09:13:14 2023 -0600
scikit-hep/awkward/tests/test_3174_to_parquet_record.py,Tue Jul 30 15:03:23 2024 +0000
scikit-hep/awkward/tests/test_1415_behaviour_forwarding.py,Fri Dec 30 17:01:09 2022 +0000
scikit-hep/awkward/tests/test_1840_ak_type_to_handle_ndarray_dtype_and_nptypes.py,Fri Dec 30 17:01:09 2022 +0000
scikit-hep/awkward/tests/test_0627_behavior_from_dict_of_arrays.py,Fri Dec 30 17:01:09 2022 +0000
scikit-hep/awkward/tests/test_2634_listarray_pad_none.py,Thu Aug 10 11:43:48 2023 -0500
scikit-hep/awkward/tests/test_1650_Record_to_list_should_listify_itself.py,Fri Dec 30 17:01:09 2022 +0000
scikit-hep/awkward/tests/test_1377_ravel_string.py,Fri Dec 30 17:01:09 2022 +0000
scikit-hep/awkward/tests/test_2106_pickle_class.py,Thu Jan 12 14:37:42 2023 -0600
scikit-hep/awkward/tests/test_0395_complex_type_arrays.py,Fri Dec 30 17:01:09 2022 +0000
scikit-hep/awkward/tests/test_0111_jagged_and_masked_getitem.py,Fri Dec 30 17:01:09 2022 +0000
scikit-hep/awkward/tests/test_1075_validityerror.py,Fri Dec 30 17:01:09 2022 +0000
scikit-hep/awkward/tests/test_2637_jax_tracer_error.py,Wed Feb 14 10:50:38 2024 +0100
scikit-hep/awkward/tests/test_1308_zip_after_option.py,Fri Dec 30 17:01:09 2022 +0000
scikit-hep/awkward/tests/test_1823_fill_none_axis_none.py,Fri Dec 30 17:01:09 2022 +0000
scikit-hep/awkward/tests/test_1847_numpy_array_contiguous.py,Fri Dec 30 17:01:09 2022 +0000
scikit-hep/awkward/tests/test_0002_minimal_listarray.py,Fri Dec 30 17:01:09 2022 +0000
scikit-hep/awkward/tests/test_1511_set_attribute.py,Fri Dec 30 17:01:09 2022 +0000
scikit-hep/awkward/tests/test_0875_arrow_null_type.py,Fri Dec 30 17:01:09 2022 +0000
scikit-hep/awkward/tests/test_2297_common_backend.py,Thu Mar 9 22:46:06 2023 +0000
scikit-hep/awkward/tests/test_2354_ufunc_same_backend.py,Mon Apr 3 19:26:17 2023 +0100
scikit-hep/awkward/tests/test_0074_argsort_and_sort.py,Fri Dec 30 17:01:09 2022 +0000
scikit-hep/awkward/tests/test_2718_frombuffer_typetracer.py,Wed Sep 27 19:24:34 2023 +0000
scikit-hep/awkward/tests/test_0184_concatenate_operation.py,Fri Dec 30 17:01:09 2022 +0000
scikit-hep/awkward/tests/test_0959__getitem_array_implementation.py,Fri Dec 30 17:01:09 2022 +0000
scikit-hep/awkward/tests/test_2150_typetracer_high_level_ufunc.py,Sat Jan 21 22:03:26 2023 +0000
scikit-hep/awkward/tests/test_1351_is_tuple.py,Fri Dec 30 17:01:09 2022 +0000
scikit-hep/awkward/tests/test_0086_nep13_ufunc.py,Fri Dec 30 17:01:09 2022 +0000
scikit-hep/awkward/tests/test_0006_deep_iteration.py,Fri Dec 30 17:01:09 2022 +0000
scikit-hep/awkward/tests/test_0733_run_lengths.py,Fri Dec 30 17:01:09 2022 +0000
scikit-hep/awkward/tests/test_1305_mixed_awkward_numpy_slicing.py,Fri Dec 30 17:01:09 2022 +0000
scikit-hep/awkward/tests/test_1259_simplify_optiontype.py,Fri Dec 30 17:01:09 2022 +0000
scikit-hep/awkward/tests/test_2710_pickle_unknown_length.py,Thu Sep 14 11:50:24 2023 -0500
scikit-hep/awkward/tests/test_0173_astype_operation.py,Fri Dec 30 17:01:09 2022 +0000
scikit-hep/awkward/tests/test_0032_replace_dressedtype.py,Fri Dec 30 17:01:09 2022 +0000
scikit-hep/awkward/tests/test_0046_start_indexedarray.py,Fri Dec 30 17:01:09 2022 +0000
scikit-hep/awkward/tests/test_2917_real_imag_angle.py,Wed Mar 20 22:28:15 2024 +0000
scikit-hep/awkward/tests/test_2816_public_typetracer_api.py,Tue Nov 14 11:19:58 2023 +0000
scikit-hep/awkward/tests/test_2385_with_field_empty_record.py,Mon Apr 10 15:37:59 2023 -0500
scikit-hep/awkward/tests/test_0118_numba_cpointers.py,Fri Dec 30 17:01:09 2022 +0000
scikit-hep/awkward/tests/test_0115_generic_reducer_operation.py,Fri Dec 30 17:01:09 2022 +0000
scikit-hep/awkward/tests/test_0813_full_like_dtype_arg.py,Fri Dec 30 17:01:09 2022 +0000
scikit-hep/awkward/tests/test_0025_record_array.py,Fri Dec 30 17:01:09 2022 +0000
scikit-hep/awkward/tests/test_1162_ak_from_json_schema.py,Fri Dec 30 17:01:09 2022 +0000
scikit-hep/awkward/awkward-cpp/src/awkward_cpp/cpu_kernels.py,Fri Nov 18 15:03:23 2022 +0000
scikit-hep/awkward/awkward-cpp/src/awkward_cpp/__init__.py,Fri Nov 18 15:03:26 2022 +0000
scikit-hep/awkward/src/awkward/forms/unmaskedform.py,Sat Sep 24 13:48:20 2022 +0100
scikit-hep/awkward/src/awkward/forms/unionform.py,Sat Sep 24 13:48:20 2022 +0100
scikit-hep/awkward/src/awkward/forms/bitmaskedform.py,Sat Sep 24 13:48:20 2022 +0100
scikit-hep/awkward/src/awkward/forms/bytemaskedform.py,Sat Sep 24 13:48:20 2022 +0100
scikit-hep/awkward/src/awkward/forms/listoffsetform.py,Sat Sep 24 13:48:20 2022 +0100
scikit-hep/awkward/src/awkward/forms/indexedoptionform.py,Sat Sep 24 13:48:20 2022 +0100
scikit-hep/awkward/src/awkward/forms/emptyform.py,Sat Sep 24 13:48:20 2022 +0100
scikit-hep/awkward/src/awkward/forms/indexedform.py,Sat Sep 24 13:48:20 2022 +0100
scikit-hep/awkward/src/awkward/forms/listform.py,Sat Sep 24 13:48:20 2022 +0100
scikit-hep/awkward/src/awkward/forms/recordform.py,Sat Sep 24 13:48:20 2022 +0100
scikit-hep/awkward/src/awkward/forms/regularform.py,Sat Sep 24 13:48:20 2022 +0100
scikit-hep/awkward/src/awkward/forms/__init__.py,Sat Sep 24 13:48:20 2022 +0100
scikit-hep/awkward/src/awkward/forms/form.py,Sat Sep 24 13:48:20 2022 +0100
scikit-hep/awkward/src/awkward/forms/numpyform.py,Sat Sep 24 13:48:20 2022 +0100
scikit-hep/awkward/src/awkward/_reducers.py,Sat Sep 24 13:48:20 2022 +0100
scikit-hep/awkward/src/awkward/_categorical.py,Wed Jun 28 21:33:16 2023 +0000
scikit-hep/awkward/src/awkward/_util.py,Mon Nov 30 16:29:37 2020 -0600
scikit-hep/awkward/src/awkward/typetracer.py,Wed Jan 25 09:34:48 2023 +0000
scikit-hep/awkward/src/awkward/_meta/indexedoptionmeta.py,Mon Nov 20 22:25:03 2023 +0000
scikit-hep/awkward/src/awkward/_meta/indexedmeta.py,Mon Nov 20 22:25:03 2023 +0000
scikit-hep/awkward/src/awkward/_meta/unionmeta.py,Mon Nov 20 22:25:03 2023 +0000
scikit-hep/awkward/src/awkward/_meta/recordmeta.py,Mon Nov 20 22:25:03 2023 +0000
scikit-hep/awkward/src/awkward/_meta/unmaskedmeta.py,Mon Nov 20 22:25:03 2023 +0000
scikit-hep/awkward/src/awkward/_meta/meta.py,Mon Nov 20 22:25:03 2023 +0000
scikit-hep/awkward/src/awkward/_meta/bytemaskedmeta.py,Mon Nov 20 22:25:03 2023 +0000
scikit-hep/awkward/src/awkward/_meta/listoffsetmeta.py,Mon Nov 20 22:25:03 2023 +0000
scikit-hep/awkward/src/awkward/_meta/bitmaskedmeta.py,Mon Nov 20 22:25:03 2023 +0000
scikit-hep/awkward/src/awkward/_meta/numpymeta.py,Mon Nov 20 22:25:03 2023 +0000
scikit-hep/awkward/src/awkward/_meta/emptymeta.py,Mon Nov 20 22:25:03 2023 +0000
scikit-hep/awkward/src/awkward/_meta/listmeta.py,Mon Nov 20 22:25:03 2023 +0000
scikit-hep/awkward/src/awkward/_meta/regularmeta.py,Mon Nov 20 22:25:03 2023 +0000
scikit-hep/awkward/src/awkward/prettyprint.py,Tue Jun 18 14:58:49 2024 -0600
scikit-hep/awkward/src/awkward/index.py,Sat Sep 24 13:48:20 2022 +0100
scikit-hep/awkward/src/awkward/contents/remove_structure.py,Tue Jun 18 14:58:49 2024 -0600
scikit-hep/awkward/src/awkward/contents/bitmaskedarray.py,Sat Sep 24 13:48:20 2022 +0100
scikit-hep/awkward/src/awkward/contents/listarray.py,Sat Sep 24 13:48:20 2022 +0100
scikit-hep/awkward/src/awkward/contents/unmaskedarray.py,Sat Sep 24 13:48:20 2022 +0100
scikit-hep/awkward/src/awkward/contents/numpyarray.py,Sat Sep 24 13:48:20 2022 +0100
scikit-hep/awkward/src/awkward/contents/content.py,Sat Sep 24 13:48:20 2022 +0100
scikit-hep/awkward/src/awkward/contents/indexedarray.py,Sat Sep 24 13:48:20 2022 +0100
scikit-hep/awkward/src/awkward/contents/unionarray.py,Sat Sep 24 13:48:20 2022 +0100
scikit-hep/awkward/src/awkward/contents/listoffsetarray.py,Sat Sep 24 13:48:20 2022 +0100
scikit-hep/awkward/src/awkward/contents/indexedoptionarray.py,Sat Sep 24 13:48:20 2022 +0100
scikit-hep/awkward/src/awkward/contents/bytemaskedarray.py,Sat Sep 24 13:48:20 2022 +0100
scikit-hep/awkward/src/awkward/contents/__init__.py,Sat Sep 24 13:48:20 2022 +0100
scikit-hep/awkward/src/awkward/contents/emptyarray.py,Sat Sep 24 13:48:20 2022 +0100
scikit-hep/awkward/src/awkward/contents/regulararray.py,Sat Sep 24 13:48:20 2022 +0100
scikit-hep/awkward/src/awkward/contents/recordarray.py,Sat Sep 24 13:48:20 2022 +0100
scikit-hep/awkward/src/awkward/_behavior.py,Thu Mar 16 23:04:07 2023 +0000
scikit-hep/awkward/src/awkward/_kernels.py,Tue Jan 17 15:39:49 2023 +0000
scikit-hep/awkward/src/awkward/_regularize.py,Thu Mar 16 23:04:07 2023 +0000
scikit-hep/awkward/src/awkward/_pickle.py,Fri Sep 1 21:13:25 2023 +0100
scikit-hep/awkward/src/awkward/_ext.py,Mon Aug 7 21:42:33 2023 +0000
scikit-hep/awkward/src/awkward/_prettyprint.py,Sat Sep 24 13:48:20 2022 +0100
scikit-hep/awkward/src/awkward/highlevel.py,Mon Nov 30 16:29:37 2020 -0600
scikit-hep/awkward/src/awkward/_errors.py,Thu Sep 29 09:38:49 2022 -0500
scikit-hep/awkward/src/awkward/_broadcasting.py,Sat Sep 24 13:48:20 2022 +0100
scikit-hep/awkward/src/awkward/_singleton.py,Tue Jan 17 14:30:37 2023 +0000
scikit-hep/awkward/src/awkward/_slicing.py,Sat Sep 24 13:48:20 2022 +0100
scikit-hep/awkward/src/awkward/_typetracer.py,Sat Sep 24 13:48:20 2022 +0100
scikit-hep/awkward/src/awkward/_connect/jax/reducers.py,Tue Oct 4 12:12:25 2022 -0500
scikit-hep/awkward/src/awkward/_connect/jax/trees.py,Tue Oct 4 12:12:25 2022 -0500
scikit-hep/awkward/src/awkward/_connect/jax/__init__.py,Sat Sep 24 13:48:20 2022 +0100
scikit-hep/awkward/src/awkward/_connect/pyarrow/conversions.py,Mon May 27 13:10:57 2024 -0600
scikit-hep/awkward/src/awkward/_connect/pyarrow/extn_types.py,Mon May 27 13:10:57 2024 -0600
scikit-hep/awkward/src/awkward/_connect/cling.py,Sat Sep 24 13:48:20 2022 +0100
scikit-hep/awkward/src/awkward/_connect/numba/builder.py,Sat Sep 24 13:48:20 2022 +0100
scikit-hep/awkward/src/awkward/_connect/numba/growablebuffer.py,Mon Apr 3 15:47:14 2023 +0200
scikit-hep/awkward/src/awkward/_connect/numba/layoutbuilder.py,Thu Jun 29 20:53:04 2023 +0000
scikit-hep/awkward/src/awkward/_connect/numba/arrayview_cuda.py,Mon Feb 20 11:32:46 2023 -0600
scikit-hep/awkward/src/awkward/_connect/numba/layout.py,Sat Sep 24 13:48:20 2022 +0100
scikit-hep/awkward/src/awkward/_connect/numba/arrayview.py,Sat Sep 24 13:48:20 2022 +0100
scikit-hep/awkward/src/awkward/_connect/rdataframe/to_rdataframe.py,Sat Sep 24 13:48:20 2022 +0100
scikit-hep/awkward/src/awkward/_connect/rdataframe/from_rdataframe.py,Sat Sep 24 13:48:20 2022 +0100
scikit-hep/awkward/src/awkward/_connect/avro.py,Sat Sep 24 13:48:20 2022 +0100
scikit-hep/awkward/src/awkward/_connect/numexpr.py,Sat Sep 24 13:48:20 2022 +0100
scikit-hep/awkward/src/awkward/_connect/cuda/__init__.py,Sat Sep 24 13:48:20 2022 +0100
scikit-hep/awkward/src/awkward/_connect/hist.py,Fri Feb 3 12:09:28 2023 -0600
scikit-hep/awkward/src/awkward/_connect/numpy.py,Sat Sep 24 13:48:20 2022 +0100
scikit-hep/awkward/src/awkward/numba/layoutbuilder.py,Thu Jun 29 20:53:04 2023 +0000
scikit-hep/awkward/src/awkward/numba/__init__.py,Thu Jun 29 20:53:04 2023 +0000
scikit-hep/awkward/src/awkward/record.py,Sat Sep 24 13:48:20 2022 +0100
scikit-hep/awkward/src/awkward/_parameters.py,Mon Mar 20 14:36:41 2023 +0000
scikit-hep/awkward/src/awkward/_nplikes/typetracer.py,Wed Jan 25 09:34:48 2023 +0000
scikit-hep/awkward/src/awkward/_nplikes/placeholder.py,Thu Jun 1 17:20:34 2023 -0500
scikit-hep/awkward/src/awkward/_nplikes/dispatch.py,Sat Jan 21 22:19:24 2023 +0000
scikit-hep/awkward/src/awkward/_nplikes/array_module.py,Sat Jan 21 22:19:24 2023 +0000
scikit-hep/awkward/src/awkward/_nplikes/array_like.py,Fri Nov 3 14:04:14 2023 +0000
scikit-hep/awkward/src/awkward/_nplikes/cupy.py,Sat Jan 21 22:19:24 2023 +0000
scikit-hep/awkward/src/awkward/_nplikes/__init__.py,Sat Jan 21 22:19:24 2023 +0000
scikit-hep/awkward/src/awkward/_nplikes/jax.py,Sat Jan 21 22:19:24 2023 +0000
scikit-hep/awkward/src/awkward/_nplikes/shape.py,Thu Feb 9 13:36:03 2023 +0000
scikit-hep/awkward/src/awkward/_nplikes/numpy_like.py,Fri Nov 3 14:04:14 2023 +0000
scikit-hep/awkward/src/awkward/_nplikes/numpy.py,Sat Jan 21 22:19:24 2023 +0000
scikit-hep/awkward/src/awkward/_lookup.py,Sat Sep 24 13:48:20 2022 +0100
scikit-hep/awkward/src/awkward/_v2.py,Fri Sep 30 20:16:28 2022 +0000
scikit-hep/awkward/src/awkward/_layout.py,Thu Mar 16 23:04:07 2023 +0000
scikit-hep/awkward/src/awkward/__init__.py,Mon Nov 30 16:29:37 2020 -0600
scikit-hep/awkward/src/awkward/_do.py,Thu Dec 8 18:30:15 2022 +0000
scikit-hep/awkward/src/awkward/types/regulartype.py,Sat Sep 24 13:48:20 2022 +0100
scikit-hep/awkward/src/awkward/types/type.py,Sat Sep 24 13:48:20 2022 +0100
scikit-hep/awkward/src/awkward/types/numpytype.py,Sat Sep 24 13:48:20 2022 +0100
scikit-hep/awkward/src/awkward/types/recordtype.py,Sat Sep 24 13:48:20 2022 +0100
scikit-hep/awkward/src/awkward/types/optiontype.py,Sat Sep 24 13:48:20 2022 +0100
scikit-hep/awkward/src/awkward/types/arraytype.py,Sat Sep 24 13:48:20 2022 +0100
scikit-hep/awkward/src/awkward/types/unknowntype.py,Sat Sep 24 13:48:20 2022 +0100
scikit-hep/awkward/src/awkward/types/scalartype.py,Fri Jan 13 00:33:22 2023 +0000
scikit-hep/awkward/src/awkward/types/listtype.py,Sat Sep 24 13:48:20 2022 +0100
scikit-hep/awkward/src/awkward/types/uniontype.py,Sat Sep 24 13:48:20 2022 +0100
scikit-hep/awkward/src/awkward/types/__init__.py,Sat Sep 24 13:48:20 2022 +0100
scikit-hep/awkward/src/awkward/jax.py,Tue Oct 4 12:12:25 2022 -0500
scikit-hep/awkward/src/awkward/_backends/typetracer.py,Wed Apr 12 10:54:56 2023 +0100
scikit-hep/awkward/src/awkward/_backends/backend.py,Wed Apr 12 10:54:56 2023 +0100
scikit-hep/awkward/src/awkward/_backends/dispatch.py,Wed Apr 12 10:54:56 2023 +0100
scikit-hep/awkward/src/awkward/_backends/cupy.py,Wed Apr 12 10:54:56 2023 +0100
scikit-hep/awkward/src/awkward/_backends/jax.py,Wed Apr 12 10:54:56 2023 +0100
scikit-hep/awkward/src/awkward/_backends/numpy.py,Wed Apr 12 10:54:56 2023 +0100
scikit-hep/awkward/src/awkward/behaviors/mixins.py,Mon Nov 30 16:29:37 2020 -0600
scikit-hep/awkward/src/awkward/behaviors/string.py,Mon Nov 30 16:29:37 2020 -0600
scikit-hep/awkward/src/awkward/behaviors/categorical.py,Mon Nov 30 16:29:37 2020 -0600
scikit-hep/awkward/src/awkward/operations/ak_run_lengths.py,Sat Sep 24 13:48:20 2022 +0100
scikit-hep/awkward/src/awkward/operations/ak_num.py,Sat Sep 24 13:48:20 2022 +0100
scikit-hep/awkward/src/awkward/operations/ak_drop_none.py,Fri Dec 16 10:30:45 2022 -0600
scikit-hep/awkward/src/awkward/operations/ak_to_dataframe.py,Sat Sep 24 13:48:20 2022 +0100
scikit-hep/awkward/src/awkward/operations/ak_unflatten.py,Sat Sep 24 13:48:20 2022 +0100
scikit-hep/awkward/src/awkward/operations/ak_from_regular.py,Sat Sep 24 13:48:20 2022 +0100
scikit-hep/awkward/src/awkward/operations/ak_from_numpy.py,Sat Sep 24 13:48:20 2022 +0100
scikit-hep/awkward/src/awkward/operations/ak_min.py,Sat Sep 24 13:48:20 2022 +0100
scikit-hep/awkward/src/awkward/operations/ak_with_name.py,Sat Sep 24 13:48:20 2022 +0100
scikit-hep/awkward/src/awkward/operations/ak_count_nonzero.py,Sat Sep 24 13:48:20 2022 +0100
scikit-hep/awkward/src/awkward/operations/ak_is_none.py,Sat Sep 24 13:48:20 2022 +0100
scikit-hep/awkward/src/awkward/operations/ak_from_arrow.py,Sat Sep 24 13:48:20 2022 +0100
scikit-hep/awkward/src/awkward/operations/ak_categories.py,Sat Sep 24 13:48:20 2022 +0100
scikit-hep/awkward/src/awkward/operations/ak_from_dlpack.py,Wed Aug 16 21:27:05 2023 +0100
scikit-hep/awkward/src/awkward/operations/ak_merge_union_of_records.py,Thu Feb 2 00:35:41 2023 +0000
scikit-hep/awkward/src/awkward/operations/ak_broadcast_fields.py,Mon Feb 27 18:32:57 2023 +0000
scikit-hep/awkward/src/awkward/operations/ak_type.py,Sat Sep 24 13:48:20 2022 +0100
scikit-hep/awkward/src/awkward/operations/ak_mean.py,Sat Sep 24 13:48:20 2022 +0100
scikit-hep/awkward/src/awkward/operations/ak_enforce_type.py,Fri May 5 15:31:49 2023 +0000
scikit-hep/awkward/src/awkward/operations/ak_from_feather.py,Tue Sep 19 03:12:21 2023 +0000
scikit-hep/awkward/src/awkward/operations/ak_to_list.py,Sat Sep 24 13:48:20 2022 +0100
scikit-hep/awkward/src/awkward/operations/ak_count.py,Sat Sep 24 13:48:20 2022 +0100
scikit-hep/awkward/src/awkward/operations/ak_with_parameter.py,Sat Sep 24 13:48:20 2022 +0100
scikit-hep/awkward/src/awkward/operations/ak_from_categorical.py,Sat Sep 24 13:48:20 2022 +0100
scikit-hep/awkward/src/awkward/operations/ak_to_arrow.py,Sat Sep 24 13:48:20 2022 +0100
scikit-hep/awkward/src/awkward/operations/str/akstr_to_categorical.py,Wed Aug 9 22:02:58 2023 +0100
scikit-hep/awkward/src/awkward/operations/str/akstr_split_pattern.py,Tue Aug 8 18:00:23 2023 +0000
scikit-hep/awkward/src/awkward/operations/str/akstr_rtrim.py,Tue Aug 8 18:00:23 2023 +0000
scikit-hep/awkward/src/awkward/operations/str/akstr_is_digit.py,Tue Aug 8 18:00:23 2023 +0000
scikit-hep/awkward/src/awkward/operations/str/akstr_starts_with.py,Tue Aug 8 18:00:23 2023 +0000
scikit-hep/awkward/src/awkward/operations/str/akstr_slice.py,Tue Aug 8 18:00:23 2023 +0000
scikit-hep/awkward/src/awkward/operations/str/akstr_find_substring_regex.py,Tue Aug 8 18:00:23 2023 +0000
scikit-hep/awkward/src/awkward/operations/str/akstr_lower.py,Tue Aug 8 18:00:23 2023 +0000
scikit-hep/awkward/src/awkward/operations/str/akstr_is_numeric.py,Tue Aug 8 18:00:23 2023 +0000
scikit-hep/awkward/src/awkward/operations/str/akstr_is_space.py,Tue Aug 8 18:00:23 2023 +0000
scikit-hep/awkward/src/awkward/operations/str/akstr_trim.py,Tue Aug 8 18:00:23 2023 +0000
scikit-hep/awkward/src/awkward/operations/str/akstr_center.py,Tue Aug 8 18:00:23 2023 +0000
scikit-hep/awkward/src/awkward/operations/str/akstr_lpad.py,Tue Aug 8 18:00:23 2023 +0000
scikit-hep/awkward/src/awkward/operations/str/akstr_match_like.py,Tue Aug 8 18:00:23 2023 +0000
scikit-hep/awkward/src/awkward/operations/str/akstr_length.py,Tue Aug 8 18:00:23 2023 +0000
scikit-hep/awkward/src/awkward/operations/str/akstr_title.py,Tue Aug 8 18:00:23 2023 +0000
scikit-hep/awkward/src/awkward/operations/str/akstr_index_in.py,Tue Aug 8 18:00:23 2023 +0000
scikit-hep/awkward/src/awkward/operations/str/akstr_match_substring.py,Tue Aug 8 18:00:23 2023 +0000
scikit-hep/awkward/src/awkward/operations/str/akstr_upper.py,Tue Aug 8 18:00:23 2023 +0000
scikit-hep/awkward/src/awkward/operations/str/akstr_is_lower.py,Tue Aug 8 18:00:23 2023 +0000
scikit-hep/awkward/src/awkward/operations/str/akstr_is_ascii.py,Tue Aug 8 18:00:23 2023 +0000
scikit-hep/awkward/src/awkward/operations/str/akstr_is_alnum.py,Tue Aug 8 18:00:23 2023 +0000
scikit-hep/awkward/src/awkward/operations/str/akstr_join.py,Tue Aug 8 18:00:23 2023 +0000
scikit-hep/awkward/src/awkward/operations/str/akstr_replace_substring.py,Tue Aug 8 18:00:23 2023 +0000
scikit-hep/awkward/src/awkward/operations/str/akstr_count_substring_regex.py,Tue Aug 8 18:00:23 2023 +0000
scikit-hep/awkward/src/awkward/operations/str/akstr_split_whitespace.py,Tue Aug 8 18:00:23 2023 +0000
scikit-hep/awkward/src/awkward/operations/str/akstr_rpad.py,Tue Aug 8 18:00:23 2023 +0000
scikit-hep/awkward/src/awkward/operations/str/akstr_swapcase.py,Tue Aug 8 18:00:23 2023 +0000
scikit-hep/awkward/src/awkward/operations/str/akstr_is_in.py,Tue Aug 8 18:00:23 2023 +0000
scikit-hep/awkward/src/awkward/operations/str/akstr_is_alpha.py,Tue Aug 8 18:00:23 2023 +0000
scikit-hep/awkward/src/awkward/operations/str/akstr_reverse.py,Tue Aug 8 18:00:23 2023 +0000
scikit-hep/awkward/src/awkward/operations/str/akstr_extract_regex.py,Tue Aug 8 18:00:23 2023 +0000
scikit-hep/awkward/src/awkward/operations/str/akstr_match_substring_regex.py,Tue Aug 8 18:00:23 2023 +0000
scikit-hep/awkward/src/awkward/operations/str/akstr_replace_substring_regex.py,Tue Aug 8 18:00:23 2023 +0000
scikit-hep/awkward/src/awkward/operations/str/__init__.py,Tue Aug 8 18:00:23 2023 +0000
scikit-hep/awkward/src/awkward/operations/str/akstr_count_substring.py,Tue Aug 8 18:00:23 2023 +0000
scikit-hep/awkward/src/awkward/operations/str/akstr_find_substring.py,Tue Aug 8 18:00:23 2023 +0000
scikit-hep/awkward/src/awkward/operations/str/akstr_is_decimal.py,Tue Aug 8 18:00:23 2023 +0000
scikit-hep/awkward/src/awkward/operations/str/akstr_is_printable.py,Tue Aug 8 18:00:23 2023 +0000
scikit-hep/awkward/src/awkward/operations/str/akstr_rtrim_whitespace.py,Tue Aug 8 18:00:23 2023 +0000
scikit-hep/awkward/src/awkward/operations/str/akstr_trim_whitespace.py,Tue Aug 8 18:00:23 2023 +0000
scikit-hep/awkward/src/awkward/operations/str/akstr_ends_with.py,Tue Aug 8 18:00:23 2023 +0000
scikit-hep/awkward/src/awkward/operations/str/akstr_ltrim_whitespace.py,Tue Aug 8 18:00:23 2023 +0000
scikit-hep/awkward/src/awkward/operations/str/akstr_repeat.py,Tue Aug 8 18:00:23 2023 +0000
scikit-hep/awkward/src/awkward/operations/str/akstr_split_pattern_regex.py,Tue Aug 8 18:00:23 2023 +0000
scikit-hep/awkward/src/awkward/operations/str/akstr_join_element_wise.py,Tue Aug 8 18:00:23 2023 +0000
scikit-hep/awkward/src/awkward/operations/str/akstr_replace_slice.py,Tue Aug 8 18:00:23 2023 +0000
scikit-hep/awkward/src/awkward/operations/str/akstr_is_upper.py,Tue Aug 8 18:00:23 2023 +0000
scikit-hep/awkward/src/awkward/operations/str/akstr_is_title.py,Tue Aug 8 18:00:23 2023 +0000
scikit-hep/awkward/src/awkward/operations/str/akstr_ltrim.py,Tue Aug 8 18:00:23 2023 +0000
scikit-hep/awkward/src/awkward/operations/str/akstr_capitalize.py,Tue Aug 8 18:00:23 2023 +0000
scikit-hep/awkward/src/awkward/operations/ak_firsts.py,Sat Sep 24 13:48:20 2022 +0100
scikit-hep/awkward/src/awkward/operations/ak_corr.py,Sat Sep 24 13:48:20 2022 +0100
scikit-hep/awkward/src/awkward/operations/ak_argcombinations.py,Sat Sep 24 13:48:20 2022 +0100
scikit-hep/awkward/src/awkward/operations/ak_fields.py,Sat Sep 24 13:48:20 2022 +0100
scikit-hep/awkward/src/awkward/operations/ak_to_arrow_table.py,Sat Sep 24 13:48:20 2022 +0100
scikit-hep/awkward/src/awkward/operations/ak_without_parameters.py,Sat Sep 24 13:48:20 2022 +0100
scikit-hep/awkward/src/awkward/operations/ak_concatenate.py,Sat Sep 24 13:48:20 2022 +0100
scikit-hep/awkward/src/awkward/operations/ak_to_layout.py,Sat Sep 24 13:48:20 2022 +0100
scikit-hep/awkward/src/awkward/operations/ak_singletons.py,Sat Sep 24 13:48:20 2022 +0100
scikit-hep/awkward/src/awkward/operations/ak_sum.py,Sat Sep 24 13:48:20 2022 +0100
scikit-hep/awkward/src/awkward/operations/ak_is_categorical.py,Sat Sep 24 13:48:20 2022 +0100
scikit-hep/awkward/src/awkward/operations/ak_to_rdataframe.py,Sat Sep 24 13:48:20 2022 +0100
scikit-hep/awkward/src/awkward/operations/ak_from_parquet.py,Sat Sep 24 13:48:20 2022 +0100
scikit-hep/awkward/src/awkward/operations/ak_to_parquet_row_groups.py,Wed Jan 31 10:41:14 2024 +0100
scikit-hep/awkward/src/awkward/operations/ak_combinations.py,Sat Sep 24 13:48:20 2022 +0100
scikit-hep/awkward/src/awkward/operations/ak_to_parquet.py,Sat Sep 24 13:48:20 2022 +0100
scikit-hep/awkward/src/awkward/operations/ak_to_parquet_dataset.py,Wed Mar 20 21:36:28 2024 +0000
scikit-hep/awkward/src/awkward/operations/ak_to_jax.py,Sat Sep 24 13:48:20 2022 +0100
scikit-hep/awkward/src/awkward/operations/ak_nan_to_none.py,Sat Sep 24 13:48:20 2022 +0100
scikit-hep/awkward/src/awkward/operations/ak_from_cupy.py,Sat Sep 24 13:48:20 2022 +0100
scikit-hep/awkward/src/awkward/operations/ak_argsort.py,Sat Sep 24 13:48:20 2022 +0100
scikit-hep/awkward/src/awkward/operations/ak_validity_error.py,Sat Sep 24 13:48:20 2022 +0100
scikit-hep/awkward/src/awkward/operations/ak_pad_none.py,Sat Sep 24 13:48:20 2022 +0100
scikit-hep/awkward/src/awkward/operations/ak_argcartesian.py,Sat Sep 24 13:48:20 2022 +0100
scikit-hep/awkward/src/awkward/operations/ak_to_buffers.py,Sat Sep 24 13:48:20 2022 +0100
scikit-hep/awkward/src/awkward/operations/ak_copy.py,Sat Sep 24 13:48:20 2022 +0100
scikit-hep/awkward/src/awkward/operations/ak_covar.py,Sat Sep 24 13:48:20 2022 +0100
scikit-hep/awkward/src/awkward/operations/ak_to_json.py,Sat Sep 24 13:48:20 2022 +0100
scikit-hep/awkward/src/awkward/operations/ak_nan_to_num.py,Sat Sep 24 13:48:20 2022 +0100
scikit-hep/awkward/src/awkward/operations/ak_from_json.py,Sat Sep 24 13:48:20 2022 +0100
scikit-hep/awkward/src/awkward/operations/ak_ones_like.py,Sat Sep 24 13:48:20 2022 +0100
scikit-hep/awkward/src/awkward/operations/ak_values_astype.py,Sat Sep 24 13:48:20 2022 +0100
scikit-hep/awkward/src/awkward/operations/ak_zeros_like.py,Sat Sep 24 13:48:20 2022 +0100
scikit-hep/awkward/src/awkward/operations/ak_unzip.py,Sat Sep 24 13:48:20 2022 +0100
scikit-hep/awkward/src/awkward/operations/ak_to_packed.py,Thu Dec 8 20:17:52 2022 -0600
scikit-hep/awkward/src/awkward/operations/ak_to_backend.py,Sat Sep 24 13:48:20 2022 +0100
scikit-hep/awkward/src/awkward/operations/ak_prod.py,Sat Sep 24 13:48:20 2022 +0100
scikit-hep/awkward/src/awkward/operations/ak_backend.py,Sat Sep 24 13:48:20 2022 +0100
scikit-hep/awkward/src/awkward/operations/ak_sort.py,Sat Sep 24 13:48:20 2022 +0100
scikit-hep/awkward/src/awkward/operations/ak_from_jax.py,Sat Sep 24 13:48:20 2022 +0100
scikit-hep/awkward/src/awkward/operations/ak_from_buffers.py,Sat Sep 24 13:48:20 2022 +0100
scikit-hep/awkward/src/awkward/operations/ak_var.py,Sat Sep 24 13:48:20 2022 +0100
scikit-hep/awkward/src/awkward/operations/ak_to_feather.py,Tue Sep 19 03:12:21 2023 +0000
scikit-hep/awkward/src/awkward/operations/ak_from_arrow_schema.py,Sat Sep 24 13:48:20 2022 +0100
scikit-hep/awkward/src/awkward/operations/ak_zip.py,Sat Sep 24 13:48:20 2022 +0100
scikit-hep/awkward/src/awkward/operations/ak_is_valid.py,Sat Sep 24 13:48:20 2022 +0100
scikit-hep/awkward/src/awkward/operations/ak_parameters.py,Sat Sep 24 13:48:20 2022 +0100
scikit-hep/awkward/src/awkward/operations/ak_to_numpy.py,Sat Sep 24 13:48:20 2022 +0100
scikit-hep/awkward/src/awkward/operations/ak_round.py,Wed Mar 20 22:28:15 2024 +0000
scikit-hep/awkward/src/awkward/operations/ak_ptp.py,Sat Sep 24 13:48:20 2022 +0100
scikit-hep/awkward/src/awkward/operations/ak_merge_option_of_records.py,Thu Feb 2 00:35:41 2023 +0000
scikit-hep/awkward/src/awkward/operations/ak_any.py,Sat Sep 24 13:48:20 2022 +0100
scikit-hep/awkward/src/awkward/operations/ak_mask.py,Sat Sep 24 13:48:20 2022 +0100
scikit-hep/awkward/src/awkward/operations/ak_is_tuple.py,Sat Sep 24 13:48:20 2022 +0100
scikit-hep/awkward/src/awkward/operations/ak_transform.py,Sat Sep 24 13:48:20 2022 +0100
scikit-hep/awkward/src/awkward/operations/ak_fill_none.py,Sat Sep 24 13:48:20 2022 +0100
scikit-hep/awkward/src/awkward/operations/ak_strings_astype.py,Sat Sep 24 13:48:20 2022 +0100
scikit-hep/awkward/src/awkward/operations/ak_moment.py,Sat Sep 24 13:48:20 2022 +0100
scikit-hep/awkward/src/awkward/operations/ak_imag.py,Wed Mar 20 22:28:15 2024 +0000
scikit-hep/awkward/src/awkward/operations/ak_real.py,Wed Mar 20 22:28:15 2024 +0000
scikit-hep/awkward/src/awkward/operations/ak_from_rdataframe.py,Sat Sep 24 13:48:20 2022 +0100
scikit-hep/awkward/src/awkward/operations/ak_to_cupy.py,Sat Sep 24 13:48:20 2022 +0100
scikit-hep/awkward/src/awkward/operations/__init__.py,Mon Nov 30 16:29:37 2020 -0600
scikit-hep/awkward/src/awkward/operations/ak_from_avro_file.py,Sat Sep 24 13:48:20 2022 +0100
scikit-hep/awkward/src/awkward/operations/ak_broadcast_arrays.py,Sat Sep 24 13:48:20 2022 +0100
scikit-hep/awkward/src/awkward/operations/ak_std.py,Sat Sep 24 13:48:20 2022 +0100
scikit-hep/awkward/src/awkward/operations/ak_to_regular.py,Sat Sep 24 13:48:20 2022 +0100
scikit-hep/awkward/src/awkward/operations/ak_isclose.py,Sat Sep 24 13:48:20 2022 +0100
scikit-hep/awkward/src/awkward/operations/ak_full_like.py,Sat Sep 24 13:48:20 2022 +0100
scikit-hep/awkward/src/awkward/operations/ak_local_index.py,Sat Sep 24 13:48:20 2022 +0100
scikit-hep/awkward/src/awkward/operations/ak_all.py,Sat Sep 24 13:48:20 2022 +0100
scikit-hep/awkward/src/awkward/operations/ak_max.py,Sat Sep 24 13:48:20 2022 +0100
scikit-hep/awkward/src/awkward/operations/ak_argmax.py,Sat Sep 24 13:48:20 2022 +0100
scikit-hep/awkward/src/awkward/operations/ak_where.py,Sat Sep 24 13:48:20 2022 +0100
scikit-hep/awkward/src/awkward/operations/ak_angle.py,Wed Mar 20 22:28:15 2024 +0000
scikit-hep/awkward/src/awkward/operations/ak_softmax.py,Sat Sep 24 13:48:20 2022 +0100
scikit-hep/awkward/src/awkward/operations/ak_metadata_from_parquet.py,Sat Sep 24 13:48:20 2022 +0100
scikit-hep/awkward/src/awkward/operations/ak_flatten.py,Sat Sep 24 13:48:20 2022 +0100
scikit-hep/awkward/src/awkward/operations/ak_without_field.py,Tue Dec 13 21:56:19 2022 +0000
scikit-hep/awkward/src/awkward/operations/ak_almost_equal.py,Fri Feb 3 22:18:36 2023 +0000
scikit-hep/awkward/src/awkward/operations/ak_ravel.py,Sat Sep 24 13:48:20 2022 +0100
scikit-hep/awkward/src/awkward/operations/ak_from_iter.py,Sat Sep 24 13:48:20 2022 +0100
scikit-hep/awkward/src/awkward/operations/ak_cartesian.py,Sat Sep 24 13:48:20 2022 +0100
scikit-hep/awkward/src/awkward/operations/ak_linear_fit.py,Sat Sep 24 13:48:20 2022 +0100
scikit-hep/awkward/src/awkward/operations/ak_argmin.py,Sat Sep 24 13:48:20 2022 +0100
scikit-hep/awkward/src/awkward/operations/ak_with_field.py,Sat Sep 24 13:48:20 2022 +0100
scikit-hep/awkward/src/awkward/_attrs.py,Wed Nov 8 16:23:06 2023 +0000
scikit-hep/awkward/src/awkward/_dispatch.py,Thu Jun 22 22:04:36 2023 +0100
scikit-hep/uproot5/tests/test_0414_write_jagged_arrays.py,Wed Dec 6 09:17:41 2023 -0600
scikit-hep/uproot5/tests/test_0870_writing_arrays_of_type_unknown_fix_822.py,Wed Dec 6 09:17:41 2023 -0600
scikit-hep/uproot5/tests/test_1085_dask_write.py,Tue Jan 23 09:05:55 2024 +0100
scikit-hep/uproot5/tests/test_0610_awkward_form.py,Wed Dec 6 09:17:41 2023 -0600
scikit-hep/uproot5/tests/test_0118_fix_name_fetch_again.py,Wed Dec 6 09:17:41 2023 -0600
scikit-hep/uproot5/tests/test_1127_fix_allow_colon_in_key_names.py,Thu Feb 15 17:15:18 2024 +0000
scikit-hep/uproot5/tests/test_0876_uproot_dask_blind_steps.py,Wed Dec 6 09:17:41 2023 -0600
scikit-hep/uproot5/tests/test_1207_fix_title_of_TBranch_with_counter.py,Tue May 7 15:44:49 2024 -0500
scikit-hep/uproot5/tests/test_0018_array_fetching_interface.py,Wed Dec 6 09:17:41 2023 -0600
scikit-hep/uproot5/tests/test_0652_dask_for_awkward.py,Wed Dec 6 09:17:41 2023 -0600
scikit-hep/uproot5/tests/test_0303_empty_jagged_array.py,Thu Nov 16 12:51:22 2023 -0600
scikit-hep/uproot5/tests/test_0034_generic_objects_in_ttrees.py,Wed Dec 6 09:17:41 2023 -0600
scikit-hep/uproot5/tests/test_0126_turn_unknown_emptyarrays_into_known_types.py,Wed Dec 6 09:17:41 2023 -0600
scikit-hep/uproot5/tests/test_0603_dask_delayed_open.py,Wed Dec 6 09:17:41 2023 -0600
scikit-hep/uproot5/tests/test_0700_dask_empty_arrays.py,Wed Dec 6 09:17:41 2023 -0600
scikit-hep/uproot5/tests/test_0643_reading_vector_pair_TLorentzVector_int.py,Wed Dec 6 09:17:41 2023 -0600
scikit-hep/uproot5/tests/test_0962_RNTuple_update.py,Wed Dec 6 09:17:41 2023 -0600
scikit-hep/uproot5/tests/test_1058_dask_awkward_report.py,Mon Dec 11 18:35:19 2023 -0600
scikit-hep/uproot5/tests/test_1063_dask_distributed.py,Wed Dec 13 17:56:43 2023 -0600
scikit-hep/uproot5/tests/test_0912_fix_pandas_and_double_nested_vectors_issue_885.py,Wed Dec 6 09:17:41 2023 -0600
scikit-hep/uproot5/tests/test_0755_dask_awkward_column_projection.py,Wed Dec 6 09:17:41 2023 -0600
scikit-hep/uproot5/tests/test_0442_regular_TClonesArray.py,Wed Dec 6 09:17:41 2023 -0600
scikit-hep/uproot5/tests/test_0498_create_leaf_branch_in_extend.py,Wed Dec 6 09:17:41 2023 -0600
scikit-hep/uproot5/tests/test_0940_feat_add_TLeafC_string_support.py,Wed Dec 6 09:17:41 2023 -0600
scikit-hep/uproot5/tests/test_0044_concatenate_function.py,Wed Dec 6 09:17:41 2023 -0600
scikit-hep/uproot5/tests/test_0033_more_interpretations_2.py,Wed Dec 6 09:17:41 2023 -0600
scikit-hep/uproot5/tests/test_0053_parents_should_not_be_bases.py,Wed Dec 6 09:17:41 2023 -0600
scikit-hep/uproot5/src/uproot/streamers.py,Wed Mar 31 14:34:32 2021 -0500
scikit-hep/uproot5/src/uproot/writing/_cascadentuple.py,Fri Jan 6 19:42:25 2023 +0000
scikit-hep/uproot5/src/uproot/writing/_cascadetree.py,Thu Aug 19 21:04:38 2021 +0000
scikit-hep/uproot5/src/uproot/writing/identify.py,Thu Aug 19 21:04:38 2021 +0000
scikit-hep/uproot5/src/uproot/writing/_dask_write.py,Tue Jan 23 09:05:55 2024 +0100
scikit-hep/uproot5/src/uproot/_dask.py,Thu Aug 11 10:47:41 2022 +0530
scikit-hep/uproot5/src/uproot/models/TTime.py,Mon Mar 25 19:41:59 2024 +0100
scikit-hep/uproot5/src/uproot/models/TAtt.py,Wed Mar 31 14:34:32 2021 -0500
scikit-hep/uproot5/src/uproot/models/TGraph.py,Wed May 5 20:45:35 2021 +0000
scikit-hep/uproot5/src/uproot/models/TH.py,Wed May 5 20:45:35 2021 +0000
scikit-hep/uproot5/src/uproot/extras.py,Wed Mar 31 14:34:32 2021 -0500
scikit-hep/uproot5/src/uproot/interpretation/objects.py,Wed Mar 31 14:34:32 2021 -0500
scikit-hep/uproot5/src/uproot/interpretation/strings.py,Wed Mar 31 14:34:32 2021 -0500
scikit-hep/uproot5/src/uproot/interpretation/library.py,Wed Mar 31 14:34:32 2021 -0500
scikit-hep/uproot-browser/src/uproot_browser/plot_mpl.py,Thu Mar 10 15:05:00 2022 -0500
scikit-hep/uproot-browser/src/uproot_browser/plot.py,Thu Jan 27 15:45:43 2022 -0500
scikit-hep/ragged/tests/conftest.py,Sat Dec 30 14:40:09 2023 +0000
scikit-hep/ragged/tests/test_spec_data_type_functions.py,Thu Dec 28 13:52:12 2023 +0000
scikit-hep/ragged/tests/test_spec_elementwise_functions.py,Thu Dec 28 13:52:12 2023 +0000
scikit-hep/ragged/tests/test_spec_manipulation_functions.py,Thu Dec 28 13:52:12 2023 +0000
scikit-hep/ragged/tests/test_spec_searching_functions.py,Thu Dec 28 13:52:12 2023 +0000
scikit-hep/ragged/src/ragged/_spec_creation_functions.py,Sat Dec 30 14:40:09 2023 +0000
scikit-hep/ragged/src/ragged/io/cf.py,Thu Mar 7 02:50:27 2024 +0000
scikit-hep/ragged/src/ragged/_spec_statistical_functions.py,Sat Dec 30 14:40:09 2023 +0000
scikit-hep/ragged/src/ragged/_spec_array_object.py,Sat Dec 30 14:40:09 2023 +0000
scikit-hep/ragged/src/ragged/_spec_searching_functions.py,Sat Dec 30 14:40:09 2023 +0000
scikit-hep/ragged/src/ragged/_spec_manipulation_functions.py,Sat Dec 30 14:40:09 2023 +0000
scikit-hep/ragged/src/ragged/_spec_sorting_functions.py,Sat Dec 30 14:40:09 2023 +0000
scikit-hep/ragged/src/ragged/_spec_indexing_functions.py,Sat Dec 30 14:40:09 2023 +0000
scipp-atlas/mapyde/scripts/root2hdf5_slepton.py,Fri May 13 10:21:01 2022 -0700
scottyhq/stackstac/stackstac/prepare.py,Wed Mar 10 18:36:56 2021 -0700
scverse/scirpy/src/scirpy/pp/_index_chains.py,Wed May 24 21:44:44 2023 +0200
scverse/scirpy/src/scirpy/io/_convert_anndata.py,Wed May 24 21:44:44 2023 +0200
scverse/scirpy/src/scirpy/io/_legacy.py,Wed May 24 21:44:44 2023 +0200
scverse/scirpy/src/scirpy/tests/test_preprocessing.py,Wed May 24 21:44:44 2023 +0200
scverse/scirpy/src/scirpy/tests/util.py,Wed May 24 21:44:44 2023 +0200
scverse/scirpy/src/scirpy/tl/_chain_qc.py,Wed May 24 21:44:44 2023 +0200
scverse/scirpy/src/scirpy/get/__init__.py,Wed May 24 21:44:44 2023 +0200
scverse/scirpy/src/scirpy/util/__init__.py,Wed May 24 21:44:44 2023 +0200
selipot/clouddrift/tests/raggedarray_tests.py,Thu May 11 15:52:50 2023 -0400
selipot/clouddrift/clouddrift/raggedarray.py,Thu May 11 15:52:50 2023 -0400
sfrias/stackstac/stackstac/prepare.py,Wed Mar 10 18:36:56 2021 -0700
shane-breeze/zinv-analysis/tests/unit/utils/test_Geometry.py,Fri Jun 14 19:12:10 2019 +0100
shane-breeze/zinv-analysis/tests/unit/utils/test_AwkwardOps.py,Fri Jun 14 19:05:26 2019 +0100
shane-breeze/zinv-analysis/tests/unit/modules/readers/test_EventFunctions.py,Sat Aug 10 17:41:19 2019 +0100
shane-breeze/zinv-analysis/tests/unit/modules/readers/test_ObjectFunctions.py,Sat Aug 10 17:41:19 2019 +0100
shane-breeze/zinv-analysis/tests/unit/modules/readers/test_WeightQcdEwk.py,Sat Aug 10 17:41:19 2019 +0100
shane-breeze/zinv-analysis/tests/unit/modules/readers/test_WeightMetTrigger.py,Sat Aug 10 17:41:19 2019 +0100
shane-breeze/zinv-analysis/tests/unit/modules/readers/test_EventTools.py,Sat Aug 10 17:41:19 2019 +0100
shane-breeze/zinv-analysis/tests/unit/modules/readers/test_WeightPdfScale.py,Sat Aug 10 17:41:19 2019 +0100
shane-breeze/zinv-analysis/tests/unit/modules/readers/test_WeightBTagging.py,Sat Aug 10 17:41:19 2019 +0100
shane-breeze/zinv-analysis/tests/unit/modules/readers/test_WeightPileup.py,Sat Aug 10 17:41:19 2019 +0100
shane-breeze/zinv-analysis/tests/unit/modules/readers/test_WeightXsLumi.py,Sat Aug 10 17:41:19 2019 +0100
shane-breeze/zinv-analysis/tests/unit/modules/readers/test_WeightObjects.py,Sat Aug 10 17:41:19 2019 +0100
shane-breeze/zinv-analysis/tests/unit/modules/readers/test_SelectionProducer.py,Sat Aug 10 17:41:19 2019 +0100
shane-breeze/zinv-analysis/tests/unit/modules/readers/test_WeightPreFiring.py,Sat Aug 10 17:41:19 2019 +0100
shane-breeze/zinv-analysis/tests/unit/modules/readers/test_ObjectCrossCleaning.py,Sat Aug 10 17:41:19 2019 +0100
shane-breeze/zinv-analysis/tests/unit/modules/readers/test_JecVariations.py,Sat Aug 10 17:41:19 2019 +0100
shane-breeze/zinv-analysis/tests/unit/modules/readers/test_LHEPartAssigner.py,Sat Aug 10 17:41:19 2019 +0100
shane-breeze/zinv-analysis/tests/unit/modules/readers/test_GenBosonProducer.py,Sat Aug 10 17:41:19 2019 +0100
shane-breeze/zinv-analysis/tests/unit/modules/readers/test_CollectionCreator.py,Sat Aug 10 17:41:19 2019 +0100
shane-breeze/zinv-analysis/tests/unit/modules/readers/test_SkimCollection.py,Sat Aug 10 17:41:19 2019 +0100
shane-breeze/zinv-analysis/zinv/utils/cache_funcs.py,Tue Apr 16 13:32:00 2019 +0100
shane-breeze/zinv-analysis/zinv/utils/Lambda.py,Thu Mar 14 13:06:15 2019 +0000
shane-breeze/zinv-analysis/zinv/modules/readers/EventTools.py,Sat Aug 10 17:41:19 2019 +0100
shane-breeze/zinv-analysis/zinv/modules/readers/SkimCollections.py,Sat Aug 10 17:41:19 2019 +0100
shane-breeze/zinv-analysis/zinv/modules/readers/WeightBTagging.py,Sat Aug 10 17:41:19 2019 +0100
shane-breeze/zinv-analysis/zinv/modules/readers/JecVariations.py,Sat Aug 10 17:41:19 2019 +0100
shane-breeze/zinv-analysis/zinv/modules/readers/WeightObjects.py,Sat Aug 10 17:41:19 2019 +0100
shane-breeze/zinv-analysis/zinv/modules/readers/ObjectFunctions.py,Sat Aug 10 17:41:19 2019 +0100
shane-breeze/zinv-analysis/zinv/modules/readers/GenBosonProducer.py,Sat Aug 10 17:41:19 2019 +0100
shane-breeze/zinv-analysis/zinv/modules/readers/ObjectCrossCleaning.py,Sat Aug 10 17:41:19 2019 +0100
shedprog/ParticleNet-LLSTau/tf-keras/keras_train.ipynb,Thu Oct 10 04:09:46 2019 +0200
shedprog/ParticleNet-LLSTau/tf-keras/convert_dataset.ipynb,Thu Oct 10 04:09:46 2019 +0200
sigma-epsilon/sigmaepsilon.math/tests/test_utils.py,Fri Jun 30 00:09:03 2023 +0200
sigma-epsilon/sigmaepsilon.math/src/sigmaepsilon/math/linalg/sparse/jaggedarray.py,Fri Jun 30 00:09:03 2023 +0200
sigma-epsilon/sigmaepsilon.math/src/sigmaepsilon/math/linalg/sparse/csr.py,Fri Jun 30 00:09:03 2023 +0200
sigma-epsilon/sigmaepsilon.math/src/sigmaepsilon/math/arraysetops.py,Fri Jun 30 00:09:03 2023 +0200
sigma-epsilon/sigmaepsilon.mesh/tests/test_pointdata.py,Thu Oct 26 01:20:29 2023 +0200
sigma-epsilon/sigmaepsilon.mesh/src/sigmaepsilon/mesh/topoarray.py,Fri Jun 30 00:28:40 2023 +0200
sigma-epsilon/sigmaepsilon.mesh/src/sigmaepsilon/mesh/data/polydata.py,Sun Sep 10 10:44:34 2023 +0200
sigma-epsilon/sigmaepsilon.mesh/src/sigmaepsilon/mesh/data/akwrapper.py,Sun Sep 10 10:44:34 2023 +0200
sigma-epsilon/sigmaepsilon.mesh/src/sigmaepsilon/mesh/data/pointdata.py,Sun Sep 10 10:44:34 2023 +0200
sigma-epsilon/sigmaepsilon.mesh/src/sigmaepsilon/mesh/utils/topology/tr.py,Fri Jun 30 00:28:40 2023 +0200
sigma-epsilon/sigmaepsilon.mesh/src/sigmaepsilon/mesh/utils/topology/topo.py,Fri Jun 30 00:28:40 2023 +0200
SijunXu/EventImage/utils/lorentz.py,Mon Jul 27 16:23:36 2020 +0800
silvxlabs/DripTorch/driptorch/pattern.py,Thu Jun 9 17:09:36 2022 -0600
Skagamaster/Python_Pico_Reader/pico_reader/pico_reader.py,Mon Apr 12 12:30:25 2021 -0400
Skagamaster/Python_Pico_Reader/tests/main.py,Mon Apr 12 13:11:16 2021 -0400
Skagamaster/Python_Pico_Reader/tests/test_filters.py,Tue Apr 13 16:38:23 2021 -0400
Skagamaster/Python_Pico_Reader/tests/basic_tests.py,Mon Apr 12 13:06:45 2021 -0400
Snowmass21-software/analysis-example-python/analysis.py,Thu Sep 9 11:56:11 2021 -0700
soleti/ml_tutorial/Tutorial.ipynb,Thu Sep 1 10:25:58 2022 -0700
soleti/DeePID/DeePID.ipynb,Wed Jun 1 15:22:58 2022 -0700
sophiemiddleton/SourceFitting/PythonFitting/TTree_zfit.ipynb,Tue May 7 14:21:32 2024 -0700
sophiemiddleton/SourceFitting/PythonFitting/TTree_gaussian.ipynb,Tue May 7 14:21:32 2024 -0700
sophiemiddleton/SourceFitting/PythonFitting/zfit.ipynb,Tue Jan 30 14:58:35 2024 -0600
sophiemiddleton/SourceFitting/PythonFitting/PeakFinder.ipynb,Fri Aug 2 10:47:19 2024 -0500
sophiemiddleton/SourceFitting/PythonFitting/GoodnessOfFit.ipynb,Mon Jun 10 14:27:34 2024 -0700
sophiemiddleton/SourceFitting/PythonFitting/BG_calc.ipynb,Fri Aug 2 10:47:19 2024 -0500
sophiemiddleton/SourceFitting/PythonFitting/Chi_Sq_minimiser.ipynb,Fri Aug 2 10:47:19 2024 -0500
sophiemiddleton/SourceFitting/PythonFitting/1stVRSN.ipynb,Tue May 14 11:19:03 2024 -0700
SridharaDasu/UprootPyPlot/plot_particle_pair_mass.py,Tue Apr 18 16:13:06 2023 +0200
SridharaDasu/MuColCalHits/plot_rz.py,Fri Aug 11 13:52:35 2023 -0500
SridharaDasu/MuColCalHits/plot_energies.py,Fri Aug 11 13:52:35 2023 -0500
SridharaDasu/MuColCalHits/plots.ipynb,Fri Aug 25 17:40:48 2023 -0500
SridharaDasu/MuColCalHits/plot_xy.py,Fri Aug 11 13:52:35 2023 -0500
sshyran/dask-awkward/docs/examples/demo-00.ipynb,Thu Oct 7 08:55:51 2021 -0500
sshyran/dask-awkward/tests/test_io.py,Fri May 6 15:02:49 2022 -0400
sshyran/dask-awkward/tests/test_describe.py,Fri May 6 15:02:49 2022 -0400
sshyran/dask-awkward/tests/test_behavior.py,Fri May 6 15:02:49 2022 -0400
sshyran/dask-awkward/tests/test_core.py,Thu Sep 23 13:07:07 2021 -0400
sshyran/dask-awkward/tests/test_utils.py,Wed Nov 10 12:47:18 2021 -0600
sshyran/dask-awkward/tests/test_reducers.py,Fri May 6 15:02:49 2022 -0400
sshyran/dask-awkward/tests/test_getitem.py,Mon Nov 8 22:42:02 2021 -0600
sshyran/dask-awkward/tests/conftest.py,Fri May 6 15:02:49 2022 -0400
sshyran/dask-awkward/tests/test_ufunc.py,Tue Nov 16 20:39:47 2021 -0600
sshyran/dask-awkward/tests/test_distributed.py,Tue May 31 09:53:29 2022 -0400
sshyran/dask-awkward/tests/test_structure.py,Fri May 6 15:02:49 2022 -0400
sshyran/dask-awkward/src/dask_awkward/lib/structure.py,Tue Sep 6 13:09:49 2022 -0500
sshyran/dask-awkward/src/dask_awkward/lib/io/scratch.py,Tue Sep 6 13:09:49 2022 -0500
sshyran/dask-awkward/src/dask_awkward/lib/io/io.py,Tue Sep 6 13:09:49 2022 -0500
sshyran/dask-awkward/src/dask_awkward/lib/io/json.py,Tue Sep 6 13:09:49 2022 -0500
sshyran/dask-awkward/src/dask_awkward/lib/reducers.py,Tue Sep 6 13:09:49 2022 -0500
sshyran/dask-awkward/src/dask_awkward/lib/core.py,Tue Sep 6 13:09:49 2022 -0500
sshyran/dask-awkward/src/dask_awkward/lib/__init__.py,Tue Sep 6 13:09:49 2022 -0500
sshyran/dask-awkward/src/dask_awkward/lib/describe.py,Tue Sep 6 13:09:49 2022 -0500
sshyran/dask-awkward/src/dask_awkward/lib/testutils.py,Tue Sep 6 13:09:49 2022 -0500
sshyran/dask-awkward/src/dask_awkward/utils.py,Tue Nov 2 13:09:30 2021 -0500
sshyran/dask-awkward/src/dask_awkward/layers/__init__.py,Tue Sep 6 13:09:49 2022 -0500
sshyran/dask-awkward/src/dask_awkward/layers/layers.py,Tue Sep 6 13:09:49 2022 -0500
sshyran/dask-awkward/src/dask_awkward/__init__.py,Thu Aug 19 15:51:28 2021 -0400
ssl-hep/ServiceX_datastream/servicex/datastream/pyarrowdemo.py,Mon May 13 17:52:17 2019 -0500
ssl-hep/ServiceX_datastream/servicex/datastream/reader.py,Wed May 22 16:49:18 2019 -0500
ssl-hep/ServiceX_frontend/servicex/servicexabc.py,Thu Jun 11 00:28:28 2020 -0700
ssl-hep/ServiceX_frontend/servicex/data_conversions.py,Mon Jun 1 12:50:51 2020 -0700
ssl-hep/ServiceX_frontend/tests/conftest.py,Fri Jul 17 23:55:20 2020 -0400
ssl-hep/ServiceX_frontend/tests/test_data_conversions.py,Mon Jun 1 12:50:51 2020 -0700
ssl-hep/ServiceX_analyzer/invariant_mass.py,Wed Jun 5 07:19:45 2019 -0700
ssl-hep/ServiceX_analyzer/histogrammer.py,Tue Jun 11 13:37:16 2019 -0700
ssl-hep/ServiceX_analyzer/arrow_analyzer.py,Tue Jun 4 14:33:11 2019 -0500
ssl-hep/ServiceX_Uproot_Transformer/transformer.py,Mon Dec 30 16:01:22 2019 -0600
ssl-hep/ServiceX_transformer/servicex/transformer/uproot_transformer.py,Mon Jan 13 15:57:02 2020 -0600
ssl-hep/ServiceX/did_finder_cernopendata/samples/simple_plot.ipynb,Sat May 22 11:01:31 2021 -0700
ssl-hep/ServiceX/docs/user/func_adl_xaod.ipynb,Wed Sep 28 15:02:12 2022 -0500
ssl-hep/ServiceX/transformer_sidecar/src/transformer_sidecar/object_store_uploader.py,Thu Nov 17 11:44:45 2022 -0600
ssl-hep/ServiceX/examples/ATLAS/UprootExample.ipynb,Wed Sep 28 15:02:12 2022 -0500
ssl-hep/ServiceX/examples/ATLAS/Z_ee.ipynb,Wed Sep 28 15:02:12 2022 -0500
ssl-hep/ServiceX/code_generator_raw_uproot/servicex/raw_uproot_code_generator/request_translator.py,Wed Apr 17 15:13:24 2024 -0500
ssl-hep/ServiceX/code_generator_raw_uproot/servicex/templates/transform_single_file.py,Wed Apr 17 15:13:24 2024 -0500
ssl-hep/ServiceX/did_finder_rucio/sample/xaod_query.ipynb,Tue May 25 16:25:04 2021 -0700
ssl-hep/ServiceX/code_generator_python/python_code_generator/templates/transform_single_file.py,Thu Feb 15 13:47:35 2024 -0600
ssl-hep/ServiceX/code_generator_funcadl_uproot/uproot_code_generator/templates/transform_single_file.py,Wed Feb 14 10:59:45 2024 -0600
Star9daisy/hep-ml-lab/tests/observables/test_n_subjettiness.py,Wed Jan 31 11:25:23 2024 +0000
Star9daisy/hep-ml-lab/tests/observables/test_charge_and_tag.py,Mon Mar 11 02:55:00 2024 +0000
Star9daisy/hep-ml-lab/tests/observables/test_kinematics.py,Mon Mar 4 07:19:16 2024 +0000
Star9daisy/hep-ml-lab/tests/representations/test_image.py,Thu Feb 1 09:34:38 2024 +0000
Star9daisy/hep-ml-lab/hml/observables/observable.py,Sat Jan 20 09:51:59 2024 +0000
Star9daisy/hep-ml-lab/hml/observables/invariant_mass.py,Thu Dec 28 09:36:57 2023 +0000
Star9daisy/hep-ml-lab/hml/observables/n_subjettiness.py,Thu Dec 28 09:36:57 2023 +0000
Star9daisy/hep-ml-lab/hml/observables/angular_distance.py,Thu Dec 28 09:36:57 2023 +0000
Star9daisy/hep-ml-lab/hml/representations/set.py,Thu Dec 28 09:36:57 2023 +0000
Star9daisy/hep-ml-lab/hml/representations/image.py,Thu Dec 28 09:36:57 2023 +0000
Star9daisy/hep-ml-lab/hml/datasets/set_dataset.py,Thu Dec 28 09:36:57 2023 +0000
Star9daisy/hep-ml-lab/hml/datasets/image_dataset.py,Thu Dec 28 09:36:57 2023 +0000
Star9daisy/hep-ml-lab/hml/operations/uproot_ops.py,Mon Mar 25 13:55:28 2024 +0000
Star9daisy/hep-ml-lab/hml/approaches/cuts/cut.py,Thu Dec 28 09:36:57 2023 +0000
talnoam/DGCNN-/convert_dataset.py,Mon Oct 12 21:29:59 2020 +0300
talnoam/DGCNN-/performance.ipynb,Mon Oct 12 21:29:59 2020 +0300
talnoam/DGCNN-/train_model.py,Mon Oct 12 21:29:59 2020 +0300
tamaraSlu/food-ordering-devOps/backend/main.py,Sun Jun 25 21:05:23 2023 +0300
tamasgal/uproot5/tests/test_0643-reading-vector-pair-TLorentzVector-int.py,Thu Aug 11 21:12:46 2022 +0000
tamasgal/uproot5/tests/test_0498-create-leaf-branch-in-extend.py,Fri Nov 5 17:51:03 2021 +0000
tamasgal/uproot5/tests/test_0018-array-fetching-interface.py,Tue Jun 2 19:23:49 2020 -0500
tamasgal/uproot5/tests/test_0126-turn-unknown-emptyarrays-into-known-types.py,Fri Nov 20 14:46:55 2020 -0600
tamasgal/uproot5/tests/test_0034-generic-objects-in-ttrees.py,Wed Jul 1 22:54:07 2020 -0500
tamasgal/uproot5/tests/test_0118-fix-name-fetch-again.py,Sat Sep 26 17:39:04 2020 -0500
tamasgal/uproot5/tests/test_0053-parents-should-not-be-bases.py,Sun Jul 19 20:08:52 2020 -0500
tamasgal/uproot5/tests/test_0044-concatenate-function.py,Tue Jul 7 13:33:34 2020 -0500
tamasgal/uproot5/tests/test_0662-rntuple-stl-containers.py,Thu Aug 18 17:01:34 2022 -0400
tamasgal/uproot5/tests/test_0442-regular-TClonesArray.py,Mon Sep 20 15:09:59 2021 -0400
tamasgal/uproot5/tests/test_0414-write-jagged-arrays.py,Thu Aug 19 18:38:46 2021 +0000
tamasgal/uproot5/tests/test_0303-empty-jagged-array.py,Fri Mar 12 13:11:32 2021 -0600
tamasgal/uproot5/tests/test_610-awkward-form.py,Fri Jul 1 11:34:08 2022 -0500
tamasgal/uproot5/tests/test_0652_dask-for-awkward.py,Thu Aug 11 10:47:41 2022 +0530
tamasgal/uproot5/tests/test_0033-more-interpretations-2.py,Fri Jun 26 19:51:54 2020 -0500
tamasgal/uproot5/tests/test_0700-dask-empty-arrays.py,Fri Sep 2 21:54:00 2022 +0530
tamasgal/uproot5/src/uproot/streamers.py,Wed Mar 31 14:34:32 2021 -0500
tamasgal/uproot5/src/uproot/writing/_cascadetree.py,Thu Aug 19 21:04:38 2021 +0000
tamasgal/uproot5/src/uproot/writing/identify.py,Thu Aug 19 21:04:38 2021 +0000
tamasgal/uproot5/src/uproot/models/TAtt.py,Wed Mar 31 14:34:32 2021 -0500
tamasgal/uproot5/src/uproot/models/TGraph.py,Wed May 5 20:45:35 2021 +0000
tamasgal/uproot5/src/uproot/models/RNTuple.py,Wed Mar 31 14:34:32 2021 -0500
tamasgal/uproot5/src/uproot/models/TH.py,Wed May 5 20:45:35 2021 +0000
tamasgal/uproot5/src/uproot/extras.py,Wed Mar 31 14:34:32 2021 -0500
tamasgal/uproot5/src/uproot/interpretation/objects.py,Wed Mar 31 14:34:32 2021 -0500
tamasgal/uproot5/src/uproot/interpretation/strings.py,Wed Mar 31 14:34:32 2021 -0500
tamasgal/uproot5/src/uproot/interpretation/library.py,Wed Mar 31 14:34:32 2021 -0500
Tashif-Bashir/ACTSDEMO/Examples/Scripts/generic_plotter.py,Tue Sep 6 12:19:13 2022 +0000
Tashif-Bashir/ACTSDEMO/Examples/Python/tests/helpers/hash_root.py,Tue Oct 26 12:51:01 2021 +0200
taylorai/mlx_embedding_models/src/mlx_embedding_models/embedding.py,Sun Feb 11 11:46:49 2024 -0800
tcuisset/HgcalClue3DClusteringPlotting/clue3D-results/showerAxis/pca-codeFromAlessandro/test.ipynb,Mon May 22 15:50:37 2023 +0200
tcuisset/HgcalClue3DClusteringPlotting/impact/hit-selections-study.ipynb,Mon May 22 15:50:37 2023 +0200
tcuisset/HgcalClue3DClusteringPlotting/impact/barycenter.ipynb,Mon May 22 15:50:37 2023 +0200
tcuisset/HgcalClue3DClusteringPlotting/impact/plotEvent.ipynb,Mon May 22 15:50:37 2023 +0200
tcuisset/HgcalClue3DClusteringPlotting/calibration/total-event-energy.ipynb,Mon May 22 15:50:37 2023 +0200
tcuisset/HgcalClue3DClusteringPlotting/calibration/new_calibration.ipynb,Sat Jul 1 11:57:28 2023 +0200
tcuisset/HgcalClue3DClusteringPlotting/calibration/fitRechitEnergies.ipynb,Mon May 22 15:50:37 2023 +0200
tcuisset/HgcalClue3DClusteringPlotting/event_visualizer/plotter/utils.py,Mon May 22 15:44:40 2023 +0200
tcuisset/HgcalClue3DClusteringPlotting/event_visualizer/notebook_visualizer.py,Tue May 23 15:17:37 2023 +0200
tcuisset/HgcalClue3DClusteringPlotting/event_visualizer/dash_app/tables.py,Mon May 22 15:44:40 2023 +0200
tcuisset/HgcalClue3DClusteringPlotting/event_visualizer/event_index.py,Mon May 22 15:44:40 2023 +0200
tcuisset/HgcalClue3DClusteringPlotting/ml/dataset_maker/tensors.py,Tue Jun 6 11:56:45 2023 +0200
tcuisset/HgcalClue3DClusteringPlotting/ml/dataset_maker/filters.py,Tue Jun 6 11:56:45 2023 +0200
tcuisset/HgcalClue3DClusteringPlotting/ml/calibration/energy_distribution_from_weights.py,Tue Jun 6 11:59:17 2023 +0200
tcuisset/HgcalClue3DClusteringPlotting/ml/regression/drn/dataset_making.py,Tue Jun 13 16:58:27 2023 +0200
tcuisset/HgcalClue3DClusteringPlotting/ml/shamik/make_datasets.ipynb,Thu Jan 4 12:35:12 2024 +0100
tcuisset/HgcalClue3DClusteringPlotting/energy_resolution/load_data.ipynb,Mon May 22 14:45:06 2023 +0200
tcuisset/HgcalClue3DClusteringPlotting/longitudinalProfile/camel/plots_report.ipynb,Sat Jul 1 11:59:05 2023 +0200
tcuisset/HgcalClue3DClusteringPlotting/longitudinalProfile/camel/peak_finding.py,Fri Jun 2 11:52:49 2023 +0200
tcuisset/HgcalClue3DClusteringPlotting/ntupleReaders/tools.py,Tue Jun 6 11:54:02 2023 +0200
tcuisset/HgcalClue3DClusteringPlotting/ntupleReaders/raw_ntuple_reader.py,Tue May 30 16:37:14 2023 +0200
tcuisset/HgcalClue3DClusteringPlotting/ntupleReaders/computation.py,Tue May 30 16:37:14 2023 +0200
tcuisset/HgcalClue3DClusteringPlotting/rechits/protonSelection.ipynb,Fri Jun 2 11:53:31 2023 +0200
tcuisset/HgcalClue3DClusteringPlotting/rechits/rechitsCountPerTrackster.ipynb,Thu Jan 4 12:35:32 2024 +0100
tcuisset/HgcalClue3DClusteringPlotting/rechits/rechitsAtIdenticalPositions.ipynb,Mon May 22 15:50:37 2023 +0200
tcuisset/HgcalClue3DClusteringPlotting/rechits/plotRechitsPositions.ipynb,Mon May 22 15:50:37 2023 +0200
tcuisset/HgcalClue3DClusteringPlotting/locateEvents/smallMainTrackster.ipynb,Mon May 22 15:44:40 2023 +0200
tcuisset/HgcalClue3DClusteringPlotting/locateEvents/layerWithMaxEnergy.ipynb,Mon May 22 15:44:40 2023 +0200
tcuisset/HgcalClue3DClusteringPlotting/locateEvents/splitTracksters.ipynb,Mon May 22 15:44:40 2023 +0200
tcuisset/HgcalClue3DClusteringPlotting/locateEvents/ntupleNumbers.ipynb,Mon May 22 15:44:40 2023 +0200
tcuisset/HgcalClue3DClusteringPlotting/locateEvents/displacedLayerCluster/displacedLayerCluster.ipynb,Mon May 22 15:44:40 2023 +0200
tcuisset/HgcalClue3DClusteringPlotting/locateEvents/smallRecoEnergy.ipynb,Mon May 22 15:44:40 2023 +0200
tcuisset/HgcalClue3DClusteringPlotting/dash_event_visualizer.py,Wed Apr 19 15:15:21 2023 +0200
tcuisset/HgcalClue3DClusteringPlotting/hists/dataframe_test.ipynb,Mon Mar 6 18:01:06 2023 +0100
tcuisset/HgcalClue3DClusteringPlotting/hists/dataframe.py,Mon Mar 6 18:01:06 2023 +0100
tcuisset/HgcalClue3DClusteringPlotting/hists/dataframe_cython.ipynb,Mon May 22 15:50:37 2023 +0200
terasakisatoshi/uproot-browser/src/uproot_browser/plot_mpl.py,Thu Mar 10 15:05:00 2022 -0500
terasakisatoshi/uproot-browser/src/uproot_browser/plot.py,Thu Jan 27 15:45:43 2022 -0500
theislab/ehrdata/ehrdata/pp/_omop.py,Wed Feb 14 12:10:54 2024 +0100
theislab/ehrdata/ehrdata/io/_omop.py,Wed Feb 14 12:10:54 2024 +0100
tlprotzman/Python_Pico_Reader/pico_reader/pico_reader.py,Mon Apr 12 12:30:25 2021 -0400
tlprotzman/Python_Pico_Reader/tests/main.py,Mon Apr 12 13:11:16 2021 -0400
tlprotzman/Python_Pico_Reader/tests/test_filters.py,Tue Apr 13 16:38:23 2021 -0400
tlprotzman/Python_Pico_Reader/tests/basic_tests.py,Mon Apr 12 13:06:45 2021 -0400
tomeichlersmith/uplcio/tests/test_basic_headers.py,Fri Nov 17 16:34:20 2023 -0600
tomeichlersmith/uplcio/src/uplcio/__init__.py,Wed Nov 8 13:20:31 2023 -0600
tylerni7/missile-tid/tid/awkward.py,Mon Sep 6 13:50:28 2021 -0400
tzuhanchang/Pythium/misc/legacy/histogramming/Konrad/cross_product_functions.py,Thu Jun 30 10:53:04 2022 +0200
tzuhanchang/Pythium/configs/tth_config.py,Thu Mar 3 16:38:13 2022 +0000
tzuhanchang/Pythium/configs/tth_ICvSM_config.py,Mon May 16 10:03:13 2022 +0200
tzuhanchang/Pythium/tests/histogramming/ndim_functors.py,Sun Jul 3 10:09:27 2022 +0200
tzuhanchang/Pythium/tests/histogramming/expr_evaluator_test.py,Mon Jun 27 09:20:32 2022 +0200
tzuhanchang/Pythium/src/pythium/common/functor.py,Sun Jul 3 10:09:27 2022 +0200
tzuhanchang/Pythium/src/pythium/common/tools.py,Sun Jul 3 10:09:27 2022 +0200
tzuhanchang/Pythium/src/pythium/common/user_tools.py,Sun Jul 3 10:09:27 2022 +0200
tzuhanchang/Pythium/src/pythium/sklimming/reader.py,Sun Jul 3 10:09:27 2022 +0200
tzuhanchang/Pythium/src/pythium/sklimming/writer.py,Sun Jul 3 10:09:27 2022 +0200
tzuhanchang/Pythium/src/pythium/histogramming/managers.py,Sun Jul 31 19:27:53 2022 +0200
uc-lhcb/pv-finder/scripts/ProcessDataCMS.py,Tue Jun 22 16:14:46 2021 +0000
uc-lhcb/pv-finder/model/origdata_mds_poca_KDE.py,Wed Sep 23 22:12:06 2020 -0400
uc-lhcb/pv-finder/model/collectdata_kde_Ellipsoids.py,Fri Nov 6 20:44:35 2020 -0500
uc-lhcb/pv-finder/model/origdata.py,Fri Aug 10 07:27:10 2018 -0400
uc-lhcb/pv-finder/model/collectdata_July2020.py,Fri Jul 24 20:44:38 2020 -0400
uc-lhcb/pv-finder/model/collectdata_kde_Ellipsoids_jul2022.py,Tue Jul 12 12:19:57 2022 -0400
uc-lhcb/pv-finder/model/collectdata_mdsA.py,Tue Jun 25 15:24:57 2019 -0400
uc-lhcb/pv-finder/model/collectdata_t2hists.py,Wed Dec 30 07:16:51 2020 -0500
uc-lhcb/pv-finder/model/jagged.py,Tue Nov 20 23:40:04 2018 +0000
uc-lhcb/pv-finder/model/origdata_mdsA.py,Mon Aug 26 09:14:27 2019 -0400
uc-lhcb/pv-finder/model/collectdata_kde_A.py,Wed Jul 29 22:56:05 2020 -0400
uc-lhcb/pv-finder/model/collectdata_sakar_TPVA.py,Tue Jun 22 07:40:20 2021 -0400
uc-lhcb/pv-finder/model/collectdata.py,Mon Jul 30 10:51:52 2018 -0400
uc-lhcb/pv-finder/model/origdata_mds_poca_KDE_with_normalization.py,Sat Dec 26 13:37:41 2020 -0500
uc-lhcb/pv-finder/model/cmsdata.py,Tue Jun 22 16:14:46 2021 +0000
uc-lhcb/pv-finder/model/plots_emk_200518.py,Wed May 19 16:10:12 2021 -0400
uc-lhcb/pv-finder/model/collectdata_poca_KDE.py,Wed Sep 23 22:12:06 2020 -0400
uc-lhcb/pv-finder/model/collectdata_kde_Ellipsoids_29Aug2021.py,Sun Aug 29 18:17:47 2021 -0400
uc-lhcb/pv-finder/model/collectdata_kdeB_Ellipsoids.py,Fri Jan 22 21:09:38 2021 -0500
uc-lhcb/pv-finder/model/collectdata_kde.py,Tue Jul 28 21:25:53 2020 -0400
uc-lhcb/pv-finder/tests/test_jagg.py,Tue Nov 20 23:40:04 2018 +0000
uc-lhcb/pv-finder/notebooks/talks/PlotEachPVPaper.ipynb,Fri Jun 28 12:02:19 2019 -0400
uc-lhcb/pv-finder/notebooks/read_Marians_BastilleDay_file.ipynb,Tue Jul 14 20:08:19 2020 -0400
uc-lhcb/pv-finder/notebooks/PlotEachPVandPOCA-mds_210522.ipynb,Sun May 23 09:40:01 2021 -0400
uc-lhcb/pv-finder/notebooks/MatchTracksToPV.ipynb,Tue Jun 22 16:14:46 2021 +0000
uc-lhcb/pv-finder/notebooks/PlotEachPV.ipynb,Tue Jul 31 07:21:25 2018 -0400
UHH2/JetMass/python/JMS_from_MC.py,Wed Oct 19 18:45:09 2022 +0200
UHH2/JetMass/python/acceptance_efficiency.py,Sun Nov 12 21:06:02 2023 +0100
UHH2/JetMass/python/utils.py,Fri May 20 08:40:36 2022 +0200
UHH2/JetMass/python/pretty_postfit.py,Sun Nov 12 21:06:02 2023 +0100
UHH2/JetMass/python/unfolding_binning.py,Tue Oct 25 10:05:45 2022 +0200
UHH2/JetMass/python/unfolding_plotting.py,Tue Oct 25 10:05:45 2022 +0200
UHH2/JetMass/python/tiny_tree.py,Wed Oct 26 13:41:08 2022 +0200
UHH2/JetMass/python/DDTMapsProcessor.py,Thu May 12 13:38:34 2022 +0200
UHH2/JetMass/python/JetMassTemplateProcessor.py,Thu May 19 15:19:20 2022 +0200
uhh-pd-ml/beyond_kinematics/scripts/eval_ckpt.py,Wed Dec 6 14:54:34 2023 +0100
uhh-pd-ml/beyond_kinematics/scripts/generate_jets.py,Wed Dec 6 14:54:34 2023 +0100
uhh-pd-ml/beyond_kinematics/src/callbacks/jetclass_eval.py,Wed Dec 6 14:54:34 2023 +0100
uhh-pd-ml/beyond_kinematics/src/preprocessing/utils.py,Wed Dec 6 14:54:34 2023 +0100
uhh-pd-ml/beyond_kinematics/src/utils/jet_substructure.py,Wed Dec 6 14:54:34 2023 +0100
UKPLab/nessie/tests/test_methods.py,Sat Jan 29 20:52:09 2022 +0100
UKPLab/nessie/tests/test_task_support_span_labeling.py,Tue Mar 1 23:12:41 2022 +0100
UKPLab/nessie/tests/conftest.py,Wed Feb 2 13:09:44 2022 +0100
UKPLab/nessie/tests/test_models.py,Tue Feb 1 11:24:07 2022 +0100
UKPLab/nessie/tests/test_evaluation.py,Fri Feb 11 20:09:35 2022 +0100
UKPLab/nessie/nessie/helper.py,Sat Feb 12 01:40:06 2022 +0100
UKPLab/nessie/nessie/task_support/span_labeling.py,Tue Mar 1 23:12:41 2022 +0100
UKPLab/nessie/nessie/dataloader.py,Sat Jan 29 20:52:09 2022 +0100
UKPLab/nessie/nessie/models/tagging/maxent_sequence_tagger.py,Tue Feb 1 11:24:07 2022 +0100
UKPLab/nessie/nessie/models/tagging/dummy_sequence_classifier.py,Wed Mar 9 18:35:44 2022 +0100
UKPLab/nessie/nessie/models/tagging/flair_sequence_tagger.py,Tue Feb 1 11:24:07 2022 +0100
UKPLab/nessie/nessie/models/tagging/transformer_sequence_tagger.py,Tue Feb 1 11:24:07 2022 +0100
UKPLab/nessie/nessie/models/tagging/handcrafted_crf_sequence_tagger.py,Tue Feb 1 11:24:07 2022 +0100
UKPLab/nessie/nessie/models/featurizer.py,Tue Feb 1 11:24:07 2022 +0100
UKPLab/nessie/nessie/models/model.py,Tue Feb 1 11:24:07 2022 +0100
UKPLab/nessie/nessie/detectors/variational_principle.py,Wed Feb 2 15:11:39 2022 +0100
UKPLab/nessie/nessie/detectors/datamap_confidence.py,Thu Feb 3 12:10:16 2022 +0100
UKPLab/nessie/nessie/types.py,Sat Jan 29 20:52:09 2022 +0100
UKPLab/nessie/notebooks/methods.ipynb,Thu Mar 10 19:03:44 2022 +0100
UMDCMS/sipmanalyze/scripts/convert/lowlight_txt_to_root.py,Thu Jun 29 14:41:05 2023 +0200
UMDCMS/sipmanalyze/scripts/convert/lumi_txt_to_root.py,Thu Jun 29 14:41:05 2023 +0200
UMDCMS/sipmanalyze/notebooks/luminosity_alignment.ipynb,Thu Jun 29 14:41:05 2023 +0200
UMDCMS/sipmanalyze/notebooks/waveform_inspect.ipynb,Thu Jun 29 14:41:05 2023 +0200
UMDCMS/sipmanalyze/notebooks/afterpulse.ipynb,Thu Jun 29 14:41:05 2023 +0200
UMDCMS/sipmanalyze/src/sipmanalyze/formats/waveform.py,Thu Jun 29 14:41:05 2023 +0200
UMDCMS/sipmanalyze/src/sipmanalyze/formats/histogram_output.py,Mon Feb 5 22:59:50 2024 +0100
UMDCMS/sipmanalyze/src/sipmanalyze/formats/standard.py,Thu Jun 29 14:41:05 2023 +0200
UMDCMS/ControlUI/src/qcmanager/hw/rocv2.py,Fri Mar 15 15:50:50 2024 +0100
UMDCMS/ControlUI/src/qcmanager/procedures/_array_processing.py,Thu Mar 21 16:34:27 2024 +0100
UMDCMS/ControlUI/src/qcmanager/plotting/led_scan_testbeam.py,Thu Mar 21 16:34:27 2024 +0100
UMN-CMS/WrCoffea/data_skim.py,Sun Jul 28 08:45:07 2024 -0500
UMN-CMS/WrCoffea/analyzer.py,Wed May 15 22:10:40 2024 -0500
UMN-CMS/SingleStopCoffea/analyzer/process.py,Mon Jul 24 12:51:41 2023 -0500
UMN-CMS/SingleStopCoffea/analyzer/core/results.py,Mon Feb 26 14:19:05 2024 -0600
UMN-CMS/SingleStopCoffea/analyzer/core/execution.py,Mon Feb 26 14:19:05 2024 -0600
UMN-CMS/SingleStopCoffea/analyzer/core/preprocess.py,Sun Jul 21 09:04:23 2024 -0500
UMN-CMS/SingleStopCoffea/analyzer/modules/gen_parts.py,Mon Jul 24 12:51:41 2023 -0500
UMN-CMS/SingleStopCoffea/analyzer/modules/objects.py,Mon Jul 24 12:51:41 2023 -0500
UMN-CMS/SingleStopCoffea/analyzer/modules/default.py,Mon Mar 11 09:50:01 2024 -0500
UMN-CMS/SingleStopCoffea/analyzer/modules/baseline.py,Mon Jul 24 12:51:41 2023 -0500
UMN-CMS/SingleStopCoffea/analyzer/modules/jets.py,Mon Nov 13 11:36:34 2023 -0600
UMN-CMS/SingleStopCoffea/analyzer/modules/mass_reconstruction.py,Mon Nov 13 11:36:34 2023 -0600
UMN-CMS/SingleStopCoffea/analyzer/modules/categories.py,Tue Jul 25 12:22:40 2023 -0500
UMN-CMS/SingleStopCoffea/analyzer/modules/bquarks.py,Mon Nov 13 11:36:34 2023 -0600
UMN-CMS/SingleStopCoffea/analyzer/modules/basic_hists.py,Mon Jul 24 12:51:41 2023 -0500
UMN-CMS/SingleStopCoffea/analyzer/modules/skims.py,Mon Jul 24 12:51:41 2023 -0500
UMN-CMS/SingleStopCoffea/analyzer/modules/utils.py,Mon Nov 13 11:36:34 2023 -0600
UMN-CMS/SingleStopCoffea/analyzer/modules/weights.py,Wed Jan 17 15:38:51 2024 -0600
UMN-CMS/SingleStopCoffea/analyzer/modules/signal_hists.py,Mon Jul 24 12:51:41 2023 -0500
UMN-CMS/SingleStopCoffea/analyzer/skim.py,Wed Jul 19 10:22:42 2023 -0500
UMN-CMS/SingleStopCoffea/analyzer/matching.py,Mon Jul 10 14:42:54 2023 -0500
UMN-CMS/SingleStopCoffea/analyzer/histogram_builder.py,Mon Jan 15 13:29:17 2024 -0600
UMN-CMS/SingleStopCoffea/analyzer/math_funcs.py,Thu Sep 28 04:26:59 2023 -0500
uniovi-hepex/emeleTrigger/tools/plotter/plotter.py,Fri May 24 13:36:59 2024 +0200
usarica/FNAL-QCDecodingTests/utilities_tf.py,Fri Mar 1 23:00:09 2024 -0800
usatlas/analysis_tests/zee/Zee_demo.ipynb,Wed Feb 14 12:26:23 2024 -0600
usatlas/analysis_tests/simple_reading/uproot/reading_element_links.ipynb,Wed Feb 14 11:09:20 2024 -0600
uttiyasarkar/root2py/docs/example.ipynb,Tue Jan 24 15:18:28 2023 +0100
uttiyasarkar/root2py/src/root2py/root2py.py,Tue Jan 24 15:18:28 2023 +0100
valsdav/MEMFlow/scripts/StudyBoost_and_Spanet.ipynb,Mon Sep 25 15:31:59 2023 +0200
valsdav/MEMFlow/scripts/TestRambo_WhenMC-on-shell.ipynb,Wed Jul 12 15:39:07 2023 +0200
valsdav/MEMFlow/scripts/Plots_for_Regression_huber+mmd_v9.ipynb,Mon Sep 25 09:21:42 2023 +0200
valsdav/MEMFlow/scripts/Study_NoJets.ipynb,Tue Jan 23 13:39:58 2024 +0100
valsdav/MEMFlow/scripts/Plots_Study_weightsForEvents.ipynb,Thu Sep 14 11:13:46 2023 +0200
valsdav/MEMFlow/scripts/Plots_Performance_TransferFlow-Idea3-Conditioned.ipynb,Wed Dec 6 14:22:49 2023 +0100
valsdav/MEMFlow/scripts/utils_orderJetsSpanet.py,Wed Feb 14 11:29:47 2024 +0100
valsdav/MEMFlow/scripts/Plots_Spanet_Analysis.ipynb,Tue Jan 23 13:39:58 2024 +0100
valsdav/MEMFlow/scripts/Plots_Flow_samples_quality.ipynb,Fri Sep 8 15:18:03 2023 +0200
valsdav/MEMFlow/scripts/Plots_for_Regression_labframe_gluonconstraint-2eregr.ipynb,Fri Sep 29 10:56:50 2023 +0200
valsdav/MEMFlow/scripts/Test_NoParamsForDiffArch.ipynb,Thu Jul 13 14:19:21 2023 +0200
valsdav/MEMFlow/scripts/Plots_Performance_TransferFlow-Idea3.ipynb,Tue Dec 5 14:54:36 2023 +0100
valsdav/MEMFlow/scripts/Plots_for_Regression_labframe_gluonconstraint.ipynb,Fri Sep 29 10:56:50 2023 +0200
valsdav/MEMFlow/scripts/Plots_for_Regression_Reweighted.ipynb,Thu Sep 21 01:02:56 2023 +0200
valsdav/MEMFlow/scripts/Plots_Flow_labframe_v1c-sampling.ipynb,Mon Feb 26 13:42:51 2024 +0100
valsdav/MEMFlow/scripts/Plots_for_Regression_labframe_gluonconstraint_v2b_gluon_boostpzscaled.ipynb,Fri Sep 29 10:56:50 2023 +0200
valsdav/MEMFlow/scripts/Plots_for_Regression_huber+mmd_v12c.ipynb,Mon Sep 25 15:31:59 2023 +0200
valsdav/MEMFlow/scripts/Plots_for_Regression_labframe_gluonconstraint_v2_gluon_bootpz_redo5_BEST-noprov.ipynb,Tue Oct 3 15:44:06 2023 +0200
valsdav/MEMFlow/scripts/Plots_Flow_samples_quality_noregression.ipynb,Mon Sep 25 10:19:24 2023 +0200
valsdav/MEMFlow/scripts/Plots_for_Regression_labframe_gluonconstraint-3eregr.ipynb,Fri Sep 29 10:56:50 2023 +0200
valsdav/MEMFlow/scripts/Plots_for_Regression_labframe_gluonconstraint_v1_gluon_dist_boostpzscaled_long.ipynb,Mon Oct 2 12:19:13 2023 +0200
valsdav/MEMFlow/scripts/Plots_for_Regression_labframe_gluonconstraint_v2_gluon_bootpz_redo5_BEST.ipynb,Tue Oct 3 15:44:06 2023 +0200
valsdav/MEMFlow/scripts/utils.py,Mon Jun 5 12:40:09 2023 +0200
valsdav/MEMFlow/scripts/Plots_for_Regression_labframe_nogluonconstraint.ipynb,Fri Sep 29 10:56:50 2023 +0200
valsdav/MEMFlow/scripts/Plots_Performance_TransferFlow.ipynb,Wed Nov 29 14:18:35 2023 +0100
valsdav/MEMFlow/scripts/Plots_for_Regression_labframe_gluonconstraint-8regr.ipynb,Fri Sep 29 10:56:50 2023 +0200
valsdav/MEMFlow/scripts/Plots_for_Regression_labframe_gluonconstraint_v2gluon_boostpzscaled.ipynb,Fri Sep 29 10:56:50 2023 +0200
valsdav/MEMFlow/scripts/Plots_for_Regression_labframe_gluonconstraint_v2_gluon_bootpz_redo5_BEST-withprov.ipynb,Tue Oct 3 15:44:06 2023 +0200
valsdav/MEMFlow/scripts/Plots_for_Regression_and_PhDPresentation.ipynb,Thu Jul 13 14:19:21 2023 +0200
valsdav/MEMFlow/scripts/CheckPSRegressed.ipynb,Mon Feb 26 13:42:51 2024 +0100
valsdav/MEMFlow/scripts/Plots_for_Regression_huber+mmd_v10d.ipynb,Mon Sep 25 09:21:42 2023 +0200
valsdav/MEMFlow/scripts/Plots_for_Regression_and_PhDPresentation-noProv.ipynb,Tue Aug 29 21:52:02 2023 +0200
valsdav/MEMFlow/scripts/Plots_for_Regression_labframe_gluonconstraint_v2b_gluon_boostpzscaled_long.ipynb,Mon Oct 2 12:19:13 2023 +0200
valsdav/MEMFlow/scripts/Plots_Flow_labframe_v3c-sampling.ipynb,Mon Feb 26 13:42:51 2024 +0100
valsdav/MEMFlow/scripts/Plots_For_Clamp.ipynb,Fri Sep 22 17:45:55 2023 +0200
valsdav/MEMFlow/scripts/Plots_for_Regression_labframe_gluonconstraint_v2_gluon_bootpz_redo5.ipynb,Mon Oct 2 12:19:13 2023 +0200
valsdav/MEMFlow/scripts/SamplingTrainingTest.ipynb,Mon Oct 9 22:11:34 2023 +0200
valsdav/MEMFlow/scripts/Plots_Flow.ipynb,Wed Aug 2 17:17:41 2023 +0200
valsdav/MEMFlow/scripts/Plots_for_Regression_CM_v2_spanet.ipynb,Mon Oct 2 12:19:13 2023 +0200
valsdav/MEMFlow/scripts/Plots_Flow_labframe_v3f-sampling-BEST.ipynb,Mon Feb 26 13:42:51 2024 +0100
valsdav/MEMFlow/scripts/Plots_for_Regression_huber+mmd_v10.ipynb,Mon Sep 25 09:21:42 2023 +0200
valsdav/MEMFlow/scripts/PhasespaceRamboRescaling.ipynb,Sat Sep 30 00:41:19 2023 +0200
valsdav/MEMFlow/scripts/Plots_Flow_labframe_v2-auto.ipynb,Tue Oct 3 19:31:24 2023 +0200
valsdav/MEMFlow/scripts/Plots_Flow_labframe_v9-sampling-regr.ipynb,Mon Feb 26 13:42:51 2024 +0100
valsdav/MEMFlow/scripts/Plots_Performance_TransferFlow_paper.ipynb,Tue Dec 5 14:54:36 2023 +0100
valsdav/MEMFlow/memflow/read_data/Dataset_RecoNoBoost_Level.py,Mon Sep 25 14:20:24 2023 +0200
valsdav/MEMFlow/memflow/read_data/utils_orderJetsSpanet.py,Wed Feb 14 11:25:40 2024 +0100
valsdav/MEMFlow/memflow/read_data/Dataset_Parton_Level.py,Tue Mar 21 11:57:01 2023 +0100
valsdav/MEMFlow/memflow/read_data/Dataset_Reco_Level.py,Tue Mar 21 11:57:01 2023 +0100
valsdav/MEMFlow/memflow/read_data/TestDatasetLoader.ipynb,Fri Mar 24 15:57:42 2023 +0100
valsdav/MEMFlow/memflow/read_data/Dataset_PartonNoBoost_Level.py,Mon Sep 25 14:20:24 2023 +0200
valsdav/MEMFlow/memflow/read_data/utils.py,Tue Mar 21 08:11:05 2023 +0100
valsdav/MEMFlow/memflow/unfolding_flow/utils.py,Fri Apr 28 13:08:17 2023 +0200
valsdav/MEMFlow/notebooks/JetPartonFlow.ipynb,Thu Feb 16 11:28:10 2023 +0100
valsdav/MEMFlow/notebooks/UniformPDFsampling.ipynb,Fri Mar 24 10:49:54 2023 +0100
valsdav/MEMFlow/notebooks/conditional_network/PyTorchDNNDatasetLoader.ipynb,Fri Mar 17 14:49:19 2023 +0100
veprbl/dask-awkward/docs/examples/demo-00.ipynb,Thu Oct 7 08:55:51 2021 -0500
veprbl/dask-awkward/tests/test_io.py,Fri May 6 15:02:49 2022 -0400
veprbl/dask-awkward/tests/test_parquet.py,Mon Sep 12 14:19:18 2022 -0500
veprbl/dask-awkward/tests/test_describe.py,Fri May 6 15:02:49 2022 -0400
veprbl/dask-awkward/tests/test_behavior.py,Fri May 6 15:02:49 2022 -0400
veprbl/dask-awkward/tests/test_core.py,Thu Sep 23 13:07:07 2021 -0400
veprbl/dask-awkward/tests/test_utils.py,Wed Nov 10 12:47:18 2021 -0600
veprbl/dask-awkward/tests/test_reducers.py,Fri May 6 15:02:49 2022 -0400
veprbl/dask-awkward/tests/test_getitem.py,Mon Nov 8 22:42:02 2021 -0600
veprbl/dask-awkward/tests/conftest.py,Fri May 6 15:02:49 2022 -0400
veprbl/dask-awkward/tests/test_ufunc.py,Tue Nov 16 20:39:47 2021 -0600
veprbl/dask-awkward/tests/test_layers.py,Tue Sep 27 14:54:21 2022 -0500
veprbl/dask-awkward/tests/test_distributed.py,Tue May 31 09:53:29 2022 -0400
veprbl/dask-awkward/tests/test_optimize.py,Tue Sep 27 14:54:21 2022 -0500
veprbl/dask-awkward/tests/test_structure.py,Fri May 6 15:02:49 2022 -0400
veprbl/dask-awkward/src/dask_awkward/lib/structure.py,Tue Sep 6 13:09:49 2022 -0500
veprbl/dask-awkward/src/dask_awkward/lib/io/scratch.py,Tue Sep 6 13:09:49 2022 -0500
veprbl/dask-awkward/src/dask_awkward/lib/io/parquet.py,Mon Sep 12 14:19:18 2022 -0500
veprbl/dask-awkward/src/dask_awkward/lib/io/io.py,Tue Sep 6 13:09:49 2022 -0500
veprbl/dask-awkward/src/dask_awkward/lib/io/json.py,Tue Sep 6 13:09:49 2022 -0500
veprbl/dask-awkward/src/dask_awkward/lib/reducers.py,Tue Sep 6 13:09:49 2022 -0500
veprbl/dask-awkward/src/dask_awkward/lib/core.py,Tue Sep 6 13:09:49 2022 -0500
veprbl/dask-awkward/src/dask_awkward/lib/__init__.py,Tue Sep 6 13:09:49 2022 -0500
veprbl/dask-awkward/src/dask_awkward/lib/describe.py,Tue Sep 6 13:09:49 2022 -0500
veprbl/dask-awkward/src/dask_awkward/lib/testutils.py,Tue Sep 6 13:09:49 2022 -0500
veprbl/dask-awkward/src/dask_awkward/lib/optimize.py,Tue Sep 6 13:09:49 2022 -0500
veprbl/dask-awkward/src/dask_awkward/utils.py,Tue Nov 2 13:09:30 2021 -0500
veprbl/dask-awkward/src/dask_awkward/layers/__init__.py,Tue Sep 6 13:09:49 2022 -0500
veprbl/dask-awkward/src/dask_awkward/layers/layers.py,Tue Sep 6 13:09:49 2022 -0500
veprbl/dask-awkward/src/dask_awkward/__init__.py,Thu Aug 19 15:51:28 2021 -0400
vincent254-hub/Data-Analysis_Assignment/python/.ipynb_checkpoints/HZZAnalysis-checkpoint.ipynb,Tue Aug 22 12:45:57 2023 +0300
vincent254-hub/Data-Analysis_Assignment/python/HZZAnalysis.py,Tue Aug 22 12:45:57 2023 +0300
vincent254-hub/Data-Analysis_Assignment/python/HZZAnalysis.ipynb,Tue Aug 22 12:45:57 2023 +0300
ViniciusMikuni/OmniLearn/preprocessing/dataloader.py,Tue Apr 23 14:40:44 2024 -0700
ViniciusMikuni/OmniLearn/preprocessing/preprocess_h1.py,Tue Apr 23 14:40:44 2024 -0700
Vioolette/internship_L2_cern/ML_example_analysis_loss=sym.py,Mon Jul 29 16:37:18 2024 +0200
Vioolette/internship_L2_cern/ML_example_analysis_flip.py,Mon Jul 29 16:28:43 2024 +0200
Vioolette/internship_L2_cern/ML_example_analysis_loss=log.py,Mon Jul 29 16:33:32 2024 +0200
Vioolette/internship_L2_cern/analysis_fastjet.py,Mon Jul 29 16:24:24 2024 +0200
Vioolette/internship_L2_cern/ML_example_analysis_fastjet.py,Mon Jul 29 16:26:43 2024 +0200
virusfunk/uproot-browser/src/uproot_browser/plot_mpl.py,Thu Mar 10 15:05:00 2022 -0500
virusfunk/uproot-browser/src/uproot_browser/plot.py,Thu Jan 27 15:45:43 2022 -0500
Vvvvvvvictor/HiggsZGammaAna/HiggsDNA/test/sync.py,Fri Aug 25 05:23:07 2023 +0200
Vvvvvvvictor/HiggsZGammaAna/HiggsDNA/scripts/convert_parquet_to_root.py,Mon Nov 6 19:52:40 2023 +0100
Vvvvvvvictor/HiggsZGammaAna/HiggsDNA/examples/explore.py,Fri Aug 25 05:23:07 2023 +0200
Vvvvvvvictor/HiggsZGammaAna/HiggsDNA/bonus/train_bdt.py,Fri Aug 25 05:23:07 2023 +0200
Vvvvvvvictor/HiggsZGammaAna/HiggsDNA/bonus/derive_btag_sfs.py,Fri Aug 25 05:23:07 2023 +0200
Vvvvvvvictor/HiggsZGammaAna/HiggsDNA/bonus/assess.py,Fri Aug 25 05:23:07 2023 +0200
Vvvvvvvictor/HiggsZGammaAna/HiggsDNA/higgs_dna/samples/sample.py,Fri Aug 25 05:23:07 2023 +0200
Vvvvvvvictor/HiggsZGammaAna/HiggsDNA/higgs_dna/job_management/task.py,Fri Aug 25 05:23:07 2023 +0200
Vvvvvvvictor/HiggsZGammaAna/HiggsDNA/higgs_dna/job_management/managers.py,Fri Aug 25 05:23:07 2023 +0200
Vvvvvvvictor/HiggsZGammaAna/HiggsDNA/higgs_dna/utils/awkward_utils.py,Fri Aug 25 05:23:07 2023 +0200
Vvvvvvvictor/HiggsZGammaAna/HiggsDNA/higgs_dna/analysis.py,Fri Aug 25 05:23:07 2023 +0200
Vvvvvvvictor/HiggsZGammaAna/HiggsDNA/higgs_dna/systematics/jet_systematics.py,Fri Aug 25 05:23:07 2023 +0200
Vvvvvvvictor/HiggsZGammaAna/HiggsDNA/higgs_dna/systematics/lepton_systematics.py,Fri Aug 25 05:23:07 2023 +0200
Vvvvvvvictor/HiggsZGammaAna/HiggsDNA/higgs_dna/systematics/systematic.py,Fri Aug 25 05:23:07 2023 +0200
Vvvvvvvictor/HiggsZGammaAna/HiggsDNA/higgs_dna/systematics/utils.py,Fri Aug 25 05:23:07 2023 +0200
Vvvvvvvictor/HiggsZGammaAna/HiggsDNA/higgs_dna/systematics/photon_systematics.py,Fri Aug 25 05:23:07 2023 +0200
Vvvvvvvictor/HiggsZGammaAna/HiggsDNA/higgs_dna/systematics/pileup_systematics.py,Fri Aug 25 05:23:07 2023 +0200
Vvvvvvvictor/HiggsZGammaAna/HiggsDNA/higgs_dna/systematics/systematics_producer.py,Fri Aug 25 05:23:07 2023 +0200
Vvvvvvvictor/HiggsZGammaAna/HiggsDNA/higgs_dna/taggers/hh_ggtautau_presel_tagger.py,Fri Aug 25 05:23:07 2023 +0200
Vvvvvvvictor/HiggsZGammaAna/HiggsDNA/higgs_dna/taggers/zgamma_tagger_dy.py,Fri Aug 25 05:23:07 2023 +0200
Vvvvvvvictor/HiggsZGammaAna/HiggsDNA/higgs_dna/taggers/tagger.py,Fri Aug 25 05:23:07 2023 +0200
Vvvvvvvictor/HiggsZGammaAna/HiggsDNA/higgs_dna/taggers/tthh_sr_tagger.py,Fri Aug 25 05:23:07 2023 +0200
Vvvvvvvictor/HiggsZGammaAna/HiggsDNA/higgs_dna/taggers/zgamma_tagger_run2.py,Thu Nov 9 12:00:33 2023 +0100
Vvvvvvvictor/HiggsZGammaAna/HiggsDNA/higgs_dna/taggers/tag_sequence.py,Fri Aug 25 05:23:07 2023 +0200
Vvvvvvvictor/HiggsZGammaAna/HiggsDNA/higgs_dna/taggers/duplicated_samples_tagger.py,Fri Aug 25 05:23:07 2023 +0200
Vvvvvvvictor/HiggsZGammaAna/HiggsDNA/higgs_dna/taggers/golden_json_tagger.py,Fri Aug 25 05:23:07 2023 +0200
Vvvvvvvictor/HiggsZGammaAna/HiggsDNA/higgs_dna/taggers/tutorial.py,Fri Aug 25 05:23:07 2023 +0200
Vvvvvvvictor/HiggsZGammaAna/HiggsDNA/higgs_dna/taggers/hh_ggtautau_nonres_sr_tagger.py,Fri Aug 25 05:23:07 2023 +0200
Vvvvvvvictor/HiggsZGammaAna/HiggsDNA/higgs_dna/taggers/zgamma_tagger_data.py,Fri Aug 25 05:23:07 2023 +0200
Vvvvvvvictor/HiggsZGammaAna/HiggsDNA/higgs_dna/taggers/zgamma_tagger_bkgmc.py,Fri Aug 25 05:23:07 2023 +0200
Vvvvvvvictor/HiggsZGammaAna/HiggsDNA/higgs_dna/taggers/zgamma_tagger.py,Fri Aug 25 05:23:07 2023 +0200
Vvvvvvvictor/HiggsZGammaAna/HiggsDNA/higgs_dna/taggers/tthh_presel_tagger.py,Fri Aug 25 05:23:07 2023 +0200
Vvvvvvvictor/HiggsZGammaAna/HiggsDNA/higgs_dna/taggers/tnp_zee_tagger.py,Fri Aug 25 05:23:07 2023 +0200
Vvvvvvvictor/HiggsZGammaAna/HiggsDNA/higgs_dna/taggers/zgamma_tagger_data_run3.py,Fri Aug 25 05:23:07 2023 +0200
Vvvvvvvictor/HiggsZGammaAna/HiggsDNA/higgs_dna/taggers/zgamma_tagger_overlap.py,Fri Aug 25 05:23:07 2023 +0200
Vvvvvvvictor/HiggsZGammaAna/HiggsDNA/higgs_dna/taggers/diphoton_tagger.py,Fri Aug 25 05:23:07 2023 +0200
Vvvvvvvictor/HiggsZGammaAna/HiggsDNA/higgs_dna/taggers/mc_overlap_tagger.py,Mon Feb 19 14:15:36 2024 +0100
Vvvvvvvictor/HiggsZGammaAna/HiggsDNA/higgs_dna/selections/gen_selections.py,Fri Aug 25 05:23:07 2023 +0200
Vvvvvvvictor/HiggsZGammaAna/HiggsDNA/higgs_dna/selections/object_selections.py,Fri Aug 25 05:23:07 2023 +0200
Vvvvvvvictor/HiggsZGammaAna/HiggsDNA/higgs_dna/selections/tau_selections.py,Fri Aug 25 05:23:07 2023 +0200
Vvvvvvvictor/HiggsZGammaAna/HiggsDNA/higgs_dna/selections/lepton_selections.py,Fri Aug 25 05:23:07 2023 +0200
Vvvvvvvictor/HiggsZGammaAna/HiggsDNA/higgs_dna/selections/physics_utils.py,Fri Aug 25 05:23:07 2023 +0200
Vvvvvvvictor/HiggsZGammaAna/HiggsDNA/higgs_dna/selections/jet_selections.py,Fri Aug 25 05:23:07 2023 +0200
Vvvvvvvictor/HiggsZGammaAna/HiggsDNA/higgs_dna/selections/fatjet_selections.py,Fri Aug 25 05:23:07 2023 +0200
Vvvvvvvictor/HiggsZGammaAna/hzgml/scripts/template_fit_model.py,Fri Aug 25 05:23:07 2023 +0200
Vvvvvvvictor/HiggsZGammaAna/hzgml/scripts/apply_weight.py,Fri Aug 25 05:23:07 2023 +0200
Vvvvvvvictor/HiggsZGammaAna/hzgml/scripts/template_fit.py,Fri Aug 25 05:23:07 2023 +0200
Vvvvvvvictor/HiggsZGammaAna/hzgml/scripts/template_fit_eta.py,Fri Aug 25 05:23:07 2023 +0200
Vvvvvvvictor/HiggsDNA/scripts/convert_parquet_to_root.py,Wed Dec 13 11:00:36 2023 +0100
Vvvvvvvictor/HiggsDNA/examples/explore.py,Wed Dec 13 11:00:36 2023 +0100
Vvvvvvvictor/HiggsDNA/bonus/train_bdt.py,Wed Dec 13 11:00:36 2023 +0100
Vvvvvvvictor/HiggsDNA/bonus/derive_btag_sfs.py,Wed Dec 13 11:00:36 2023 +0100
Vvvvvvvictor/HiggsDNA/bonus/assess.py,Wed Dec 13 11:00:36 2023 +0100
Vvvvvvvictor/HiggsDNA/higgs_dna/samples/sample.py,Wed Dec 13 11:00:36 2023 +0100
Vvvvvvvictor/HiggsDNA/higgs_dna/job_management/task.py,Wed Dec 13 11:00:36 2023 +0100
Vvvvvvvictor/HiggsDNA/higgs_dna/job_management/managers.py,Wed Dec 13 11:00:36 2023 +0100
Vvvvvvvictor/HiggsDNA/higgs_dna/utils/awkward_utils.py,Wed Dec 13 11:00:36 2023 +0100
Vvvvvvvictor/HiggsDNA/higgs_dna/analysis.py,Wed Dec 13 11:00:36 2023 +0100
Vvvvvvvictor/HiggsDNA/higgs_dna/systematics/jet_systematics.py,Wed Dec 13 11:00:36 2023 +0100
Vvvvvvvictor/HiggsDNA/higgs_dna/systematics/lepton_systematics.py,Wed Dec 13 11:00:36 2023 +0100
Vvvvvvvictor/HiggsDNA/higgs_dna/systematics/systematic.py,Wed Dec 13 11:00:36 2023 +0100
Vvvvvvvictor/HiggsDNA/higgs_dna/systematics/utils.py,Wed Dec 13 11:00:36 2023 +0100
Vvvvvvvictor/HiggsDNA/higgs_dna/systematics/photon_systematics.py,Wed Dec 13 11:00:36 2023 +0100
Vvvvvvvictor/HiggsDNA/higgs_dna/systematics/pileup_systematics.py,Wed Dec 13 11:00:36 2023 +0100
Vvvvvvvictor/HiggsDNA/higgs_dna/systematics/systematics_producer.py,Wed Dec 13 11:00:36 2023 +0100
Vvvvvvvictor/HiggsDNA/higgs_dna/taggers/hh_ggtautau_presel_tagger.py,Wed Dec 13 11:00:36 2023 +0100
Vvvvvvvictor/HiggsDNA/higgs_dna/taggers/zgamma_tagger_dy.py,Wed Dec 13 11:00:36 2023 +0100
Vvvvvvvictor/HiggsDNA/higgs_dna/taggers/tagger.py,Wed Dec 13 11:00:36 2023 +0100
Vvvvvvvictor/HiggsDNA/higgs_dna/taggers/tthh_sr_tagger.py,Wed Dec 13 11:00:36 2023 +0100
Vvvvvvvictor/HiggsDNA/higgs_dna/taggers/zgamma_tagger_run2.py,Wed Dec 13 11:00:36 2023 +0100
Vvvvvvvictor/HiggsDNA/higgs_dna/taggers/tag_sequence.py,Wed Dec 13 11:00:36 2023 +0100
Vvvvvvvictor/HiggsDNA/higgs_dna/taggers/duplicated_samples_tagger.py,Wed Dec 13 11:00:36 2023 +0100
Vvvvvvvictor/HiggsDNA/higgs_dna/taggers/golden_json_tagger.py,Wed Dec 13 11:00:36 2023 +0100
Vvvvvvvictor/HiggsDNA/higgs_dna/taggers/tutorial.py,Wed Dec 13 11:00:36 2023 +0100
Vvvvvvvictor/HiggsDNA/higgs_dna/taggers/hh_ggtautau_nonres_sr_tagger.py,Wed Dec 13 11:00:36 2023 +0100
Vvvvvvvictor/HiggsDNA/higgs_dna/taggers/zgamma_tagger_data.py,Wed Dec 13 11:00:36 2023 +0100
Vvvvvvvictor/HiggsDNA/higgs_dna/taggers/zgamma_tagger_bkgmc.py,Wed Dec 13 11:00:36 2023 +0100
Vvvvvvvictor/HiggsDNA/higgs_dna/taggers/zgamma_tagger.py,Wed Dec 13 11:00:36 2023 +0100
Vvvvvvvictor/HiggsDNA/higgs_dna/taggers/tthh_presel_tagger.py,Wed Dec 13 11:00:36 2023 +0100
Vvvvvvvictor/HiggsDNA/higgs_dna/taggers/tnp_zee_tagger.py,Wed Dec 13 11:00:36 2023 +0100
Vvvvvvvictor/HiggsDNA/higgs_dna/taggers/zgamma_tagger_data_run3.py,Wed Dec 13 11:00:36 2023 +0100
Vvvvvvvictor/HiggsDNA/higgs_dna/taggers/zgamma_tagger_overlap.py,Wed Dec 13 11:00:36 2023 +0100
Vvvvvvvictor/HiggsDNA/higgs_dna/taggers/diphoton_tagger.py,Wed Dec 13 11:00:36 2023 +0100
Vvvvvvvictor/HiggsDNA/higgs_dna/selections/gen_selections.py,Wed Dec 13 11:00:36 2023 +0100
Vvvvvvvictor/HiggsDNA/higgs_dna/selections/object_selections.py,Wed Dec 13 11:00:36 2023 +0100
Vvvvvvvictor/HiggsDNA/higgs_dna/selections/tau_selections.py,Wed Dec 13 11:00:36 2023 +0100
Vvvvvvvictor/HiggsDNA/higgs_dna/selections/lepton_selections.py,Wed Dec 13 11:00:36 2023 +0100
Vvvvvvvictor/HiggsDNA/higgs_dna/selections/physics_utils.py,Wed Dec 13 11:00:36 2023 +0100
Vvvvvvvictor/HiggsDNA/higgs_dna/selections/jet_selections.py,Wed Dec 13 11:00:36 2023 +0100
Vvvvvvvictor/HiggsDNA/higgs_dna/selections/fatjet_selections.py,Wed Dec 13 11:00:36 2023 +0100
WayScience/software-landscape-analysis/notebooks/cytomining-ecosystem/gather-targeted-package-metrics.ipynb,Wed Nov 15 14:44:50 2023 -0700
WayScience/software-landscape-analysis/notebooks/cytomining-ecosystem/gather-targeted-publication-mentions.py,Tue Nov 14 17:01:51 2023 -0700
WayScience/software-landscape-analysis/notebooks/cytomining-ecosystem/gather-targeted-package-metrics.py,Wed Nov 15 14:44:50 2023 -0700
WayScience/software-landscape-analysis/notebooks/cytomining-ecosystem/gather-targeted-github-data.ipynb,Fri Nov 17 08:00:47 2023 -0700
WayScience/software-landscape-analysis/notebooks/cytomining-ecosystem/gather-targeted-publication-mentions.ipynb,Tue Nov 14 17:01:51 2023 -0700
WayScience/software-landscape-analysis/notebooks/cytomining-ecosystem/gather-targeted-github-data.py,Fri Nov 17 08:00:47 2023 -0700
webithug/OmniLearn_web/preprocessing/dataloader.py,Mon Jul 22 19:07:34 2024 -0500
webithug/OmniLearn_web/preprocessing/preprocess_h1.py,Mon Jul 22 19:07:34 2024 -0500
WilliamHirst/MasterThesis/Codebase/Scripts/ATLASOpenData/13TeV/convertNTUPtoHDF5.py,Fri Mar 31 11:30:12 2023 +0200
WilliamKorcari/fgsim/fgsim/geo/HGCalShowers.py,Tue May 25 12:28:56 2021 +0200
WilliamKorcari/fgsim/fgsim/geo/loader.py,Mon Apr 12 16:30:50 2021 +0200
WilliamKorcari/fgsim/fgsim/geo/mapper.py,Wed Dec 23 11:27:38 2020 +0100
WilliamKorcari/fgsim/fgsim/geo/mapback.py,Wed Jan 27 11:23:49 2021 +0100
WilliamKorcari/fgsim/fgsim/data_loader.py,Sun Dec 27 16:12:21 2020 +0100
WilliamKorcari/fgsim/fgsim/data_dumper.py,Sun Dec 27 16:12:21 2020 +0100
woywoy123/AnalysisG/test/kevin-hists/.ipynb_checkpoints/sample_weighting-checkpoint.ipynb,Thu Jul 4 05:27:03 2024 +1000
woywoy123/AnalysisG/test/kevin-hists/.ipynb_checkpoints/test-checkpoint.ipynb,Thu Jul 4 05:27:03 2024 +1000
woywoy123/AnalysisG/test/kevin-hists/.ipynb_checkpoints/weight_test-checkpoint.ipynb,Thu Jul 4 05:27:03 2024 +1000
woywoy123/AnalysisG/test/kevin-hists/.ipynb_checkpoints/test_merged-checkpoint.ipynb,Thu Jul 4 05:27:03 2024 +1000
woywoy123/AnalysisG/test/kevin-hists/.ipynb_checkpoints/sample_weighting_bak-checkpoint.ipynb,Thu Jul 4 05:27:03 2024 +1000
woywoy123/AnalysisG/test/kevin-hists/test.ipynb,Thu Jul 4 05:27:03 2024 +1000
woywoy123/AnalysisG/test/kevin-hists/test_merged.ipynb,Thu Jul 4 05:27:03 2024 +1000
woywoy123/AnalysisG/test/kevin-hists/sample_weighting_bak.ipynb,Thu Jul 4 05:27:03 2024 +1000
woywoy123/AnalysisG/test/kevin-hists/sample_weighting.ipynb,Thu Jul 4 05:27:03 2024 +1000
woywoy123/AnalysisG/test/kevin-hists/weight_test.ipynb,Thu Jul 4 05:27:03 2024 +1000
wtfnukee/uproot5/tests/test_0643-reading-vector-pair-TLorentzVector-int.py,Thu Aug 11 21:12:46 2022 +0000
wtfnukee/uproot5/tests/test_0498-create-leaf-branch-in-extend.py,Fri Nov 5 17:51:03 2021 +0000
wtfnukee/uproot5/tests/test_0018-array-fetching-interface.py,Tue Jun 2 19:23:49 2020 -0500
wtfnukee/uproot5/tests/test_0755-dask-awkward-column-projection.py,Thu Oct 20 15:04:58 2022 +0000
wtfnukee/uproot5/tests/test_0126-turn-unknown-emptyarrays-into-known-types.py,Fri Nov 20 14:46:55 2020 -0600
wtfnukee/uproot5/tests/test_0034-generic-objects-in-ttrees.py,Wed Jul 1 22:54:07 2020 -0500
wtfnukee/uproot5/tests/test_0118-fix-name-fetch-again.py,Sat Sep 26 17:39:04 2020 -0500
wtfnukee/uproot5/tests/test_0053-parents-should-not-be-bases.py,Sun Jul 19 20:08:52 2020 -0500
wtfnukee/uproot5/tests/test_0044-concatenate-function.py,Tue Jul 7 13:33:34 2020 -0500
wtfnukee/uproot5/tests/test_0662-rntuple-stl-containers.py,Thu Aug 18 17:01:34 2022 -0400
wtfnukee/uproot5/tests/test_0610-awkward-form.py,Thu Sep 8 11:29:30 2022 +0530
wtfnukee/uproot5/tests/test_0442-regular-TClonesArray.py,Mon Sep 20 15:09:59 2021 -0400
wtfnukee/uproot5/tests/test_0414-write-jagged-arrays.py,Thu Aug 19 18:38:46 2021 +0000
wtfnukee/uproot5/tests/test_0303-empty-jagged-array.py,Fri Mar 12 13:11:32 2021 -0600
wtfnukee/uproot5/tests/test_0652_dask-for-awkward.py,Thu Aug 11 10:47:41 2022 +0530
wtfnukee/uproot5/tests/test_0033-more-interpretations-2.py,Fri Jun 26 19:51:54 2020 -0500
wtfnukee/uproot5/tests/test_0700-dask-empty-arrays.py,Fri Sep 2 21:54:00 2022 +0530
wtfnukee/uproot5/src/uproot/streamers.py,Wed Mar 31 14:34:32 2021 -0500
wtfnukee/uproot5/src/uproot/writing/_cascadetree.py,Thu Aug 19 21:04:38 2021 +0000
wtfnukee/uproot5/src/uproot/writing/identify.py,Thu Aug 19 21:04:38 2021 +0000
wtfnukee/uproot5/src/uproot/models/TAtt.py,Wed Mar 31 14:34:32 2021 -0500
wtfnukee/uproot5/src/uproot/models/TGraph.py,Wed May 5 20:45:35 2021 +0000
wtfnukee/uproot5/src/uproot/models/RNTuple.py,Wed Mar 31 14:34:32 2021 -0500
wtfnukee/uproot5/src/uproot/models/TH.py,Wed May 5 20:45:35 2021 +0000
wtfnukee/uproot5/src/uproot/extras.py,Wed Mar 31 14:34:32 2021 -0500
wtfnukee/uproot5/src/uproot/interpretation/objects.py,Wed Mar 31 14:34:32 2021 -0500
wtfnukee/uproot5/src/uproot/interpretation/strings.py,Wed Mar 31 14:34:32 2021 -0500
wtfnukee/uproot5/src/uproot/interpretation/library.py,Wed Mar 31 14:34:32 2021 -0500
XENONnT/fuse/fuse/plugins/micro_physics/wfsim_connection.py,Wed Apr 26 09:03:33 2023 +0200
XENONnT/fuse/fuse/plugins/micro_physics/input.py,Wed Apr 26 09:03:33 2023 +0200
XENONnT/fuse/fuse/common.py,Wed Apr 26 09:03:33 2023 +0200
XENONnT/fuse/tests/test_common_functions.py,Thu May 16 09:19:29 2024 +0200
XENONnT/epix/epix/brem_cluster.py,Wed Sep 13 11:01:09 2023 +0200
XENONnT/epix/epix/run_epix.py,Wed Mar 24 10:37:27 2021 +0100
XENONnT/epix/epix/io.py,Wed Dec 9 09:33:59 2020 -0600
XENONnT/epix/epix/clustering.py,Wed Dec 9 09:33:59 2020 -0600
XENONnT/epix/epix/detector_volumes.py,Wed Dec 9 09:33:59 2020 -0600
XENONnT/epix/epix/common.py,Wed Dec 9 09:33:59 2020 -0600
XENONnT/epix/epix/betadecay_cluster.py,Wed Sep 13 11:01:09 2023 +0200
yimuchen/SiPMCalibControl/src/gantry_control/gui_server/view/plot_detector.py,Thu Feb 15 14:50:54 2024 +0100
yimuchen/SiPMCalibControl/src/gantry_control/tbc/tbc.py,Thu Feb 15 14:50:54 2024 +0100
yimuchen/SiPMCalibControl/src/gantry_control/tbc/rocv2.py,Thu Feb 15 14:50:54 2024 +0100
yimuchen/gui_example/src/qcmanager/hw/rocv2.py,Fri Mar 15 15:50:50 2024 +0100
yimuchen/gui_example/src/qcmanager/procedures/_array_processing.py,Thu Mar 21 16:34:27 2024 +0100
yimuchen/gui_example/src/qcmanager/plotting/led_scan_testbeam.py,Thu Mar 21 16:34:27 2024 +0100
yoctoyotta1024/CLEO/examples/boxmodelcollisions/breakup.py,Sun Jun 16 08:58:46 2024 +0200
yoctoyotta1024/CLEO/examples/exampleplotting/exampleplotting.py,Sun Nov 26 22:01:35 2023 +0100
yoctoyotta1024/CLEO/examples/exampleplotting/plotssrc/shima2009fig.py,Fri Nov 17 17:13:36 2023 +0100
yoctoyotta1024/CLEO/pySD/sdmout_src/pyzarr.py,Mon Nov 20 17:10:11 2023 +0100
yoctoyotta1024/CLEO/pySD/sdmout_src/sdtracing.py,Mon Nov 20 17:10:11 2023 +0100
yoctoyotta1024/CLEO/pySD/sdmout_src/supersdata.py,Mon Nov 20 17:10:11 2023 +0100
YonsiG/XtoYH_pNN_ggbb/scripts/pNNchecks.ipynb,Sat Aug 5 05:55:24 2023 -0700
yszhang95/PIAnalysis/python/analysis.py,Mon Nov 20 09:14:56 2023 -0500
yuliia-maidannyk/tth_labbook/docs/correct_vs_wrong_1105.ipynb,Thu May 11 14:50:33 2023 +0200
yuliia-maidannyk/tth_labbook/docs/efficiencies-0504.ipynb,Thu May 11 14:50:33 2023 +0200
yuliia-maidannyk/tth_labbook/docs/.ipynb_checkpoints/efficiencies-0504-checkpoint.ipynb,Thu May 11 14:50:33 2023 +0200
yuliia-maidannyk/tth_labbook/docs/.ipynb_checkpoints/plots_v5_matched-checkpoint.ipynb,Wed Mar 29 15:29:32 2023 +0200
yuliia-maidannyk/tth_labbook/docs/InitialPlots.ipynb,Thu May 11 14:50:33 2023 +0200
yuliia-maidannyk/tth_labbook/docs/predicted_vs_true.ipynb,Thu May 11 14:50:33 2023 +0200
yuliia-maidannyk/tth_labbook/docs/JetTagging_InitialPlots.ipynb,Wed Mar 29 17:08:50 2023 +0200
yuliia-maidannyk/tth_labbook/docs/efficiencies-0505.ipynb,Thu May 11 14:50:33 2023 +0200
yuliia-maidannyk/tth_labbook/docs/efficiencies.ipynb,Tue Apr 4 22:15:13 2023 +0200
yuliia-maidannyk/tth_labbook/docs/correct_vs_wrong.ipynb,Tue Apr 4 22:15:13 2023 +0200
yuliia-maidannyk/tth_labbook/docs/nb1005.ipynb,Thu May 11 14:50:33 2023 +0200
yuliia-maidannyk/tth_labbook/docs/nb0504.ipynb,Thu May 11 14:50:33 2023 +0200
yuliia-maidannyk/tth_labbook/.ipynb_checkpoints/plots_v5_matched-checkpoint.ipynb,Wed Mar 29 15:23:15 2023 +0200
yuliia-maidannyk/tth_labbook/_build/jupyter_execute/docs/correct_vs_wrong_1105.ipynb,Thu May 11 14:50:33 2023 +0200
yuliia-maidannyk/tth_labbook/_build/jupyter_execute/docs/efficiencies-0504.ipynb,Thu May 11 14:50:33 2023 +0200
yuliia-maidannyk/tth_labbook/_build/jupyter_execute/docs/InitialPlots.ipynb,Thu May 11 14:50:33 2023 +0200
yuliia-maidannyk/tth_labbook/_build/jupyter_execute/docs/predicted_vs_true.ipynb,Thu May 11 14:50:33 2023 +0200
yuliia-maidannyk/tth_labbook/_build/jupyter_execute/docs/JetTagging_InitialPlots.ipynb,Wed Mar 29 17:10:44 2023 +0200
yuliia-maidannyk/tth_labbook/_build/jupyter_execute/docs/efficiencies-0505.ipynb,Thu May 11 14:50:33 2023 +0200
yuliia-maidannyk/tth_labbook/_build/jupyter_execute/docs/efficiencies.ipynb,Tue Apr 4 22:15:13 2023 +0200
yuliia-maidannyk/tth_labbook/_build/jupyter_execute/docs/correct_vs_wrong.ipynb,Tue Apr 4 22:15:13 2023 +0200
yuliia-maidannyk/tth_labbook/_build/jupyter_execute/docs/plots_v5_matched.ipynb,Wed Mar 29 15:23:15 2023 +0200
yuliia-maidannyk/tth_labbook/_build/jupyter_execute/docs/nb1005.ipynb,Thu May 11 14:50:33 2023 +0200
yuliia-maidannyk/tth_labbook/_build/jupyter_execute/docs/nb0504.ipynb,Thu May 11 14:50:33 2023 +0200
yuliia-maidannyk/tth_labbook/_build/jupyter_execute/plots_v5_matched.ipynb,Wed Mar 29 14:40:48 2023 +0200
yuliia-maidannyk/tth_labbook/_build/html/_sources/docs/correct_vs_wrong_1105.ipynb,Thu May 11 14:50:33 2023 +0200
yuliia-maidannyk/tth_labbook/_build/html/_sources/docs/efficiencies-0504.ipynb,Thu May 11 14:50:33 2023 +0200
yuliia-maidannyk/tth_labbook/_build/html/_sources/docs/InitialPlots.ipynb,Thu May 11 14:50:33 2023 +0200
yuliia-maidannyk/tth_labbook/_build/html/_sources/docs/predicted_vs_true.ipynb,Thu May 11 14:50:33 2023 +0200
yuliia-maidannyk/tth_labbook/_build/html/_sources/docs/JetTagging_InitialPlots.ipynb,Wed Mar 29 17:10:44 2023 +0200
yuliia-maidannyk/tth_labbook/_build/html/_sources/docs/efficiencies-0505.ipynb,Thu May 11 14:50:33 2023 +0200
yuliia-maidannyk/tth_labbook/_build/html/_sources/docs/efficiencies.ipynb,Tue Apr 4 22:15:13 2023 +0200
yuliia-maidannyk/tth_labbook/_build/html/_sources/docs/correct_vs_wrong.ipynb,Tue Apr 4 22:15:13 2023 +0200
yuliia-maidannyk/tth_labbook/_build/html/_sources/docs/plots_v5_matched.ipynb,Wed Mar 29 15:23:15 2023 +0200
yuliia-maidannyk/tth_labbook/_build/html/_sources/docs/nb1005.ipynb,Thu May 11 14:50:33 2023 +0200
yuliia-maidannyk/tth_labbook/_build/html/_sources/docs/nb0504.ipynb,Thu May 11 14:50:33 2023 +0200
yuliia-maidannyk/tth_labbook/_build/html/_sources/plots_v5_matched.ipynb,Wed Mar 29 14:40:48 2023 +0200
Yusuf-Manjra/acts-tutorial/Examples/Scripts/generic_plotter.py,Tue Sep 6 12:19:13 2022 +0000
Yusuf-Manjra/acts-tutorial/Examples/Python/tests/helpers/hash_root.py,Tue Oct 26 12:51:01 2021 +0200
zamurda/dune_classification/scripts/uproot_io.py,Sat Dec 24 18:13:51 2022 +0000
zbilodea/pyhep2024-hepconvert/hepconvert_features.ipynb,Mon Jul 1 11:40:26 2024 +0200
zebingwang/HiggsZGammaAna/SSTest/utils.py,Wed Aug 30 08:48:37 2023 +0200
zebingwang/HiggsZGammaAna/HiggsDNA/test/sync.py,Fri Aug 25 05:23:07 2023 +0200
zebingwang/HiggsZGammaAna/HiggsDNA/examples/explore.py,Fri Aug 25 05:23:07 2023 +0200
zebingwang/HiggsZGammaAna/HiggsDNA/bonus/train_bdt.py,Fri Aug 25 05:23:07 2023 +0200
zebingwang/HiggsZGammaAna/HiggsDNA/bonus/derive_btag_sfs.py,Fri Aug 25 05:23:07 2023 +0200
zebingwang/HiggsZGammaAna/HiggsDNA/bonus/assess.py,Fri Aug 25 05:23:07 2023 +0200
zebingwang/HiggsZGammaAna/HiggsDNA/higgs_dna/samples/sample.py,Fri Aug 25 05:23:07 2023 +0200
zebingwang/HiggsZGammaAna/HiggsDNA/higgs_dna/job_management/task.py,Fri Aug 25 05:23:07 2023 +0200
zebingwang/HiggsZGammaAna/HiggsDNA/higgs_dna/job_management/managers.py,Fri Aug 25 05:23:07 2023 +0200
zebingwang/HiggsZGammaAna/HiggsDNA/higgs_dna/utils/awkward_utils.py,Fri Aug 25 05:23:07 2023 +0200
zebingwang/HiggsZGammaAna/HiggsDNA/higgs_dna/analysis.py,Fri Aug 25 05:23:07 2023 +0200
zebingwang/HiggsZGammaAna/HiggsDNA/higgs_dna/systematics/jet_systematics.py,Fri Aug 25 05:23:07 2023 +0200
zebingwang/HiggsZGammaAna/HiggsDNA/higgs_dna/systematics/lepton_systematics.py,Fri Aug 25 05:23:07 2023 +0200
zebingwang/HiggsZGammaAna/HiggsDNA/higgs_dna/systematics/systematic.py,Fri Aug 25 05:23:07 2023 +0200
zebingwang/HiggsZGammaAna/HiggsDNA/higgs_dna/systematics/utils.py,Fri Aug 25 05:23:07 2023 +0200
zebingwang/HiggsZGammaAna/HiggsDNA/higgs_dna/systematics/photon_systematics.py,Fri Aug 25 05:23:07 2023 +0200
zebingwang/HiggsZGammaAna/HiggsDNA/higgs_dna/systematics/pileup_systematics.py,Fri Aug 25 05:23:07 2023 +0200
zebingwang/HiggsZGammaAna/HiggsDNA/higgs_dna/systematics/systematics_producer.py,Fri Aug 25 05:23:07 2023 +0200
zebingwang/HiggsZGammaAna/HiggsDNA/higgs_dna/taggers/hh_ggtautau_presel_tagger.py,Fri Aug 25 05:23:07 2023 +0200
zebingwang/HiggsZGammaAna/HiggsDNA/higgs_dna/taggers/zgamma_tagger_dy.py,Fri Aug 25 05:23:07 2023 +0200
zebingwang/HiggsZGammaAna/HiggsDNA/higgs_dna/taggers/tagger.py,Fri Aug 25 05:23:07 2023 +0200
zebingwang/HiggsZGammaAna/HiggsDNA/higgs_dna/taggers/tthh_sr_tagger.py,Fri Aug 25 05:23:07 2023 +0200
zebingwang/HiggsZGammaAna/HiggsDNA/higgs_dna/taggers/tag_sequence.py,Fri Aug 25 05:23:07 2023 +0200
zebingwang/HiggsZGammaAna/HiggsDNA/higgs_dna/taggers/duplicated_samples_tagger.py,Fri Aug 25 05:23:07 2023 +0200
zebingwang/HiggsZGammaAna/HiggsDNA/higgs_dna/taggers/golden_json_tagger.py,Fri Aug 25 05:23:07 2023 +0200
zebingwang/HiggsZGammaAna/HiggsDNA/higgs_dna/taggers/tutorial.py,Fri Aug 25 05:23:07 2023 +0200
zebingwang/HiggsZGammaAna/HiggsDNA/higgs_dna/taggers/hh_ggtautau_nonres_sr_tagger.py,Fri Aug 25 05:23:07 2023 +0200
zebingwang/HiggsZGammaAna/HiggsDNA/higgs_dna/taggers/zgamma_tagger_data.py,Fri Aug 25 05:23:07 2023 +0200
zebingwang/HiggsZGammaAna/HiggsDNA/higgs_dna/taggers/zgamma_tagger_bkgmc.py,Fri Aug 25 05:23:07 2023 +0200
zebingwang/HiggsZGammaAna/HiggsDNA/higgs_dna/taggers/zgamma_tagger.py,Fri Aug 25 05:23:07 2023 +0200
zebingwang/HiggsZGammaAna/HiggsDNA/higgs_dna/taggers/tthh_presel_tagger.py,Fri Aug 25 05:23:07 2023 +0200
zebingwang/HiggsZGammaAna/HiggsDNA/higgs_dna/taggers/tnp_zee_tagger.py,Fri Aug 25 05:23:07 2023 +0200
zebingwang/HiggsZGammaAna/HiggsDNA/higgs_dna/taggers/zgamma_tagger_data_run3.py,Fri Aug 25 05:23:07 2023 +0200
zebingwang/HiggsZGammaAna/HiggsDNA/higgs_dna/taggers/zgamma_tagger_overlap.py,Fri Aug 25 05:23:07 2023 +0200
zebingwang/HiggsZGammaAna/HiggsDNA/higgs_dna/taggers/diphoton_tagger.py,Fri Aug 25 05:23:07 2023 +0200
zebingwang/HiggsZGammaAna/HiggsDNA/higgs_dna/selections/gen_selections.py,Fri Aug 25 05:23:07 2023 +0200
zebingwang/HiggsZGammaAna/HiggsDNA/higgs_dna/selections/object_selections.py,Fri Aug 25 05:23:07 2023 +0200
zebingwang/HiggsZGammaAna/HiggsDNA/higgs_dna/selections/tau_selections.py,Fri Aug 25 05:23:07 2023 +0200
zebingwang/HiggsZGammaAna/HiggsDNA/higgs_dna/selections/lepton_selections.py,Fri Aug 25 05:23:07 2023 +0200
zebingwang/HiggsZGammaAna/HiggsDNA/higgs_dna/selections/physics_utils.py,Fri Aug 25 05:23:07 2023 +0200
zebingwang/HiggsZGammaAna/HiggsDNA/higgs_dna/selections/jet_selections.py,Fri Aug 25 05:23:07 2023 +0200
zebingwang/HiggsZGammaAna/HiggsDNA/higgs_dna/selections/fatjet_selections.py,Fri Aug 25 05:23:07 2023 +0200
zebingwang/HiggsZGammaAna/plot_python/pic_template.py,Sun Aug 27 13:33:34 2023 +0200
zebingwang/HiggsZGammaAna/hzgml/scripts/template_fit_model.py,Fri Aug 25 05:23:07 2023 +0200
zebingwang/HiggsZGammaAna/hzgml/scripts/apply_weight.py,Fri Aug 25 05:23:07 2023 +0200
zebingwang/HiggsZGammaAna/hzgml/scripts/template_fit.py,Fri Aug 25 05:23:07 2023 +0200
zebingwang/HiggsZGammaAna/hzgml/scripts/template_fit_eta.py,Fri Aug 25 05:23:07 2023 +0200
Zstone19/TempMap/Examples/RealData_Tutorial.ipynb,Thu Sep 29 20:08:10 2022 -0500
Zstone19/TempMap/Examples/ArbitrarilySampledData_Tutorial.ipynb,Mon Oct 10 20:31:00 2022 -0500
Zstone19/TempMap/Examples/SimData_Tutorial.ipynb,Thu Sep 29 20:08:10 2022 -0500
Zstone19/TempMap/src/temp_map/algorithm.py,Sun Apr 16 20:17:20 2023 -0500
Zstone19/TempMap/src/temp_map/run.py,Sun Apr 16 20:17:20 2023 -0500
